TaskType, TaskCodeSize, TaskDataSize,TaskType, TaskCodeSize, TaskDataSize,TaskType, TaskCodeSize, TaskDataSize,TaskType, TaskCodeSize, TaskDataSize,TaskType, TaskCodeSize, TaskDataSize,TaskType, TaskCodeSize, TaskDataSize,TaskType, TaskCodeSize, TaskDataSize,TaskType, TaskCodeSize, TaskDataSize,TaskType, TaskCodeSize, TaskDataSize,TaskType, TaskCodeSize, TaskDataSize,TaskType, TaskCodeSize, TaskDataSize,TaskType, TaskCodeSize, TaskDataSize,TaskType, TaskCodeSize, TaskDataSize,TaskType, TaskCodeSize, TaskDataSize,TaskType, TaskCodeSize, TaskDataSize,TaskType, TaskCodeSize, TaskDataSize,TaskType, TaskCodeSize, TaskDataSize,TaskType, TaskCodeSize, TaskDataSize,TaskType, TaskCodeSize, TaskDataSize,TaskType, TaskCodeSize, TaskDataSize,TaskType, TaskCodeSize, TaskDataSize,TaskType, TaskCodeSize, TaskDataSize,TaskType, TaskCodeSize, TaskDataSize,TaskType, TaskCodeSize, TaskDataSize,TaskType, TaskCodeSize, TaskDataSize,TaskType, TaskCodeSize, TaskDataSize,TaskType, TaskCodeSize, TaskDataSize,TaskType, TaskCodeSize, TaskDataSize,TaskType, TaskCodeSize, TaskDataSize,TaskType, TaskCodeSize, TaskDataSize,TaskType, TaskCodeSize, TaskDataSize,TaskType, TaskCodeSize, TaskDataSize,TaskType, TaskCodeSize, TaskDataSize,TaskType, TaskCodeSize, TaskDataSize,TaskType, TaskCodeSize, TaskDataSize,TaskType, TaskCodeSize, TaskDataSize,TaskType, TaskCodeSize, TaskDataSize,TaskType, TaskCodeSize, TaskDataSize,TaskType, TaskCodeSize, TaskDataSize,TaskType, TaskCodeSize, TaskDataSize,TaskType, TaskCodeSize, TaskDataSize,TaskType, TaskCodeSize, TaskDataSize,TaskType, TaskCodeSize, TaskDataSize,TaskType, TaskCodeSize, TaskDataSize,TaskType, TaskCodeSize, TaskDataSize,TaskType, TaskCodeSize, TaskDataSize,TaskType, TaskCodeSize, TaskDataSize,TaskType, TaskCodeSize, TaskDataSize,TaskType, TaskCodeSize, TaskDataSize,TaskType, TaskCodeSize, TaskDataSize,TaskType, TaskCodeSize, TaskDataSize,TaskType, TaskCodeSize, TaskDataSize,TaskType, TaskCodeSize, TaskDataSize,TaskType, TaskCodeSize, TaskDataSize,TaskType, TaskCodeSize, TaskDataSize,TaskType, TaskCodeSize, TaskDataSize,TaskType, TaskCodeSize, TaskDataSize,TaskType, TaskCodeSize, TaskDataSize,TaskType, TaskCodeSize, TaskDataSize,TaskType, TaskCodeSize, TaskDataSize,TaskType, TaskCodeSize, TaskDataSize,TaskType, TaskCodeSize, TaskDataSize,TaskType, TaskCodeSize, TaskDataSize,TaskType, TaskCodeSize, TaskDataSize,TaskType, TaskCodeSize, TaskDataSize,TaskType, TaskCodeSize, TaskDataSize,TaskType, TaskCodeSize, TaskDataSize,TaskType, TaskCodeSize, TaskDataSize,TaskType, TaskCodeSize, TaskDataSize,TaskType, TaskCodeSize, TaskDataSize,TaskType, TaskCodeSize, TaskDataSize,TaskType, TaskCodeSize, TaskDataSize,TaskType, TaskCodeSize, TaskDataSize,TaskType, TaskCodeSize, TaskDataSize,TaskType, TaskCodeSize, TaskDataSize,TaskType, TaskCodeSize, TaskDataSize,TaskType, TaskCodeSize, TaskDataSize,TaskType, TaskCodeSize, TaskDataSize,TaskType, TaskCodeSize, TaskDataSize,TaskType, TaskCodeSize, TaskDataSize,TaskType, TaskCodeSize, TaskDataSize,TaskType, TaskCodeSize, TaskDataSize,TaskType, TaskCodeSize, TaskDataSize,TaskType, TaskCodeSize, TaskDataSize,TaskType, TaskCodeSize, TaskDataSize,TaskType, TaskCodeSize, TaskDataSize,TaskType, TaskCodeSize, TaskDataSize,TaskType, TaskCodeSize, TaskDataSize,TaskType, TaskCodeSize, TaskDataSize,TaskType, TaskCodeSize, TaskDataSize,TaskType, TaskCodeSize, TaskDataSize,TaskType, TaskCodeSize, TaskDataSize,TaskType, TaskCodeSize, TaskDataSize,TaskType, TaskCodeSize, TaskDataSize,TaskType, TaskCodeSize, TaskDataSize,TaskType, TaskCodeSize, TaskDataSize,TaskType, TaskCodeSize, TaskDataSize,TaskType, TaskCodeSize, TaskDataSize,TaskType, TaskCodeSize, TaskDataSize,TaskType, TaskCodeSize, TaskDataSize,TaskType, TaskCodeSize, TaskDataSize,TaskType, TaskCodeSize, TaskDataSize,TaskType, TaskCodeSize, TaskDataSize,TaskType, TaskCodeSize, TaskDataSize,TaskType, TaskCodeSize, TaskDataSize,TaskType, TaskCodeSize, TaskDataSize,TaskType, TaskCodeSize, TaskDataSize,TaskType, TaskCodeSize, TaskDataSize,TaskType, TaskCodeSize, TaskDataSize,TaskType, TaskCodeSize, TaskDataSize,TaskType, TaskCodeSize, TaskDataSize,TaskType, TaskCodeSize, TaskDataSize,TaskType, TaskCodeSize, TaskDataSize,TaskType, TaskCodeSize, TaskDataSize,TaskType, TaskCodeSize, TaskDataSize,TaskType, TaskCodeSize, TaskDataSize,TaskType, TaskCodeSize, TaskDataSize,TaskType, TaskCodeSize, TaskDataSize,TaskType, TaskCodeSize, TaskDataSize,TaskType, TaskCodeSize, TaskDataSize,TaskType, TaskCodeSize, TaskDataSize,TaskType, TaskCodeSize, TaskDataSize,TaskType, TaskCodeSize, TaskDataSize,TaskType, TaskCodeSize, TaskDataSize,TaskType, TaskCodeSize, TaskDataSize,TaskType, TaskCodeSize, TaskDataSize,TaskType, TaskCodeSize, TaskDataSize,TaskType, TaskCodeSize, TaskDataSize,TaskType, TaskCodeSize, TaskDataSize,TaskType, TaskCodeSize, TaskDataSize, Resource_Id, Resource_Id, Resource_Id, Resource_Id, Resource_Id, Resource_Id, Resource_Id, Resource_Id, Resource_Id, Resource_Id, Resource_Id, Resource_Id, Resource_Id, Resource_Id, Resource_Id, Resource_Id, Resource_Id, Resource_Id, Resource_Id, Resource_Id, Resource_Id, Resource_Id, Resource_Id, Resource_Id, Resource_Id, Resource_Id, Resource_Id, Resource_Id, Resource_Id, Resource_Id, Resource_Id, Resource_Id, Resource_Id, Resource_Id, Resource_Id, Resource_Id, Resource_Id, Resource_Id, Resource_Id, Resource_Id, Resource_Id, Resource_Id, Resource_Id, Resource_Id, Resource_Id, Resource_Id, Resource_Id, Resource_Id, Resource_Id, Resource_Id, Resource_Id, Resource_Id, Resource_Id, Resource_Id, Resource_Id, Resource_Id, Resource_Id, Resource_Id, Resource_Id, Resource_Id, Resource_Id, Resource_Id, Resource_Id, Resource_Id, Resource_Id, Resource_Id, Resource_Id, Resource_Id, Resource_Id, Resource_Id, Resource_Id, Resource_Id, Resource_Id, Resource_Id, Resource_Id, Resource_Id, Resource_Id, Resource_Id, Resource_Id, Resource_Id, Resource_Id, Resource_Id, Resource_Id, Resource_Id, Resource_Id, Resource_Id, Resource_Id, Resource_Id, Resource_Id, Resource_Id, Resource_Id, Resource_Id, Resource_Id, Resource_Id, Resource_Id, Resource_Id, Resource_Id, Resource_Id, Resource_Id, Resource_Id, Resource_Id, Resource_Id, Resource_Id, Resource_Id, Resource_Id, Resource_Id, Resource_Id, Resource_Id, Resource_Id, Resource_Id, Resource_Id, Resource_Id, Resource_Id, Resource_Id, Resource_Id, Resource_Id, Resource_Id, Resource_Id, Resource_Id, Resource_Id, Resource_Id, Resource_Id, Resource_Id, Resource_Id, Resource_Id, Resource_Id, Resource_Id, Resource_Id, Resource_Id, Resource_Id,
0, 10, 1000, 1, 12, 500, 0, 10, 1000, 0, 10, 1000, 1, 12, 500, 0, 10, 1000, 1, 12, 500, 0, 10, 1000, 1, 12, 500, 1, 12, 500, 0, 10, 1000, 0, 10, 1000, 1, 12, 500, 0, 10, 1000, 1, 12, 500, 0, 10, 1000, 0, 10, 1000, 0, 10, 1000, 0, 10, 1000, 0, 10, 1000, 1, 12, 500, 1, 12, 500, 1, 12, 500, 1, 12, 500, 0, 10, 1000, 0, 10, 1000, 1, 12, 500, 1, 12, 500, 0, 10, 1000, 1, 12, 500, 1, 12, 500, 1, 12, 500, 1, 12, 500, 0, 10, 1000, 1, 12, 500, 0, 10, 1000, 1, 12, 500, 1, 12, 500, 1, 12, 500, 1, 12, 500, 0, 10, 1000, 0, 10, 1000,  0 , 0, 0, 0 , 0, 0, 0 , 0, 0, 0 , 0, 0, 0 , 0, 0, 0 , 0, 0, 0 , 0, 0, 0 , 0, 0, 0 , 0, 0, 0 , 0, 0, 0 , 0, 0, 0 , 0, 0, 0 , 0, 0, 0 , 0, 0, 0 , 0, 0, 0 , 0, 0, 0 , 0, 0, 0 , 0, 0, 0 , 0, 0, 0 , 0, 0, 0 , 0, 0, 0 , 0, 0, 0 , 0, 0, 0 , 0, 0, 0 , 0, 0, 0 , 0, 0, 0 , 0, 0, 0 , 0, 0, 0 , 0, 0, 0 , 0, 0, 0 , 0, 0, 0 , 0, 0, 0 , 0, 0, 0 , 0, 0, 0 , 0, 0, 0 , 0, 0, 0 , 0, 0, 0 , 0, 0, 0 , 0, 0, 0 , 0, 0, 0 , 0, 0, 0 , 0, 0, 0 , 0, 0, 0 , 0, 0, 0 , 0, 0, 0 , 0, 0, 0 , 0, 0, 0 , 0, 0, 0 , 0, 0, 0 , 0, 0, 0 , 0, 0, 0 , 0, 0, 0 , 0, 0, 0 , 0, 0, 0 , 0, 0, 0 , 0, 0, 0 , 0, 0, 0 , 0, 0, 0 , 0, 0, 0 , 0, 0, 0 , 0, 0, 0 , 0, 0, 0 , 0, 0, 0 , 0, 0, 0 , 0, 0, 0 , 0, 0, 0 , 0, 0, 0 , 0, 0, 0 , 0, 0, 0 , 0, 0, 0 , 0, 0, 0 , 0, 0, 0 , 0, 0, 0 , 0, 0, 0 , 0, 0, 0 , 0, 0, 0 , 0, 0, 0 , 0, 0, 0 , 0, 0, 0 , 0, 0, 0 , 0, 0, 0 , 0, 0, 0 , 0, 0, 0 , 0, 0, 0 , 0, 0, 0 , 0, 0, 0 , 0, 0, 0 , 0, 0,2,2,2,2,2,2,3,3,3,3,3,3,4,4,4,4,4,4,5,5,5,5,5,5,6,6,6,6,6,6,7,7,7,7,7,7,8,8,8,8,8,8,0,0,0,0,0,0,0,0,0,0,0,0,0,0,0,0,0,0,0,0,0,0,0,0,0,0,0,0,0,0,0,0,0,0,0,0,0,0,0,0,0,0,0,0,0,0,0,0,0,0,0,0,0,0,0,0,0,0,0,0,0,0,0,0,0,0,0,0,0,0,0,0,0,0,0,0,0,0,0,0,0,0,0,0,0,0,0,0,
2, 120, 1500, 3, 130, 2000, 2, 120, 1500, 2, 120, 1500, 3, 130, 2000, 2, 120, 1500, 3, 130, 2000, 2, 120, 1500, 3, 130, 2000, 3, 130, 2000, 2, 120, 1500, 2, 120, 1500, 3, 130, 2000, 2, 120, 1500, 3, 130, 2000, 2, 120, 1500, 2, 120, 1500, 2, 120, 1500, 2, 120, 1500, 2, 120, 1500, 3, 130, 2000, 3, 130, 2000, 3, 130, 2000, 3, 130, 2000, 2, 120, 1500, 2, 120, 1500, 3, 130, 2000, 3, 130, 2000, 2, 120, 1500, 3, 130, 2000, 3, 130, 2000, 3, 130, 2000, 3, 130, 2000, 2, 120, 1500, 3, 130, 2000, 2, 120, 1500, 3, 130, 2000, 3, 130, 2000, 3, 130, 2000, 3, 130, 2000, 2, 120, 1500, 2, 120, 1500, 0, 10, 1000, 1, 12, 500, 0, 10, 1000, 0, 10, 1000, 1, 12, 500, 0, 10, 1000, 1, 12, 500, 0, 10, 1000, 1, 12, 500, 1, 12, 500, 0, 10, 1000, 0, 10, 1000, 1, 12, 500, 0, 10, 1000, 1, 12, 500, 0, 10, 1000, 0, 10, 1000, 0, 10, 1000, 0, 10, 1000, 0, 10, 1000, 1, 12, 500, 1, 12, 500, 1, 12, 500, 1, 12, 500, 0, 10, 1000, 0, 10, 1000, 1, 12, 500, 1, 12, 500, 0, 10, 1000, 1, 12, 500, 1, 12, 500, 1, 12, 500, 1, 12, 500, 0, 10, 1000, 1, 12, 500, 0, 10, 1000, 1, 12, 500, 1, 12, 500, 1, 12, 500, 1, 12, 500, 0, 10, 1000, 0, 10, 1000,  0 , 0, 0, 0 , 0, 0, 0 , 0, 0, 0 , 0, 0, 0 , 0, 0, 0 , 0, 0, 0 , 0, 0, 0 , 0, 0, 0 , 0, 0, 0 , 0, 0, 0 , 0, 0, 0 , 0, 0, 0 , 0, 0, 0 , 0, 0, 0 , 0, 0, 0 , 0, 0, 0 , 0, 0, 0 , 0, 0, 0 , 0, 0, 0 , 0, 0, 0 , 0, 0, 0 , 0, 0, 0 , 0, 0, 0 , 0, 0, 0 , 0, 0, 0 , 0, 0, 0 , 0, 0, 0 , 0, 0, 0 , 0, 0, 0 , 0, 0, 0 , 0, 0, 0 , 0, 0, 0 , 0, 0, 0 , 0, 0, 0 , 0, 0, 0 , 0, 0, 0 , 0, 0, 0 , 0, 0, 0 , 0, 0, 0 , 0, 0, 0 , 0, 0, 0 , 0, 0, 0 , 0, 0, 0 , 0, 0, 0 , 0, 0, 0 , 0, 0,2,2,2,2,2,2,3,3,3,3,3,3,4,4,4,4,4,4,5,5,5,5,5,5,6,6,6,6,6,6,7,7,7,7,7,7,8,8,8,8,8,8,2,2,2,2,2,2,3,3,3,3,3,3,4,4,4,4,4,4,5,5,5,5,5,5,6,6,6,6,6,6,7,7,7,7,7,7,8,8,8,8,8,8,0,0,0,0,0,0,0,0,0,0,0,0,0,0,0,0,0,0,0,0,0,0,0,0,0,0,0,0,0,0,0,0,0,0,0,0,0,0,0,0,0,0,0,0,0,0,
4, 0, 0, 5, 0, 0, 4, 0, 0, 4, 0, 0, 5, 0, 0, 4, 0, 0, 5, 0, 0, 4, 0, 0, 5, 0, 0, 5, 0, 0, 4, 0, 0, 4, 0, 0, 5, 0, 0, 4, 0, 0, 5, 0, 0, 4, 0, 0, 4, 0, 0, 4, 0, 0, 4, 0, 0, 4, 0, 0, 5, 0, 0, 5, 0, 0, 5, 0, 0, 5, 0, 0, 4, 0, 0, 4, 0, 0, 5, 0, 0, 5, 0, 0, 4, 0, 0, 5, 0, 0, 5, 0, 0, 5, 0, 0, 5, 0, 0, 4, 0, 0, 5, 0, 0, 4, 0, 0, 5, 0, 0, 5, 0, 0, 5, 0, 0, 5, 0, 0, 4, 0, 0, 4, 0, 0, 2, 120, 1500, 3, 130, 2000, 2, 120, 1500, 2, 120, 1500, 3, 130, 2000, 2, 120, 1500, 3, 130, 2000, 2, 120, 1500, 3, 130, 2000, 3, 130, 2000, 2, 120, 1500, 2, 120, 1500, 3, 130, 2000, 2, 120, 1500, 3, 130, 2000, 2, 120, 1500, 2, 120, 1500, 2, 120, 1500, 2, 120, 1500, 2, 120, 1500, 3, 130, 2000, 3, 130, 2000, 3, 130, 2000, 3, 130, 2000, 2, 120, 1500, 2, 120, 1500, 3, 130, 2000, 3, 130, 2000, 2, 120, 1500, 3, 130, 2000, 3, 130, 2000, 3, 130, 2000, 3, 130, 2000, 2, 120, 1500, 3, 130, 2000, 2, 120, 1500, 3, 130, 2000, 3, 130, 2000, 3, 130, 2000, 3, 130, 2000, 2, 120, 1500, 2, 120, 1500, 0, 10, 1000, 1, 12, 500, 0, 10, 1000, 0, 10, 1000, 1, 12, 500, 0, 10, 1000, 1, 12, 500, 0, 10, 1000, 1, 12, 500, 1, 12, 500, 0, 10, 1000, 0, 10, 1000, 1, 12, 500, 0, 10, 1000, 1, 12, 500, 0, 10, 1000, 0, 10, 1000, 0, 10, 1000, 0, 10, 1000, 0, 10, 1000, 1, 12, 500, 1, 12, 500, 1, 12, 500, 1, 12, 500, 0, 10, 1000, 0, 10, 1000, 1, 12, 500, 1, 12, 500, 0, 10, 1000, 1, 12, 500, 1, 12, 500, 1, 12, 500, 1, 12, 500, 0, 10, 1000, 1, 12, 500, 0, 10, 1000, 1, 12, 500, 1, 12, 500, 1, 12, 500, 1, 12, 500, 0, 10, 1000, 0, 10, 1000,  0 , 0, 0, 0 , 0, 0, 0 , 0, 0, 0 , 0, 0,2,2,2,2,2,2,3,3,3,3,3,3,4,4,4,4,4,4,5,5,5,5,5,5,6,6,6,6,6,6,7,7,7,7,7,7,8,8,8,8,8,8,2,2,2,2,2,2,3,3,3,3,3,3,4,4,4,4,4,4,5,5,5,5,5,5,6,6,6,6,6,6,7,7,7,7,7,7,8,8,8,8,8,8,2,2,2,2,2,2,3,3,3,3,3,3,4,4,4,4,4,4,5,5,5,5,5,5,6,6,6,6,6,6,7,7,7,7,7,7,8,8,8,8,8,8,0,0,0,0,
4, 0, 0, 5, 0, 0, 4, 0, 0, 4, 0, 0, 5, 0, 0, 4, 0, 0, 5, 0, 0, 4, 0, 0, 5, 0, 0, 5, 0, 0, 4, 0, 0, 4, 0, 0, 5, 0, 0, 4, 0, 0, 5, 0, 0, 4, 0, 0, 4, 0, 0, 4, 0, 0, 4, 0, 0, 4, 0, 0, 5, 0, 0, 5, 0, 0, 5, 0, 0, 5, 0, 0, 4, 0, 0, 4, 0, 0, 5, 0, 0, 5, 0, 0, 4, 0, 0, 5, 0, 0, 5, 0, 0, 5, 0, 0, 5, 0, 0, 4, 0, 0, 5, 0, 0, 4, 0, 0, 5, 0, 0, 5, 0, 0, 5, 0, 0, 5, 0, 0, 4, 0, 0, 4, 0, 0, 2, 120, 1500, 3, 130, 2000, 2, 120, 1500, 2, 120, 1500, 3, 130, 2000, 2, 120, 1500, 3, 130, 2000, 2, 120, 1500, 3, 130, 2000, 3, 130, 2000, 2, 120, 1500, 2, 120, 1500, 3, 130, 2000, 2, 120, 1500, 3, 130, 2000, 2, 120, 1500, 2, 120, 1500, 2, 120, 1500, 2, 120, 1500, 2, 120, 1500, 3, 130, 2000, 3, 130, 2000, 3, 130, 2000, 3, 130, 2000, 2, 120, 1500, 2, 120, 1500, 3, 130, 2000, 3, 130, 2000, 2, 120, 1500, 3, 130, 2000, 3, 130, 2000, 3, 130, 2000, 3, 130, 2000, 2, 120, 1500, 3, 130, 2000, 2, 120, 1500, 3, 130, 2000, 3, 130, 2000, 3, 130, 2000, 3, 130, 2000, 2, 120, 1500, 2, 120, 1500, 0, 10, 1000, 1, 12, 500, 0, 10, 1000, 0, 10, 1000, 1, 12, 500, 0, 10, 1000, 1, 12, 500, 0, 10, 1000, 1, 12, 500, 1, 12, 500, 0, 10, 1000, 0, 10, 1000, 1, 12, 500, 0, 10, 1000, 1, 12, 500, 0, 10, 1000, 0, 10, 1000, 0, 10, 1000, 0, 10, 1000, 0, 10, 1000, 1, 12, 500, 1, 12, 500, 1, 12, 500, 1, 12, 500, 0, 10, 1000, 0, 10, 1000, 1, 12, 500, 1, 12, 500, 0, 10, 1000, 1, 12, 500, 1, 12, 500, 1, 12, 500, 1, 12, 500, 0, 10, 1000, 1, 12, 500, 0, 10, 1000, 1, 12, 500, 1, 12, 500, 1, 12, 500, 1, 12, 500, 0, 10, 1000, 0, 10, 1000,  0 , 0, 0, 0 , 0, 0, 0 , 0, 0, 0 , 0, 0,2,2,2,2,2,2,3,3,3,3,3,3,4,4,4,4,4,4,5,5,5,5,5,5,6,6,6,6,6,6,7,7,7,7,7,7,8,8,8,8,8,8,2,2,2,2,2,2,3,3,3,3,3,3,4,4,4,4,4,4,5,5,5,5,5,5,6,6,6,6,6,6,7,7,7,7,7,7,8,8,8,8,8,8,2,2,2,2,2,2,3,3,3,3,3,3,4,4,4,4,4,4,5,5,5,5,5,5,6,6,6,6,6,6,7,7,7,7,7,7,8,8,8,8,8,8,0,0,0,0,
4, 0, 0, 5, 0, 0, 4, 0, 0, 4, 0, 0, 5, 0, 0, 4, 0, 0, 5, 0, 0, 4, 0, 0, 5, 0, 0, 5, 0, 0, 4, 0, 0, 4, 0, 0, 5, 0, 0, 4, 0, 0, 5, 0, 0, 4, 0, 0, 4, 0, 0, 4, 0, 0, 4, 0, 0, 4, 0, 0, 5, 0, 0, 5, 0, 0, 5, 0, 0, 5, 0, 0, 4, 0, 0, 4, 0, 0, 5, 0, 0, 5, 0, 0, 4, 0, 0, 5, 0, 0, 5, 0, 0, 5, 0, 0, 5, 0, 0, 4, 0, 0, 5, 0, 0, 4, 0, 0, 5, 0, 0, 5, 0, 0, 5, 0, 0, 5, 0, 0, 4, 0, 0, 4, 0, 0, 2, 120, 1500, 3, 130, 2000, 2, 120, 1500, 2, 120, 1500, 3, 130, 2000, 2, 120, 1500, 3, 130, 2000, 2, 120, 1500, 3, 130, 2000, 3, 130, 2000, 2, 120, 1500, 2, 120, 1500, 3, 130, 2000, 2, 120, 1500, 3, 130, 2000, 2, 120, 1500, 2, 120, 1500, 2, 120, 1500, 2, 120, 1500, 2, 120, 1500, 3, 130, 2000, 3, 130, 2000, 3, 130, 2000, 3, 130, 2000, 2, 120, 1500, 2, 120, 1500, 3, 130, 2000, 3, 130, 2000, 2, 120, 1500, 3, 130, 2000, 3, 130, 2000, 3, 130, 2000, 3, 130, 2000, 2, 120, 1500, 3, 130, 2000, 2, 120, 1500, 3, 130, 2000, 3, 130, 2000, 3, 130, 2000, 3, 130, 2000, 2, 120, 1500, 2, 120, 1500, 0, 10, 1000, 1, 12, 500, 0, 10, 1000, 0, 10, 1000, 1, 12, 500, 0, 10, 1000, 1, 12, 500, 0, 10, 1000, 1, 12, 500, 1, 12, 500, 0, 10, 1000, 0, 10, 1000, 1, 12, 500, 0, 10, 1000, 1, 12, 500, 0, 10, 1000, 0, 10, 1000, 0, 10, 1000, 0, 10, 1000, 0, 10, 1000, 1, 12, 500, 1, 12, 500, 1, 12, 500, 1, 12, 500, 0, 10, 1000, 0, 10, 1000, 1, 12, 500, 1, 12, 500, 0, 10, 1000, 1, 12, 500, 1, 12, 500, 1, 12, 500, 1, 12, 500, 0, 10, 1000, 1, 12, 500, 0, 10, 1000, 1, 12, 500, 1, 12, 500, 1, 12, 500, 1, 12, 500, 0, 10, 1000, 0, 10, 1000,  0 , 0, 0, 0 , 0, 0, 0 , 0, 0, 0 , 0, 0,2,2,2,2,2,2,3,3,3,3,3,3,4,4,4,4,4,4,5,5,5,5,5,5,6,6,6,6,6,6,7,7,7,7,7,7,8,8,8,8,8,8,2,2,2,2,2,2,3,3,3,3,3,3,4,4,4,4,4,4,5,5,5,5,5,5,6,6,6,6,6,6,7,7,7,7,7,7,8,8,8,8,8,8,2,2,2,2,2,2,3,3,3,3,3,3,4,4,4,4,4,4,5,5,5,5,5,5,6,6,6,6,6,6,7,7,7,7,7,7,8,8,8,8,8,8,0,0,0,0,
4, 0, 0, 5, 0, 0, 4, 0, 0, 4, 0, 0, 5, 0, 0, 4, 0, 0, 5, 0, 0, 4, 0, 0, 5, 0, 0, 5, 0, 0, 4, 0, 0, 4, 0, 0, 5, 0, 0, 4, 0, 0, 5, 0, 0, 4, 0, 0, 4, 0, 0, 4, 0, 0, 4, 0, 0, 4, 0, 0, 5, 0, 0, 5, 0, 0, 5, 0, 0, 5, 0, 0, 4, 0, 0, 4, 0, 0, 5, 0, 0, 5, 0, 0, 4, 0, 0, 5, 0, 0, 5, 0, 0, 5, 0, 0, 5, 0, 0, 4, 0, 0, 5, 0, 0, 4, 0, 0, 5, 0, 0, 5, 0, 0, 5, 0, 0, 5, 0, 0, 4, 0, 0, 4, 0, 0, 2, 120, 1500, 3, 130, 2000, 2, 120, 1500, 2, 120, 1500, 3, 130, 2000, 2, 120, 1500, 3, 130, 2000, 2, 120, 1500, 3, 130, 2000, 3, 130, 2000, 2, 120, 1500, 2, 120, 1500, 3, 130, 2000, 2, 120, 1500, 3, 130, 2000, 2, 120, 1500, 2, 120, 1500, 2, 120, 1500, 2, 120, 1500, 2, 120, 1500, 3, 130, 2000, 3, 130, 2000, 3, 130, 2000, 3, 130, 2000, 2, 120, 1500, 2, 120, 1500, 3, 130, 2000, 3, 130, 2000, 2, 120, 1500, 3, 130, 2000, 3, 130, 2000, 3, 130, 2000, 3, 130, 2000, 2, 120, 1500, 3, 130, 2000, 2, 120, 1500, 3, 130, 2000, 3, 130, 2000, 3, 130, 2000, 3, 130, 2000, 2, 120, 1500, 2, 120, 1500, 0, 10, 1000, 1, 12, 500, 0, 10, 1000, 0, 10, 1000, 1, 12, 500, 0, 10, 1000, 1, 12, 500, 0, 10, 1000, 1, 12, 500, 1, 12, 500, 0, 10, 1000, 0, 10, 1000, 1, 12, 500, 0, 10, 1000, 1, 12, 500, 0, 10, 1000, 0, 10, 1000, 0, 10, 1000, 0, 10, 1000, 0, 10, 1000, 1, 12, 500, 1, 12, 500, 1, 12, 500, 1, 12, 500, 0, 10, 1000, 0, 10, 1000, 1, 12, 500, 1, 12, 500, 0, 10, 1000, 1, 12, 500, 1, 12, 500, 1, 12, 500, 1, 12, 500, 0, 10, 1000, 1, 12, 500, 0, 10, 1000, 1, 12, 500, 1, 12, 500, 1, 12, 500, 1, 12, 500, 0, 10, 1000, 0, 10, 1000,  0 , 0, 0, 0 , 0, 0, 0 , 0, 0, 0 , 0, 0,2,2,2,2,2,2,3,3,3,3,3,3,4,4,4,4,4,4,5,5,5,5,5,5,6,6,6,6,6,6,7,7,7,7,7,7,8,8,8,8,8,8,2,2,2,2,2,2,3,3,3,3,3,3,4,4,4,4,4,4,5,5,5,5,5,5,6,6,6,6,6,6,7,7,7,7,7,7,8,8,8,8,8,8,2,2,2,2,2,2,3,3,3,3,3,3,4,4,4,4,4,4,5,5,5,5,5,5,6,6,6,6,6,6,7,7,7,7,7,7,8,8,8,8,8,8,0,0,0,0,
4, 0, 0, 5, 0, 0, 4, 0, 0, 4, 0, 0, 5, 0, 0, 4, 0, 0, 5, 0, 0, 4, 0, 0, 5, 0, 0, 5, 0, 0, 4, 0, 0, 4, 0, 0, 5, 0, 0, 4, 0, 0, 5, 0, 0, 4, 0, 0, 4, 0, 0, 4, 0, 0, 4, 0, 0, 4, 0, 0, 5, 0, 0, 5, 0, 0, 5, 0, 0, 5, 0, 0, 4, 0, 0, 4, 0, 0, 5, 0, 0, 5, 0, 0, 4, 0, 0, 5, 0, 0, 5, 0, 0, 5, 0, 0, 5, 0, 0, 4, 0, 0, 5, 0, 0, 4, 0, 0, 5, 0, 0, 5, 0, 0, 5, 0, 0, 5, 0, 0, 4, 0, 0, 4, 0, 0, 2, 120, 1500, 3, 130, 2000, 2, 120, 1500, 2, 120, 1500, 3, 130, 2000, 2, 120, 1500, 3, 130, 2000, 2, 120, 1500, 3, 130, 2000, 3, 130, 2000, 2, 120, 1500, 2, 120, 1500, 3, 130, 2000, 2, 120, 1500, 3, 130, 2000, 2, 120, 1500, 2, 120, 1500, 2, 120, 1500, 2, 120, 1500, 2, 120, 1500, 3, 130, 2000, 3, 130, 2000, 3, 130, 2000, 3, 130, 2000, 2, 120, 1500, 2, 120, 1500, 3, 130, 2000, 3, 130, 2000, 2, 120, 1500, 3, 130, 2000, 3, 130, 2000, 3, 130, 2000, 3, 130, 2000, 2, 120, 1500, 3, 130, 2000, 2, 120, 1500, 3, 130, 2000, 3, 130, 2000, 3, 130, 2000, 3, 130, 2000, 2, 120, 1500, 2, 120, 1500, 0, 10, 1000, 1, 12, 500, 0, 10, 1000, 0, 10, 1000, 1, 12, 500, 0, 10, 1000, 1, 12, 500, 0, 10, 1000, 1, 12, 500, 1, 12, 500, 0, 10, 1000, 0, 10, 1000, 1, 12, 500, 0, 10, 1000, 1, 12, 500, 0, 10, 1000, 0, 10, 1000, 0, 10, 1000, 0, 10, 1000, 0, 10, 1000, 1, 12, 500, 1, 12, 500, 1, 12, 500, 1, 12, 500, 0, 10, 1000, 0, 10, 1000, 1, 12, 500, 1, 12, 500, 0, 10, 1000, 1, 12, 500, 1, 12, 500, 1, 12, 500, 1, 12, 500, 0, 10, 1000, 1, 12, 500, 0, 10, 1000, 1, 12, 500, 1, 12, 500, 1, 12, 500, 1, 12, 500, 0, 10, 1000, 0, 10, 1000,  0 , 0, 0, 0 , 0, 0, 0 , 0, 0, 0 , 0, 0,2,2,2,2,2,2,3,3,3,3,3,3,4,4,4,4,4,4,5,5,5,5,5,5,6,6,6,6,6,6,7,7,7,7,7,7,8,8,8,8,8,8,2,2,2,2,2,2,3,3,3,3,3,3,4,4,4,4,4,4,5,5,5,5,5,5,6,6,6,6,6,6,7,7,7,7,7,7,8,8,8,8,8,8,2,2,2,2,2,2,3,3,3,3,3,3,4,4,4,4,4,4,5,5,5,5,5,5,6,6,6,6,6,6,7,7,7,7,7,7,8,8,8,8,8,8,0,0,0,0,
4, 0, 0, 5, 0, 0, 4, 0, 0, 4, 0, 0, 5, 0, 0, 4, 0, 0, 5, 0, 0, 4, 0, 0, 5, 0, 0, 5, 0, 0, 4, 0, 0, 4, 0, 0, 5, 0, 0, 4, 0, 0, 5, 0, 0, 4, 0, 0, 4, 0, 0, 4, 0, 0, 4, 0, 0, 4, 0, 0, 5, 0, 0, 5, 0, 0, 5, 0, 0, 5, 0, 0, 4, 0, 0, 4, 0, 0, 5, 0, 0, 5, 0, 0, 4, 0, 0, 5, 0, 0, 5, 0, 0, 5, 0, 0, 5, 0, 0, 4, 0, 0, 5, 0, 0, 4, 0, 0, 5, 0, 0, 5, 0, 0, 5, 0, 0, 5, 0, 0, 4, 0, 0, 4, 0, 0, 2, 120, 1500, 3, 130, 2000, 2, 120, 1500, 2, 120, 1500, 3, 130, 2000, 2, 120, 1500, 3, 130, 2000, 2, 120, 1500, 3, 130, 2000, 3, 130, 2000, 2, 120, 1500, 2, 120, 1500, 3, 130, 2000, 2, 120, 1500, 3, 130, 2000, 2, 120, 1500, 2, 120, 1500, 2, 120, 1500, 2, 120, 1500, 2, 120, 1500, 3, 130, 2000, 3, 130, 2000, 3, 130, 2000, 3, 130, 2000, 2, 120, 1500, 2, 120, 1500, 3, 130, 2000, 3, 130, 2000, 2, 120, 1500, 3, 130, 2000, 3, 130, 2000, 3, 130, 2000, 3, 130, 2000, 2, 120, 1500, 3, 130, 2000, 2, 120, 1500, 3, 130, 2000, 3, 130, 2000, 3, 130, 2000, 3, 130, 2000, 2, 120, 1500, 2, 120, 1500, 0, 10, 1000, 1, 12, 500, 0, 10, 1000, 0, 10, 1000, 1, 12, 500, 0, 10, 1000, 1, 12, 500, 0, 10, 1000, 1, 12, 500, 1, 12, 500, 0, 10, 1000, 0, 10, 1000, 1, 12, 500, 0, 10, 1000, 1, 12, 500, 0, 10, 1000, 0, 10, 1000, 0, 10, 1000, 0, 10, 1000, 0, 10, 1000, 1, 12, 500, 1, 12, 500, 1, 12, 500, 1, 12, 500, 0, 10, 1000, 0, 10, 1000, 1, 12, 500, 1, 12, 500, 0, 10, 1000, 1, 12, 500, 1, 12, 500, 1, 12, 500, 1, 12, 500, 0, 10, 1000, 1, 12, 500, 0, 10, 1000, 1, 12, 500, 1, 12, 500, 1, 12, 500, 1, 12, 500, 0, 10, 1000, 0, 10, 1000,  0 , 0, 0, 0 , 0, 0, 0 , 0, 0, 0 , 0, 0,2,2,2,2,2,2,3,3,3,3,3,3,4,4,4,4,4,4,5,5,5,5,5,5,6,6,6,6,6,6,7,7,7,7,7,7,8,8,8,8,8,8,2,2,2,2,2,2,3,3,3,3,3,3,4,4,4,4,4,4,5,5,5,5,5,5,6,6,6,6,6,6,7,7,7,7,7,7,8,8,8,8,8,8,2,2,2,2,2,2,3,3,3,3,3,3,4,4,4,4,4,4,5,5,5,5,5,5,6,6,6,6,6,6,7,7,7,7,7,7,8,8,8,8,8,8,0,0,0,0,
4, 0, 0, 5, 0, 0, 4, 0, 0, 4, 0, 0, 5, 0, 0, 4, 0, 0, 5, 0, 0, 4, 0, 0, 5, 0, 0, 5, 0, 0, 4, 0, 0, 4, 0, 0, 5, 0, 0, 4, 0, 0, 5, 0, 0, 4, 0, 0, 4, 0, 0, 4, 0, 0, 4, 0, 0, 4, 0, 0, 5, 0, 0, 5, 0, 0, 5, 0, 0, 5, 0, 0, 4, 0, 0, 4, 0, 0, 5, 0, 0, 5, 0, 0, 4, 0, 0, 5, 0, 0, 5, 0, 0, 5, 0, 0, 5, 0, 0, 4, 0, 0, 5, 0, 0, 4, 0, 0, 5, 0, 0, 5, 0, 0, 5, 0, 0, 5, 0, 0, 4, 0, 0, 4, 0, 0, 2, 120, 1500, 3, 130, 2000, 2, 120, 1500, 2, 120, 1500, 3, 130, 2000, 2, 120, 1500, 3, 130, 2000, 2, 120, 1500, 3, 130, 2000, 3, 130, 2000, 2, 120, 1500, 2, 120, 1500, 3, 130, 2000, 2, 120, 1500, 3, 130, 2000, 2, 120, 1500, 2, 120, 1500, 2, 120, 1500, 2, 120, 1500, 2, 120, 1500, 3, 130, 2000, 3, 130, 2000, 3, 130, 2000, 3, 130, 2000, 2, 120, 1500, 2, 120, 1500, 3, 130, 2000, 3, 130, 2000, 2, 120, 1500, 3, 130, 2000, 3, 130, 2000, 3, 130, 2000, 3, 130, 2000, 2, 120, 1500, 3, 130, 2000, 2, 120, 1500, 3, 130, 2000, 3, 130, 2000, 3, 130, 2000, 3, 130, 2000, 2, 120, 1500, 2, 120, 1500, 0, 10, 1000, 1, 12, 500, 0, 10, 1000, 0, 10, 1000, 1, 12, 500, 0, 10, 1000, 1, 12, 500, 0, 10, 1000, 1, 12, 500, 1, 12, 500, 0, 10, 1000, 0, 10, 1000, 1, 12, 500, 0, 10, 1000, 1, 12, 500, 0, 10, 1000, 0, 10, 1000, 0, 10, 1000, 0, 10, 1000, 0, 10, 1000, 1, 12, 500, 1, 12, 500, 1, 12, 500, 1, 12, 500, 0, 10, 1000, 0, 10, 1000, 1, 12, 500, 1, 12, 500, 0, 10, 1000, 1, 12, 500, 1, 12, 500, 1, 12, 500, 1, 12, 500, 0, 10, 1000, 1, 12, 500, 0, 10, 1000, 1, 12, 500, 1, 12, 500, 1, 12, 500, 1, 12, 500, 0, 10, 1000, 0, 10, 1000,  0 , 0, 0, 0 , 0, 0, 0 , 0, 0, 0 , 0, 0,2,2,2,2,2,2,3,3,3,3,3,3,4,4,4,4,4,4,5,5,5,5,5,5,6,6,6,6,6,6,7,7,7,7,7,7,8,8,8,8,8,8,2,2,2,2,2,2,3,3,3,3,3,3,4,4,4,4,4,4,5,5,5,5,5,5,6,6,6,6,6,6,7,7,7,7,7,7,8,8,8,8,8,8,2,2,2,2,2,2,3,3,3,3,3,3,4,4,4,4,4,4,5,5,5,5,5,5,6,6,6,6,6,6,7,7,7,7,7,7,8,8,8,8,8,8,0,0,0,0,
4, 0, 0, 5, 0, 0, 4, 0, 0, 4, 0, 0, 5, 0, 0, 4, 0, 0, 5, 0, 0, 4, 0, 0, 5, 0, 0, 5, 0, 0, 4, 0, 0, 4, 0, 0, 5, 0, 0, 4, 0, 0, 5, 0, 0, 4, 0, 0, 4, 0, 0, 4, 0, 0, 4, 0, 0, 4, 0, 0, 5, 0, 0, 5, 0, 0, 5, 0, 0, 5, 0, 0, 4, 0, 0, 4, 0, 0, 5, 0, 0, 5, 0, 0, 4, 0, 0, 5, 0, 0, 5, 0, 0, 5, 0, 0, 5, 0, 0, 4, 0, 0, 5, 0, 0, 4, 0, 0, 5, 0, 0, 5, 0, 0, 5, 0, 0, 5, 0, 0, 4, 0, 0, 4, 0, 0, 2, 120, 1500, 3, 130, 2000, 2, 120, 1500, 2, 120, 1500, 3, 130, 2000, 2, 120, 1500, 3, 130, 2000, 2, 120, 1500, 3, 130, 2000, 3, 130, 2000, 2, 120, 1500, 2, 120, 1500, 3, 130, 2000, 2, 120, 1500, 3, 130, 2000, 2, 120, 1500, 2, 120, 1500, 2, 120, 1500, 2, 120, 1500, 2, 120, 1500, 3, 130, 2000, 3, 130, 2000, 3, 130, 2000, 3, 130, 2000, 2, 120, 1500, 2, 120, 1500, 3, 130, 2000, 3, 130, 2000, 2, 120, 1500, 3, 130, 2000, 3, 130, 2000, 3, 130, 2000, 3, 130, 2000, 2, 120, 1500, 3, 130, 2000, 2, 120, 1500, 3, 130, 2000, 3, 130, 2000, 3, 130, 2000, 3, 130, 2000, 2, 120, 1500, 2, 120, 1500, 0, 10, 1000, 1, 12, 500, 0, 10, 1000, 0, 10, 1000, 1, 12, 500, 0, 10, 1000, 1, 12, 500, 0, 10, 1000, 1, 12, 500, 1, 12, 500, 0, 10, 1000, 0, 10, 1000, 1, 12, 500, 0, 10, 1000, 1, 12, 500, 0, 10, 1000, 0, 10, 1000, 0, 10, 1000, 0, 10, 1000, 0, 10, 1000, 1, 12, 500, 1, 12, 500, 1, 12, 500, 1, 12, 500, 0, 10, 1000, 0, 10, 1000, 1, 12, 500, 1, 12, 500, 0, 10, 1000, 1, 12, 500, 1, 12, 500, 1, 12, 500, 1, 12, 500, 0, 10, 1000, 1, 12, 500, 0, 10, 1000, 1, 12, 500, 1, 12, 500, 1, 12, 500, 1, 12, 500, 0, 10, 1000, 0, 10, 1000,  0 , 0, 0, 0 , 0, 0, 0 , 0, 0, 0 , 0, 0,2,2,2,2,2,2,3,3,3,3,3,3,4,4,4,4,4,4,5,5,5,5,5,5,6,6,6,6,6,6,7,7,7,7,7,7,8,8,8,8,8,8,2,2,2,2,2,2,3,3,3,3,3,3,4,4,4,4,4,4,5,5,5,5,5,5,6,6,6,6,6,6,7,7,7,7,7,7,8,8,8,8,8,8,2,2,2,2,2,2,3,3,3,3,3,3,4,4,4,4,4,4,5,5,5,5,5,5,6,6,6,6,6,6,7,7,7,7,7,7,8,8,8,8,8,8,0,0,0,0,
4, 0, 0, 5, 0, 0, 4, 0, 0, 4, 0, 0, 5, 0, 0, 4, 0, 0, 5, 0, 0, 4, 0, 0, 5, 0, 0, 5, 0, 0, 4, 0, 0, 4, 0, 0, 5, 0, 0, 4, 0, 0, 5, 0, 0, 4, 0, 0, 4, 0, 0, 4, 0, 0, 4, 0, 0, 4, 0, 0, 5, 0, 0, 5, 0, 0, 5, 0, 0, 5, 0, 0, 4, 0, 0, 4, 0, 0, 5, 0, 0, 5, 0, 0, 4, 0, 0, 5, 0, 0, 5, 0, 0, 5, 0, 0, 5, 0, 0, 4, 0, 0, 5, 0, 0, 4, 0, 0, 5, 0, 0, 5, 0, 0, 5, 0, 0, 5, 0, 0, 4, 0, 0, 4, 0, 0, 2, 120, 1500, 3, 130, 2000, 2, 120, 1500, 2, 120, 1500, 3, 130, 2000, 2, 120, 1500, 3, 130, 2000, 2, 120, 1500, 3, 130, 2000, 3, 130, 2000, 2, 120, 1500, 2, 120, 1500, 3, 130, 2000, 2, 120, 1500, 3, 130, 2000, 2, 120, 1500, 2, 120, 1500, 2, 120, 1500, 2, 120, 1500, 2, 120, 1500, 3, 130, 2000, 3, 130, 2000, 3, 130, 2000, 3, 130, 2000, 2, 120, 1500, 2, 120, 1500, 3, 130, 2000, 3, 130, 2000, 2, 120, 1500, 3, 130, 2000, 3, 130, 2000, 3, 130, 2000, 3, 130, 2000, 2, 120, 1500, 3, 130, 2000, 2, 120, 1500, 3, 130, 2000, 3, 130, 2000, 3, 130, 2000, 3, 130, 2000, 2, 120, 1500, 2, 120, 1500, 0, 10, 1000, 1, 12, 500, 0, 10, 1000, 0, 10, 1000, 1, 12, 500, 0, 10, 1000, 1, 12, 500, 0, 10, 1000, 1, 12, 500, 1, 12, 500, 0, 10, 1000, 0, 10, 1000, 1, 12, 500, 0, 10, 1000, 1, 12, 500, 0, 10, 1000, 0, 10, 1000, 0, 10, 1000, 0, 10, 1000, 0, 10, 1000, 1, 12, 500, 1, 12, 500, 1, 12, 500, 1, 12, 500, 0, 10, 1000, 0, 10, 1000, 1, 12, 500, 1, 12, 500, 0, 10, 1000, 1, 12, 500, 1, 12, 500, 1, 12, 500, 1, 12, 500, 0, 10, 1000, 1, 12, 500, 0, 10, 1000, 1, 12, 500, 1, 12, 500, 1, 12, 500, 1, 12, 500, 0, 10, 1000, 0, 10, 1000,  0 , 0, 0, 0 , 0, 0, 0 , 0, 0, 0 , 0, 0,2,2,2,2,2,2,3,3,3,3,3,3,4,4,4,4,4,4,5,5,5,5,5,5,6,6,6,6,6,6,7,7,7,7,7,7,8,8,8,8,8,8,2,2,2,2,2,2,3,3,3,3,3,3,4,4,4,4,4,4,5,5,5,5,5,5,6,6,6,6,6,6,7,7,7,7,7,7,8,8,8,8,8,8,2,2,2,2,2,2,3,3,3,3,3,3,4,4,4,4,4,4,5,5,5,5,5,5,6,6,6,6,6,6,7,7,7,7,7,7,8,8,8,8,8,8,0,0,0,0,
4, 0, 0, 5, 0, 0, 4, 0, 0, 4, 0, 0, 5, 0, 0, 4, 0, 0, 5, 0, 0, 4, 0, 0, 5, 0, 0, 5, 0, 0, 4, 0, 0, 4, 0, 0, 5, 0, 0, 4, 0, 0, 5, 0, 0, 4, 0, 0, 4, 0, 0, 4, 0, 0, 4, 0, 0, 4, 0, 0, 5, 0, 0, 5, 0, 0, 5, 0, 0, 5, 0, 0, 4, 0, 0, 4, 0, 0, 5, 0, 0, 5, 0, 0, 4, 0, 0, 5, 0, 0, 5, 0, 0, 5, 0, 0, 5, 0, 0, 4, 0, 0, 5, 0, 0, 4, 0, 0, 5, 0, 0, 5, 0, 0, 5, 0, 0, 5, 0, 0, 4, 0, 0, 4, 0, 0, 2, 120, 1500, 3, 130, 2000, 2, 120, 1500, 2, 120, 1500, 3, 130, 2000, 2, 120, 1500, 3, 130, 2000, 2, 120, 1500, 3, 130, 2000, 3, 130, 2000, 2, 120, 1500, 2, 120, 1500, 3, 130, 2000, 2, 120, 1500, 3, 130, 2000, 2, 120, 1500, 2, 120, 1500, 2, 120, 1500, 2, 120, 1500, 2, 120, 1500, 3, 130, 2000, 3, 130, 2000, 3, 130, 2000, 3, 130, 2000, 2, 120, 1500, 2, 120, 1500, 3, 130, 2000, 3, 130, 2000, 2, 120, 1500, 3, 130, 2000, 3, 130, 2000, 3, 130, 2000, 3, 130, 2000, 2, 120, 1500, 3, 130, 2000, 2, 120, 1500, 3, 130, 2000, 3, 130, 2000, 3, 130, 2000, 3, 130, 2000, 2, 120, 1500, 2, 120, 1500, 0, 10, 1000, 1, 12, 500, 0, 10, 1000, 0, 10, 1000, 1, 12, 500, 0, 10, 1000, 1, 12, 500, 0, 10, 1000, 1, 12, 500, 1, 12, 500, 0, 10, 1000, 0, 10, 1000, 1, 12, 500, 0, 10, 1000, 1, 12, 500, 0, 10, 1000, 0, 10, 1000, 0, 10, 1000, 0, 10, 1000, 0, 10, 1000, 1, 12, 500, 1, 12, 500, 1, 12, 500, 1, 12, 500, 0, 10, 1000, 0, 10, 1000, 1, 12, 500, 1, 12, 500, 0, 10, 1000, 1, 12, 500, 1, 12, 500, 1, 12, 500, 1, 12, 500, 0, 10, 1000, 1, 12, 500, 0, 10, 1000, 1, 12, 500, 1, 12, 500, 1, 12, 500, 1, 12, 500, 0, 10, 1000, 0, 10, 1000,  0 , 0, 0, 0 , 0, 0, 0 , 0, 0, 0 , 0, 0,2,2,2,2,2,2,3,3,3,3,3,3,4,4,4,4,4,4,5,5,5,5,5,5,6,6,6,6,6,6,7,7,7,7,7,7,8,8,8,8,8,8,2,2,2,2,2,2,3,3,3,3,3,3,4,4,4,4,4,4,5,5,5,5,5,5,6,6,6,6,6,6,7,7,7,7,7,7,8,8,8,8,8,8,2,2,2,2,2,2,3,3,3,3,3,3,4,4,4,4,4,4,5,5,5,5,5,5,6,6,6,6,6,6,7,7,7,7,7,7,8,8,8,8,8,8,0,0,0,0,
4, 0, 0, 5, 0, 0, 4, 0, 0, 4, 0, 0, 5, 0, 0, 4, 0, 0, 5, 0, 0, 4, 0, 0, 5, 0, 0, 5, 0, 0, 4, 0, 0, 4, 0, 0, 5, 0, 0, 4, 0, 0, 5, 0, 0, 4, 0, 0, 4, 0, 0, 4, 0, 0, 4, 0, 0, 4, 0, 0, 5, 0, 0, 5, 0, 0, 5, 0, 0, 5, 0, 0, 4, 0, 0, 4, 0, 0, 5, 0, 0, 5, 0, 0, 4, 0, 0, 5, 0, 0, 5, 0, 0, 5, 0, 0, 5, 0, 0, 4, 0, 0, 5, 0, 0, 4, 0, 0, 5, 0, 0, 5, 0, 0, 5, 0, 0, 5, 0, 0, 4, 0, 0, 4, 0, 0, 2, 120, 1500, 3, 130, 2000, 2, 120, 1500, 2, 120, 1500, 3, 130, 2000, 2, 120, 1500, 3, 130, 2000, 2, 120, 1500, 3, 130, 2000, 3, 130, 2000, 2, 120, 1500, 2, 120, 1500, 3, 130, 2000, 2, 120, 1500, 3, 130, 2000, 2, 120, 1500, 2, 120, 1500, 2, 120, 1500, 2, 120, 1500, 2, 120, 1500, 3, 130, 2000, 3, 130, 2000, 3, 130, 2000, 3, 130, 2000, 2, 120, 1500, 2, 120, 1500, 3, 130, 2000, 3, 130, 2000, 2, 120, 1500, 3, 130, 2000, 3, 130, 2000, 3, 130, 2000, 3, 130, 2000, 2, 120, 1500, 3, 130, 2000, 2, 120, 1500, 3, 130, 2000, 3, 130, 2000, 3, 130, 2000, 3, 130, 2000, 2, 120, 1500, 2, 120, 1500, 0, 10, 1000, 1, 12, 500, 0, 10, 1000, 0, 10, 1000, 1, 12, 500, 0, 10, 1000, 1, 12, 500, 0, 10, 1000, 1, 12, 500, 1, 12, 500, 0, 10, 1000, 0, 10, 1000, 1, 12, 500, 0, 10, 1000, 1, 12, 500, 0, 10, 1000, 0, 10, 1000, 0, 10, 1000, 0, 10, 1000, 0, 10, 1000, 1, 12, 500, 1, 12, 500, 1, 12, 500, 1, 12, 500, 0, 10, 1000, 0, 10, 1000, 1, 12, 500, 1, 12, 500, 0, 10, 1000, 1, 12, 500, 1, 12, 500, 1, 12, 500, 1, 12, 500, 0, 10, 1000, 1, 12, 500, 0, 10, 1000, 1, 12, 500, 1, 12, 500, 1, 12, 500, 1, 12, 500, 0, 10, 1000, 0, 10, 1000,  0 , 0, 0, 0 , 0, 0, 0 , 0, 0, 0 , 0, 0,2,2,2,2,2,2,3,3,3,3,3,3,4,4,4,4,4,4,5,5,5,5,5,5,6,6,6,6,6,6,7,7,7,7,7,7,8,8,8,8,8,8,2,2,2,2,2,2,3,3,3,3,3,3,4,4,4,4,4,4,5,5,5,5,5,5,6,6,6,6,6,6,7,7,7,7,7,7,8,8,8,8,8,8,2,2,2,2,2,2,3,3,3,3,3,3,4,4,4,4,4,4,5,5,5,5,5,5,6,6,6,6,6,6,7,7,7,7,7,7,8,8,8,8,8,8,0,0,0,0,
4, 0, 0, 5, 0, 0, 4, 0, 0, 4, 0, 0, 5, 0, 0, 4, 0, 0, 5, 0, 0, 4, 0, 0, 5, 0, 0, 5, 0, 0, 4, 0, 0, 4, 0, 0, 5, 0, 0, 4, 0, 0, 5, 0, 0, 4, 0, 0, 4, 0, 0, 4, 0, 0, 4, 0, 0, 4, 0, 0, 5, 0, 0, 5, 0, 0, 5, 0, 0, 5, 0, 0, 4, 0, 0, 4, 0, 0, 5, 0, 0, 5, 0, 0, 4, 0, 0, 5, 0, 0, 5, 0, 0, 5, 0, 0, 5, 0, 0, 4, 0, 0, 5, 0, 0, 4, 0, 0, 5, 0, 0, 5, 0, 0, 5, 0, 0, 5, 0, 0, 4, 0, 0, 4, 0, 0, 2, 120, 1500, 3, 130, 2000, 2, 120, 1500, 2, 120, 1500, 3, 130, 2000, 2, 120, 1500, 3, 130, 2000, 2, 120, 1500, 3, 130, 2000, 3, 130, 2000, 2, 120, 1500, 2, 120, 1500, 3, 130, 2000, 2, 120, 1500, 3, 130, 2000, 2, 120, 1500, 2, 120, 1500, 2, 120, 1500, 2, 120, 1500, 2, 120, 1500, 3, 130, 2000, 3, 130, 2000, 3, 130, 2000, 3, 130, 2000, 2, 120, 1500, 2, 120, 1500, 3, 130, 2000, 3, 130, 2000, 2, 120, 1500, 3, 130, 2000, 3, 130, 2000, 3, 130, 2000, 3, 130, 2000, 2, 120, 1500, 3, 130, 2000, 2, 120, 1500, 3, 130, 2000, 3, 130, 2000, 3, 130, 2000, 3, 130, 2000, 2, 120, 1500, 2, 120, 1500, 0, 10, 1000, 1, 12, 500, 0, 10, 1000, 0, 10, 1000, 1, 12, 500, 0, 10, 1000, 1, 12, 500, 0, 10, 1000, 1, 12, 500, 1, 12, 500, 0, 10, 1000, 0, 10, 1000, 1, 12, 500, 0, 10, 1000, 1, 12, 500, 0, 10, 1000, 0, 10, 1000, 0, 10, 1000, 0, 10, 1000, 0, 10, 1000, 1, 12, 500, 1, 12, 500, 1, 12, 500, 1, 12, 500, 0, 10, 1000, 0, 10, 1000, 1, 12, 500, 1, 12, 500, 0, 10, 1000, 1, 12, 500, 1, 12, 500, 1, 12, 500, 1, 12, 500, 0, 10, 1000, 1, 12, 500, 0, 10, 1000, 1, 12, 500, 1, 12, 500, 1, 12, 500, 1, 12, 500, 0, 10, 1000, 0, 10, 1000,  0 , 0, 0, 0 , 0, 0, 0 , 0, 0, 0 , 0, 0,2,2,2,2,2,2,3,3,3,3,3,3,4,4,4,4,4,4,5,5,5,5,5,5,6,6,6,6,6,6,7,7,7,7,7,7,8,8,8,8,8,8,2,2,2,2,2,2,3,3,3,3,3,3,4,4,4,4,4,4,5,5,5,5,5,5,6,6,6,6,6,6,7,7,7,7,7,7,8,8,8,8,8,8,2,2,2,2,2,2,3,3,3,3,3,3,4,4,4,4,4,4,5,5,5,5,5,5,6,6,6,6,6,6,7,7,7,7,7,7,8,8,8,8,8,8,0,0,0,0,
4, 0, 0, 5, 0, 0, 4, 0, 0, 4, 0, 0, 5, 0, 0, 4, 0, 0, 5, 0, 0, 4, 0, 0, 5, 0, 0, 5, 0, 0, 4, 0, 0, 4, 0, 0, 5, 0, 0, 4, 0, 0, 5, 0, 0, 4, 0, 0, 4, 0, 0, 4, 0, 0, 4, 0, 0, 4, 0, 0, 5, 0, 0, 5, 0, 0, 5, 0, 0, 5, 0, 0, 4, 0, 0, 4, 0, 0, 5, 0, 0, 5, 0, 0, 4, 0, 0, 5, 0, 0, 5, 0, 0, 5, 0, 0, 5, 0, 0, 4, 0, 0, 5, 0, 0, 4, 0, 0, 5, 0, 0, 5, 0, 0, 5, 0, 0, 5, 0, 0, 4, 0, 0, 4, 0, 0, 2, 120, 1500, 3, 130, 2000, 2, 120, 1500, 2, 120, 1500, 3, 130, 2000, 2, 120, 1500, 3, 130, 2000, 2, 120, 1500, 3, 130, 2000, 3, 130, 2000, 2, 120, 1500, 2, 120, 1500, 3, 130, 2000, 2, 120, 1500, 3, 130, 2000, 2, 120, 1500, 2, 120, 1500, 2, 120, 1500, 2, 120, 1500, 2, 120, 1500, 3, 130, 2000, 3, 130, 2000, 3, 130, 2000, 3, 130, 2000, 2, 120, 1500, 2, 120, 1500, 3, 130, 2000, 3, 130, 2000, 2, 120, 1500, 3, 130, 2000, 3, 130, 2000, 3, 130, 2000, 3, 130, 2000, 2, 120, 1500, 3, 130, 2000, 2, 120, 1500, 3, 130, 2000, 3, 130, 2000, 3, 130, 2000, 3, 130, 2000, 2, 120, 1500, 2, 120, 1500, 0, 10, 1000, 1, 12, 500, 0, 10, 1000, 0, 10, 1000, 1, 12, 500, 0, 10, 1000, 1, 12, 500, 0, 10, 1000, 1, 12, 500, 1, 12, 500, 0, 10, 1000, 0, 10, 1000, 1, 12, 500, 0, 10, 1000, 1, 12, 500, 0, 10, 1000, 0, 10, 1000, 0, 10, 1000, 0, 10, 1000, 0, 10, 1000, 1, 12, 500, 1, 12, 500, 1, 12, 500, 1, 12, 500, 0, 10, 1000, 0, 10, 1000, 1, 12, 500, 1, 12, 500, 0, 10, 1000, 1, 12, 500, 1, 12, 500, 1, 12, 500, 1, 12, 500, 0, 10, 1000, 1, 12, 500, 0, 10, 1000, 1, 12, 500, 1, 12, 500, 1, 12, 500, 1, 12, 500, 0, 10, 1000, 0, 10, 1000,  0 , 0, 0, 0 , 0, 0, 0 , 0, 0, 0 , 0, 0,2,2,2,2,2,2,3,3,3,3,3,3,4,4,4,4,4,4,5,5,5,5,5,5,6,6,6,6,6,6,7,7,7,7,7,7,8,8,8,8,8,8,2,2,2,2,2,2,3,3,3,3,3,3,4,4,4,4,4,4,5,5,5,5,5,5,6,6,6,6,6,6,7,7,7,7,7,7,8,8,8,8,8,8,2,2,2,2,2,2,3,3,3,3,3,3,4,4,4,4,4,4,5,5,5,5,5,5,6,6,6,6,6,6,7,7,7,7,7,7,8,8,8,8,8,8,0,0,0,0,
4, 0, 0, 5, 0, 0, 4, 0, 0, 4, 0, 0, 5, 0, 0, 4, 0, 0, 5, 0, 0, 4, 0, 0, 5, 0, 0, 5, 0, 0, 4, 0, 0, 4, 0, 0, 5, 0, 0, 4, 0, 0, 5, 0, 0, 4, 0, 0, 4, 0, 0, 4, 0, 0, 4, 0, 0, 4, 0, 0, 5, 0, 0, 5, 0, 0, 5, 0, 0, 5, 0, 0, 4, 0, 0, 4, 0, 0, 5, 0, 0, 5, 0, 0, 4, 0, 0, 5, 0, 0, 5, 0, 0, 5, 0, 0, 5, 0, 0, 4, 0, 0, 5, 0, 0, 4, 0, 0, 5, 0, 0, 5, 0, 0, 5, 0, 0, 5, 0, 0, 4, 0, 0, 4, 0, 0, 2, 120, 1500, 3, 130, 2000, 2, 120, 1500, 2, 120, 1500, 3, 130, 2000, 2, 120, 1500, 3, 130, 2000, 2, 120, 1500, 3, 130, 2000, 3, 130, 2000, 2, 120, 1500, 2, 120, 1500, 3, 130, 2000, 2, 120, 1500, 3, 130, 2000, 2, 120, 1500, 2, 120, 1500, 2, 120, 1500, 2, 120, 1500, 2, 120, 1500, 3, 130, 2000, 3, 130, 2000, 3, 130, 2000, 3, 130, 2000, 2, 120, 1500, 2, 120, 1500, 3, 130, 2000, 3, 130, 2000, 2, 120, 1500, 3, 130, 2000, 3, 130, 2000, 3, 130, 2000, 3, 130, 2000, 2, 120, 1500, 3, 130, 2000, 2, 120, 1500, 3, 130, 2000, 3, 130, 2000, 3, 130, 2000, 3, 130, 2000, 2, 120, 1500, 2, 120, 1500, 0, 10, 1000, 1, 12, 500, 0, 10, 1000, 0, 10, 1000, 1, 12, 500, 0, 10, 1000, 1, 12, 500, 0, 10, 1000, 1, 12, 500, 1, 12, 500, 0, 10, 1000, 0, 10, 1000, 1, 12, 500, 0, 10, 1000, 1, 12, 500, 0, 10, 1000, 0, 10, 1000, 0, 10, 1000, 0, 10, 1000, 0, 10, 1000, 1, 12, 500, 1, 12, 500, 1, 12, 500, 1, 12, 500, 0, 10, 1000, 0, 10, 1000, 1, 12, 500, 1, 12, 500, 0, 10, 1000, 1, 12, 500, 1, 12, 500, 1, 12, 500, 1, 12, 500, 0, 10, 1000, 1, 12, 500, 0, 10, 1000, 1, 12, 500, 1, 12, 500, 1, 12, 500, 1, 12, 500, 0, 10, 1000, 0, 10, 1000,  0 , 0, 0, 0 , 0, 0, 0 , 0, 0, 0 , 0, 0,2,2,2,2,2,2,3,3,3,3,3,3,4,4,4,4,4,4,5,5,5,5,5,5,6,6,6,6,6,6,7,7,7,7,7,7,8,8,8,8,8,8,2,2,2,2,2,2,3,3,3,3,3,3,4,4,4,4,4,4,5,5,5,5,5,5,6,6,6,6,6,6,7,7,7,7,7,7,8,8,8,8,8,8,2,2,2,2,2,2,3,3,3,3,3,3,4,4,4,4,4,4,5,5,5,5,5,5,6,6,6,6,6,6,7,7,7,7,7,7,8,8,8,8,8,8,0,0,0,0,
4, 0, 0, 5, 0, 0, 4, 0, 0, 4, 0, 0, 5, 0, 0, 4, 0, 0, 5, 0, 0, 4, 0, 0, 5, 0, 0, 5, 0, 0, 4, 0, 0, 4, 0, 0, 5, 0, 0, 4, 0, 0, 5, 0, 0, 4, 0, 0, 4, 0, 0, 4, 0, 0, 4, 0, 0, 4, 0, 0, 5, 0, 0, 5, 0, 0, 5, 0, 0, 5, 0, 0, 4, 0, 0, 4, 0, 0, 5, 0, 0, 5, 0, 0, 4, 0, 0, 5, 0, 0, 5, 0, 0, 5, 0, 0, 5, 0, 0, 4, 0, 0, 5, 0, 0, 4, 0, 0, 5, 0, 0, 5, 0, 0, 5, 0, 0, 5, 0, 0, 4, 0, 0, 4, 0, 0, 2, 120, 1500, 3, 130, 2000, 2, 120, 1500, 2, 120, 1500, 3, 130, 2000, 2, 120, 1500, 3, 130, 2000, 2, 120, 1500, 3, 130, 2000, 3, 130, 2000, 2, 120, 1500, 2, 120, 1500, 3, 130, 2000, 2, 120, 1500, 3, 130, 2000, 2, 120, 1500, 2, 120, 1500, 2, 120, 1500, 2, 120, 1500, 2, 120, 1500, 3, 130, 2000, 3, 130, 2000, 3, 130, 2000, 3, 130, 2000, 2, 120, 1500, 2, 120, 1500, 3, 130, 2000, 3, 130, 2000, 2, 120, 1500, 3, 130, 2000, 3, 130, 2000, 3, 130, 2000, 3, 130, 2000, 2, 120, 1500, 3, 130, 2000, 2, 120, 1500, 3, 130, 2000, 3, 130, 2000, 3, 130, 2000, 3, 130, 2000, 2, 120, 1500, 2, 120, 1500, 0, 10, 1000, 1, 12, 500, 0, 10, 1000, 0, 10, 1000, 1, 12, 500, 0, 10, 1000, 1, 12, 500, 0, 10, 1000, 1, 12, 500, 1, 12, 500, 0, 10, 1000, 0, 10, 1000, 1, 12, 500, 0, 10, 1000, 1, 12, 500, 0, 10, 1000, 0, 10, 1000, 0, 10, 1000, 0, 10, 1000, 0, 10, 1000, 1, 12, 500, 1, 12, 500, 1, 12, 500, 1, 12, 500, 0, 10, 1000, 0, 10, 1000, 1, 12, 500, 1, 12, 500, 0, 10, 1000, 1, 12, 500, 1, 12, 500, 1, 12, 500, 1, 12, 500, 0, 10, 1000, 1, 12, 500, 0, 10, 1000, 1, 12, 500, 1, 12, 500, 1, 12, 500, 1, 12, 500, 0, 10, 1000, 0, 10, 1000,  0 , 0, 0, 0 , 0, 0, 0 , 0, 0, 0 , 0, 0,2,2,2,2,2,2,3,3,3,3,3,3,4,4,4,4,4,4,5,5,5,5,5,5,6,6,6,6,6,6,7,7,7,7,7,7,8,8,8,8,8,8,2,2,2,2,2,2,3,3,3,3,3,3,4,4,4,4,4,4,5,5,5,5,5,5,6,6,6,6,6,6,7,7,7,7,7,7,8,8,8,8,8,8,2,2,2,2,2,2,3,3,3,3,3,3,4,4,4,4,4,4,5,5,5,5,5,5,6,6,6,6,6,6,7,7,7,7,7,7,8,8,8,8,8,8,0,0,0,0,
4, 0, 0, 5, 0, 0, 4, 0, 0, 4, 0, 0, 5, 0, 0, 4, 0, 0, 5, 0, 0, 4, 0, 0, 5, 0, 0, 5, 0, 0, 4, 0, 0, 4, 0, 0, 5, 0, 0, 4, 0, 0, 5, 0, 0, 4, 0, 0, 4, 0, 0, 4, 0, 0, 4, 0, 0, 4, 0, 0, 5, 0, 0, 5, 0, 0, 5, 0, 0, 5, 0, 0, 4, 0, 0, 4, 0, 0, 5, 0, 0, 5, 0, 0, 4, 0, 0, 5, 0, 0, 5, 0, 0, 5, 0, 0, 5, 0, 0, 4, 0, 0, 5, 0, 0, 4, 0, 0, 5, 0, 0, 5, 0, 0, 5, 0, 0, 5, 0, 0, 4, 0, 0, 4, 0, 0, 2, 120, 1500, 3, 130, 2000, 2, 120, 1500, 2, 120, 1500, 3, 130, 2000, 2, 120, 1500, 3, 130, 2000, 2, 120, 1500, 3, 130, 2000, 3, 130, 2000, 2, 120, 1500, 2, 120, 1500, 3, 130, 2000, 2, 120, 1500, 3, 130, 2000, 2, 120, 1500, 2, 120, 1500, 2, 120, 1500, 2, 120, 1500, 2, 120, 1500, 3, 130, 2000, 3, 130, 2000, 3, 130, 2000, 3, 130, 2000, 2, 120, 1500, 2, 120, 1500, 3, 130, 2000, 3, 130, 2000, 2, 120, 1500, 3, 130, 2000, 3, 130, 2000, 3, 130, 2000, 3, 130, 2000, 2, 120, 1500, 3, 130, 2000, 2, 120, 1500, 3, 130, 2000, 3, 130, 2000, 3, 130, 2000, 3, 130, 2000, 2, 120, 1500, 2, 120, 1500, 0, 10, 1000, 1, 12, 500, 0, 10, 1000, 0, 10, 1000, 1, 12, 500, 0, 10, 1000, 1, 12, 500, 0, 10, 1000, 1, 12, 500, 1, 12, 500, 0, 10, 1000, 0, 10, 1000, 1, 12, 500, 0, 10, 1000, 1, 12, 500, 0, 10, 1000, 0, 10, 1000, 0, 10, 1000, 0, 10, 1000, 0, 10, 1000, 1, 12, 500, 1, 12, 500, 1, 12, 500, 1, 12, 500, 0, 10, 1000, 0, 10, 1000, 1, 12, 500, 1, 12, 500, 0, 10, 1000, 1, 12, 500, 1, 12, 500, 1, 12, 500, 1, 12, 500, 0, 10, 1000, 1, 12, 500, 0, 10, 1000, 1, 12, 500, 1, 12, 500, 1, 12, 500, 1, 12, 500, 0, 10, 1000, 0, 10, 1000,  0 , 0, 0, 0 , 0, 0, 0 , 0, 0, 0 , 0, 0,2,2,2,2,2,2,3,3,3,3,3,3,4,4,4,4,4,4,5,5,5,5,5,5,6,6,6,6,6,6,7,7,7,7,7,7,8,8,8,8,8,8,2,2,2,2,2,2,3,3,3,3,3,3,4,4,4,4,4,4,5,5,5,5,5,5,6,6,6,6,6,6,7,7,7,7,7,7,8,8,8,8,8,8,2,2,2,2,2,2,3,3,3,3,3,3,4,4,4,4,4,4,5,5,5,5,5,5,6,6,6,6,6,6,7,7,7,7,7,7,8,8,8,8,8,8,0,0,0,0,
4, 0, 0, 5, 0, 0, 4, 0, 0, 4, 0, 0, 5, 0, 0, 4, 0, 0, 5, 0, 0, 4, 0, 0, 5, 0, 0, 5, 0, 0, 4, 0, 0, 4, 0, 0, 5, 0, 0, 4, 0, 0, 5, 0, 0, 4, 0, 0, 4, 0, 0, 4, 0, 0, 4, 0, 0, 4, 0, 0, 5, 0, 0, 5, 0, 0, 5, 0, 0, 5, 0, 0, 4, 0, 0, 4, 0, 0, 5, 0, 0, 5, 0, 0, 4, 0, 0, 5, 0, 0, 5, 0, 0, 5, 0, 0, 5, 0, 0, 4, 0, 0, 5, 0, 0, 4, 0, 0, 5, 0, 0, 5, 0, 0, 5, 0, 0, 5, 0, 0, 4, 0, 0, 4, 0, 0, 2, 120, 1500, 3, 130, 2000, 2, 120, 1500, 2, 120, 1500, 3, 130, 2000, 2, 120, 1500, 3, 130, 2000, 2, 120, 1500, 3, 130, 2000, 3, 130, 2000, 2, 120, 1500, 2, 120, 1500, 3, 130, 2000, 2, 120, 1500, 3, 130, 2000, 2, 120, 1500, 2, 120, 1500, 2, 120, 1500, 2, 120, 1500, 2, 120, 1500, 3, 130, 2000, 3, 130, 2000, 3, 130, 2000, 3, 130, 2000, 2, 120, 1500, 2, 120, 1500, 3, 130, 2000, 3, 130, 2000, 2, 120, 1500, 3, 130, 2000, 3, 130, 2000, 3, 130, 2000, 3, 130, 2000, 2, 120, 1500, 3, 130, 2000, 2, 120, 1500, 3, 130, 2000, 3, 130, 2000, 3, 130, 2000, 3, 130, 2000, 2, 120, 1500, 2, 120, 1500, 0, 10, 1000, 1, 12, 500, 0, 10, 1000, 0, 10, 1000, 1, 12, 500, 0, 10, 1000, 1, 12, 500, 0, 10, 1000, 1, 12, 500, 1, 12, 500, 0, 10, 1000, 0, 10, 1000, 1, 12, 500, 0, 10, 1000, 1, 12, 500, 0, 10, 1000, 0, 10, 1000, 0, 10, 1000, 0, 10, 1000, 0, 10, 1000, 1, 12, 500, 1, 12, 500, 1, 12, 500, 1, 12, 500, 0, 10, 1000, 0, 10, 1000, 1, 12, 500, 1, 12, 500, 0, 10, 1000, 1, 12, 500, 1, 12, 500, 1, 12, 500, 1, 12, 500, 0, 10, 1000, 1, 12, 500, 0, 10, 1000, 1, 12, 500, 1, 12, 500, 1, 12, 500, 1, 12, 500, 0, 10, 1000, 0, 10, 1000,  0 , 0, 0, 0 , 0, 0, 0 , 0, 0, 0 , 0, 0,2,2,2,2,2,2,3,3,3,3,3,3,4,4,4,4,4,4,5,5,5,5,5,5,6,6,6,6,6,6,7,7,7,7,7,7,8,8,8,8,8,8,2,2,2,2,2,2,3,3,3,3,3,3,4,4,4,4,4,4,5,5,5,5,5,5,6,6,6,6,6,6,7,7,7,7,7,7,8,8,8,8,8,8,2,2,2,2,2,2,3,3,3,3,3,3,4,4,4,4,4,4,5,5,5,5,5,5,6,6,6,6,6,6,7,7,7,7,7,7,8,8,8,8,8,8,0,0,0,0,
4, 0, 0, 5, 0, 0, 4, 0, 0, 4, 0, 0, 5, 0, 0, 4, 0, 0, 5, 0, 0, 4, 0, 0, 5, 0, 0, 5, 0, 0, 4, 0, 0, 4, 0, 0, 5, 0, 0, 4, 0, 0, 5, 0, 0, 4, 0, 0, 4, 0, 0, 4, 0, 0, 4, 0, 0, 4, 0, 0, 5, 0, 0, 5, 0, 0, 5, 0, 0, 5, 0, 0, 4, 0, 0, 4, 0, 0, 5, 0, 0, 5, 0, 0, 4, 0, 0, 5, 0, 0, 5, 0, 0, 5, 0, 0, 5, 0, 0, 4, 0, 0, 5, 0, 0, 4, 0, 0, 5, 0, 0, 5, 0, 0, 5, 0, 0, 5, 0, 0, 4, 0, 0, 4, 0, 0, 2, 120, 1500, 3, 130, 2000, 2, 120, 1500, 2, 120, 1500, 3, 130, 2000, 2, 120, 1500, 3, 130, 2000, 2, 120, 1500, 3, 130, 2000, 3, 130, 2000, 2, 120, 1500, 2, 120, 1500, 3, 130, 2000, 2, 120, 1500, 3, 130, 2000, 2, 120, 1500, 2, 120, 1500, 2, 120, 1500, 2, 120, 1500, 2, 120, 1500, 3, 130, 2000, 3, 130, 2000, 3, 130, 2000, 3, 130, 2000, 2, 120, 1500, 2, 120, 1500, 3, 130, 2000, 3, 130, 2000, 2, 120, 1500, 3, 130, 2000, 3, 130, 2000, 3, 130, 2000, 3, 130, 2000, 2, 120, 1500, 3, 130, 2000, 2, 120, 1500, 3, 130, 2000, 3, 130, 2000, 3, 130, 2000, 3, 130, 2000, 2, 120, 1500, 2, 120, 1500, 0, 10, 1000, 1, 12, 500, 0, 10, 1000, 0, 10, 1000, 1, 12, 500, 0, 10, 1000, 1, 12, 500, 0, 10, 1000, 1, 12, 500, 1, 12, 500, 0, 10, 1000, 0, 10, 1000, 1, 12, 500, 0, 10, 1000, 1, 12, 500, 0, 10, 1000, 0, 10, 1000, 0, 10, 1000, 0, 10, 1000, 0, 10, 1000, 1, 12, 500, 1, 12, 500, 1, 12, 500, 1, 12, 500, 0, 10, 1000, 0, 10, 1000, 1, 12, 500, 1, 12, 500, 0, 10, 1000, 1, 12, 500, 1, 12, 500, 1, 12, 500, 1, 12, 500, 0, 10, 1000, 1, 12, 500, 0, 10, 1000, 1, 12, 500, 1, 12, 500, 1, 12, 500, 1, 12, 500, 0, 10, 1000, 0, 10, 1000,  0 , 0, 0, 0 , 0, 0, 0 , 0, 0, 0 , 0, 0,2,2,2,2,2,2,3,3,3,3,3,3,4,4,4,4,4,4,5,5,5,5,5,5,6,6,6,6,6,6,7,7,7,7,7,7,8,8,8,8,8,8,2,2,2,2,2,2,3,3,3,3,3,3,4,4,4,4,4,4,5,5,5,5,5,5,6,6,6,6,6,6,7,7,7,7,7,7,8,8,8,8,8,8,2,2,2,2,2,2,3,3,3,3,3,3,4,4,4,4,4,4,5,5,5,5,5,5,6,6,6,6,6,6,7,7,7,7,7,7,8,8,8,8,8,8,0,0,0,0,
4, 0, 0, 5, 0, 0, 4, 0, 0, 4, 0, 0, 5, 0, 0, 4, 0, 0, 5, 0, 0, 4, 0, 0, 5, 0, 0, 5, 0, 0, 4, 0, 0, 4, 0, 0, 5, 0, 0, 4, 0, 0, 5, 0, 0, 4, 0, 0, 4, 0, 0, 4, 0, 0, 4, 0, 0, 4, 0, 0, 5, 0, 0, 5, 0, 0, 5, 0, 0, 5, 0, 0, 4, 0, 0, 4, 0, 0, 5, 0, 0, 5, 0, 0, 4, 0, 0, 5, 0, 0, 5, 0, 0, 5, 0, 0, 5, 0, 0, 4, 0, 0, 5, 0, 0, 4, 0, 0, 5, 0, 0, 5, 0, 0, 5, 0, 0, 5, 0, 0, 4, 0, 0, 4, 0, 0, 2, 120, 1500, 3, 130, 2000, 2, 120, 1500, 2, 120, 1500, 3, 130, 2000, 2, 120, 1500, 3, 130, 2000, 2, 120, 1500, 3, 130, 2000, 3, 130, 2000, 2, 120, 1500, 2, 120, 1500, 3, 130, 2000, 2, 120, 1500, 3, 130, 2000, 2, 120, 1500, 2, 120, 1500, 2, 120, 1500, 2, 120, 1500, 2, 120, 1500, 3, 130, 2000, 3, 130, 2000, 3, 130, 2000, 3, 130, 2000, 2, 120, 1500, 2, 120, 1500, 3, 130, 2000, 3, 130, 2000, 2, 120, 1500, 3, 130, 2000, 3, 130, 2000, 3, 130, 2000, 3, 130, 2000, 2, 120, 1500, 3, 130, 2000, 2, 120, 1500, 3, 130, 2000, 3, 130, 2000, 3, 130, 2000, 3, 130, 2000, 2, 120, 1500, 2, 120, 1500, 0, 10, 1000, 1, 12, 500, 0, 10, 1000, 0, 10, 1000, 1, 12, 500, 0, 10, 1000, 1, 12, 500, 0, 10, 1000, 1, 12, 500, 1, 12, 500, 0, 10, 1000, 0, 10, 1000, 1, 12, 500, 0, 10, 1000, 1, 12, 500, 0, 10, 1000, 0, 10, 1000, 0, 10, 1000, 0, 10, 1000, 0, 10, 1000, 1, 12, 500, 1, 12, 500, 1, 12, 500, 1, 12, 500, 0, 10, 1000, 0, 10, 1000, 1, 12, 500, 1, 12, 500, 0, 10, 1000, 1, 12, 500, 1, 12, 500, 1, 12, 500, 1, 12, 500, 0, 10, 1000, 1, 12, 500, 0, 10, 1000, 1, 12, 500, 1, 12, 500, 1, 12, 500, 1, 12, 500, 0, 10, 1000, 0, 10, 1000,  0 , 0, 0, 0 , 0, 0, 0 , 0, 0, 0 , 0, 0,2,2,2,2,2,2,3,3,3,3,3,3,4,4,4,4,4,4,5,5,5,5,5,5,6,6,6,6,6,6,7,7,7,7,7,7,8,8,8,8,8,8,2,2,2,2,2,2,3,3,3,3,3,3,4,4,4,4,4,4,5,5,5,5,5,5,6,6,6,6,6,6,7,7,7,7,7,7,8,8,8,8,8,8,2,2,2,2,2,2,3,3,3,3,3,3,4,4,4,4,4,4,5,5,5,5,5,5,6,6,6,6,6,6,7,7,7,7,7,7,8,8,8,8,8,8,0,0,0,0,
4, 0, 0, 5, 0, 0, 4, 0, 0, 4, 0, 0, 5, 0, 0, 4, 0, 0, 5, 0, 0, 4, 0, 0, 5, 0, 0, 5, 0, 0, 4, 0, 0, 4, 0, 0, 5, 0, 0, 4, 0, 0, 5, 0, 0, 4, 0, 0, 4, 0, 0, 4, 0, 0, 4, 0, 0, 4, 0, 0, 5, 0, 0, 5, 0, 0, 5, 0, 0, 5, 0, 0, 4, 0, 0, 4, 0, 0, 5, 0, 0, 5, 0, 0, 4, 0, 0, 5, 0, 0, 5, 0, 0, 5, 0, 0, 5, 0, 0, 4, 0, 0, 5, 0, 0, 4, 0, 0, 5, 0, 0, 5, 0, 0, 5, 0, 0, 5, 0, 0, 4, 0, 0, 4, 0, 0, 2, 120, 1500, 3, 130, 2000, 2, 120, 1500, 2, 120, 1500, 3, 130, 2000, 2, 120, 1500, 3, 130, 2000, 2, 120, 1500, 3, 130, 2000, 3, 130, 2000, 2, 120, 1500, 2, 120, 1500, 3, 130, 2000, 2, 120, 1500, 3, 130, 2000, 2, 120, 1500, 2, 120, 1500, 2, 120, 1500, 2, 120, 1500, 2, 120, 1500, 3, 130, 2000, 3, 130, 2000, 3, 130, 2000, 3, 130, 2000, 2, 120, 1500, 2, 120, 1500, 3, 130, 2000, 3, 130, 2000, 2, 120, 1500, 3, 130, 2000, 3, 130, 2000, 3, 130, 2000, 3, 130, 2000, 2, 120, 1500, 3, 130, 2000, 2, 120, 1500, 3, 130, 2000, 3, 130, 2000, 3, 130, 2000, 3, 130, 2000, 2, 120, 1500, 2, 120, 1500, 0, 10, 1000, 1, 12, 500, 0, 10, 1000, 0, 10, 1000, 1, 12, 500, 0, 10, 1000, 1, 12, 500, 0, 10, 1000, 1, 12, 500, 1, 12, 500, 0, 10, 1000, 0, 10, 1000, 1, 12, 500, 0, 10, 1000, 1, 12, 500, 0, 10, 1000, 0, 10, 1000, 0, 10, 1000, 0, 10, 1000, 0, 10, 1000, 1, 12, 500, 1, 12, 500, 1, 12, 500, 1, 12, 500, 0, 10, 1000, 0, 10, 1000, 1, 12, 500, 1, 12, 500, 0, 10, 1000, 1, 12, 500, 1, 12, 500, 1, 12, 500, 1, 12, 500, 0, 10, 1000, 1, 12, 500, 0, 10, 1000, 1, 12, 500, 1, 12, 500, 1, 12, 500, 1, 12, 500, 0, 10, 1000, 0, 10, 1000,  0 , 0, 0, 0 , 0, 0, 0 , 0, 0, 0 , 0, 0,2,2,2,2,2,2,3,3,3,3,3,3,4,4,4,4,4,4,5,5,5,5,5,5,6,6,6,6,6,6,7,7,7,7,7,7,8,8,8,8,8,8,2,2,2,2,2,2,3,3,3,3,3,3,4,4,4,4,4,4,5,5,5,5,5,5,6,6,6,6,6,6,7,7,7,7,7,7,8,8,8,8,8,8,2,2,2,2,2,2,3,3,3,3,3,3,4,4,4,4,4,4,5,5,5,5,5,5,6,6,6,6,6,6,7,7,7,7,7,7,8,8,8,8,8,8,0,0,0,0,
4, 0, 0, 5, 0, 0, 4, 0, 0, 4, 0, 0, 5, 0, 0, 4, 0, 0, 5, 0, 0, 4, 0, 0, 5, 0, 0, 5, 0, 0, 4, 0, 0, 4, 0, 0, 5, 0, 0, 4, 0, 0, 5, 0, 0, 4, 0, 0, 4, 0, 0, 4, 0, 0, 4, 0, 0, 4, 0, 0, 5, 0, 0, 5, 0, 0, 5, 0, 0, 5, 0, 0, 4, 0, 0, 4, 0, 0, 5, 0, 0, 5, 0, 0, 4, 0, 0, 5, 0, 0, 5, 0, 0, 5, 0, 0, 5, 0, 0, 4, 0, 0, 5, 0, 0, 4, 0, 0, 5, 0, 0, 5, 0, 0, 5, 0, 0, 5, 0, 0, 4, 0, 0, 4, 0, 0, 2, 120, 1500, 3, 130, 2000, 2, 120, 1500, 2, 120, 1500, 3, 130, 2000, 2, 120, 1500, 3, 130, 2000, 2, 120, 1500, 3, 130, 2000, 3, 130, 2000, 2, 120, 1500, 2, 120, 1500, 3, 130, 2000, 2, 120, 1500, 3, 130, 2000, 2, 120, 1500, 2, 120, 1500, 2, 120, 1500, 2, 120, 1500, 2, 120, 1500, 3, 130, 2000, 3, 130, 2000, 3, 130, 2000, 3, 130, 2000, 2, 120, 1500, 2, 120, 1500, 3, 130, 2000, 3, 130, 2000, 2, 120, 1500, 3, 130, 2000, 3, 130, 2000, 3, 130, 2000, 3, 130, 2000, 2, 120, 1500, 3, 130, 2000, 2, 120, 1500, 3, 130, 2000, 3, 130, 2000, 3, 130, 2000, 3, 130, 2000, 2, 120, 1500, 2, 120, 1500, 0, 10, 1000, 1, 12, 500, 0, 10, 1000, 0, 10, 1000, 1, 12, 500, 0, 10, 1000, 1, 12, 500, 0, 10, 1000, 1, 12, 500, 1, 12, 500, 0, 10, 1000, 0, 10, 1000, 1, 12, 500, 0, 10, 1000, 1, 12, 500, 0, 10, 1000, 0, 10, 1000, 0, 10, 1000, 0, 10, 1000, 0, 10, 1000, 1, 12, 500, 1, 12, 500, 1, 12, 500, 1, 12, 500, 0, 10, 1000, 0, 10, 1000, 1, 12, 500, 1, 12, 500, 0, 10, 1000, 1, 12, 500, 1, 12, 500, 1, 12, 500, 1, 12, 500, 0, 10, 1000, 1, 12, 500, 0, 10, 1000, 1, 12, 500, 1, 12, 500, 1, 12, 500, 1, 12, 500, 0, 10, 1000, 0, 10, 1000,  0 , 0, 0, 0 , 0, 0, 0 , 0, 0, 0 , 0, 0,2,2,2,2,2,2,3,3,3,3,3,3,4,4,4,4,4,4,5,5,5,5,5,5,6,6,6,6,6,6,7,7,7,7,7,7,8,8,8,8,8,8,2,2,2,2,2,2,3,3,3,3,3,3,4,4,4,4,4,4,5,5,5,5,5,5,6,6,6,6,6,6,7,7,7,7,7,7,8,8,8,8,8,8,2,2,2,2,2,2,3,3,3,3,3,3,4,4,4,4,4,4,5,5,5,5,5,5,6,6,6,6,6,6,7,7,7,7,7,7,8,8,8,8,8,8,0,0,0,0,
4, 0, 0, 5, 0, 0, 4, 0, 0, 4, 0, 0, 5, 0, 0, 4, 0, 0, 5, 0, 0, 4, 0, 0, 5, 0, 0, 5, 0, 0, 4, 0, 0, 4, 0, 0, 5, 0, 0, 4, 0, 0, 5, 0, 0, 4, 0, 0, 4, 0, 0, 4, 0, 0, 4, 0, 0, 4, 0, 0, 5, 0, 0, 5, 0, 0, 5, 0, 0, 5, 0, 0, 4, 0, 0, 4, 0, 0, 5, 0, 0, 5, 0, 0, 4, 0, 0, 5, 0, 0, 5, 0, 0, 5, 0, 0, 5, 0, 0, 4, 0, 0, 5, 0, 0, 4, 0, 0, 5, 0, 0, 5, 0, 0, 5, 0, 0, 5, 0, 0, 4, 0, 0, 4, 0, 0, 2, 120, 1500, 3, 130, 2000, 2, 120, 1500, 2, 120, 1500, 3, 130, 2000, 2, 120, 1500, 3, 130, 2000, 2, 120, 1500, 3, 130, 2000, 3, 130, 2000, 2, 120, 1500, 2, 120, 1500, 3, 130, 2000, 2, 120, 1500, 3, 130, 2000, 2, 120, 1500, 2, 120, 1500, 2, 120, 1500, 2, 120, 1500, 2, 120, 1500, 3, 130, 2000, 3, 130, 2000, 3, 130, 2000, 3, 130, 2000, 2, 120, 1500, 2, 120, 1500, 3, 130, 2000, 3, 130, 2000, 2, 120, 1500, 3, 130, 2000, 3, 130, 2000, 3, 130, 2000, 3, 130, 2000, 2, 120, 1500, 3, 130, 2000, 2, 120, 1500, 3, 130, 2000, 3, 130, 2000, 3, 130, 2000, 3, 130, 2000, 2, 120, 1500, 2, 120, 1500, 0, 10, 1000, 1, 12, 500, 0, 10, 1000, 0, 10, 1000, 1, 12, 500, 0, 10, 1000, 1, 12, 500, 0, 10, 1000, 1, 12, 500, 1, 12, 500, 0, 10, 1000, 0, 10, 1000, 1, 12, 500, 0, 10, 1000, 1, 12, 500, 0, 10, 1000, 0, 10, 1000, 0, 10, 1000, 0, 10, 1000, 0, 10, 1000, 1, 12, 500, 1, 12, 500, 1, 12, 500, 1, 12, 500, 0, 10, 1000, 0, 10, 1000, 1, 12, 500, 1, 12, 500, 0, 10, 1000, 1, 12, 500, 1, 12, 500, 1, 12, 500, 1, 12, 500, 0, 10, 1000, 1, 12, 500, 0, 10, 1000, 1, 12, 500, 1, 12, 500, 1, 12, 500, 1, 12, 500, 0, 10, 1000, 0, 10, 1000,  0 , 0, 0, 0 , 0, 0, 0 , 0, 0, 0 , 0, 0,2,2,2,2,2,2,3,3,3,3,3,3,4,4,4,4,4,4,5,5,5,5,5,5,6,6,6,6,6,6,7,7,7,7,7,7,8,8,8,8,8,8,2,2,2,2,2,2,3,3,3,3,3,3,4,4,4,4,4,4,5,5,5,5,5,5,6,6,6,6,6,6,7,7,7,7,7,7,8,8,8,8,8,8,2,2,2,2,2,2,3,3,3,3,3,3,4,4,4,4,4,4,5,5,5,5,5,5,6,6,6,6,6,6,7,7,7,7,7,7,8,8,8,8,8,8,0,0,0,0,
4, 0, 0, 5, 0, 0, 4, 0, 0, 4, 0, 0, 5, 0, 0, 4, 0, 0, 5, 0, 0, 4, 0, 0, 5, 0, 0, 5, 0, 0, 4, 0, 0, 4, 0, 0, 5, 0, 0, 4, 0, 0, 5, 0, 0, 4, 0, 0, 4, 0, 0, 4, 0, 0, 4, 0, 0, 4, 0, 0, 5, 0, 0, 5, 0, 0, 5, 0, 0, 5, 0, 0, 4, 0, 0, 4, 0, 0, 5, 0, 0, 5, 0, 0, 4, 0, 0, 5, 0, 0, 5, 0, 0, 5, 0, 0, 5, 0, 0, 4, 0, 0, 5, 0, 0, 4, 0, 0, 5, 0, 0, 5, 0, 0, 5, 0, 0, 5, 0, 0, 4, 0, 0, 4, 0, 0, 2, 120, 1500, 3, 130, 2000, 2, 120, 1500, 2, 120, 1500, 3, 130, 2000, 2, 120, 1500, 3, 130, 2000, 2, 120, 1500, 3, 130, 2000, 3, 130, 2000, 2, 120, 1500, 2, 120, 1500, 3, 130, 2000, 2, 120, 1500, 3, 130, 2000, 2, 120, 1500, 2, 120, 1500, 2, 120, 1500, 2, 120, 1500, 2, 120, 1500, 3, 130, 2000, 3, 130, 2000, 3, 130, 2000, 3, 130, 2000, 2, 120, 1500, 2, 120, 1500, 3, 130, 2000, 3, 130, 2000, 2, 120, 1500, 3, 130, 2000, 3, 130, 2000, 3, 130, 2000, 3, 130, 2000, 2, 120, 1500, 3, 130, 2000, 2, 120, 1500, 3, 130, 2000, 3, 130, 2000, 3, 130, 2000, 3, 130, 2000, 2, 120, 1500, 2, 120, 1500, 0, 10, 1000, 1, 12, 500, 0, 10, 1000, 0, 10, 1000, 1, 12, 500, 0, 10, 1000, 1, 12, 500, 0, 10, 1000, 1, 12, 500, 1, 12, 500, 0, 10, 1000, 0, 10, 1000, 1, 12, 500, 0, 10, 1000, 1, 12, 500, 0, 10, 1000, 0, 10, 1000, 0, 10, 1000, 0, 10, 1000, 0, 10, 1000, 1, 12, 500, 1, 12, 500, 1, 12, 500, 1, 12, 500, 0, 10, 1000, 0, 10, 1000, 1, 12, 500, 1, 12, 500, 0, 10, 1000, 1, 12, 500, 1, 12, 500, 1, 12, 500, 1, 12, 500, 0, 10, 1000, 1, 12, 500, 0, 10, 1000, 1, 12, 500, 1, 12, 500, 1, 12, 500, 1, 12, 500, 0, 10, 1000, 0, 10, 1000,  0 , 0, 0, 0 , 0, 0, 0 , 0, 0, 0 , 0, 0,2,2,2,2,2,2,3,3,3,3,3,3,4,4,4,4,4,4,5,5,5,5,5,5,6,6,6,6,6,6,7,7,7,7,7,7,8,8,8,8,8,8,2,2,2,2,2,2,3,3,3,3,3,3,4,4,4,4,4,4,5,5,5,5,5,5,6,6,6,6,6,6,7,7,7,7,7,7,8,8,8,8,8,8,2,2,2,2,2,2,3,3,3,3,3,3,4,4,4,4,4,4,5,5,5,5,5,5,6,6,6,6,6,6,7,7,7,7,7,7,8,8,8,8,8,8,0,0,0,0,
4, 0, 0, 5, 0, 0, 4, 0, 0, 4, 0, 0, 5, 0, 0, 4, 0, 0, 5, 0, 0, 4, 0, 0, 5, 0, 0, 5, 0, 0, 4, 0, 0, 4, 0, 0, 5, 0, 0, 4, 0, 0, 5, 0, 0, 4, 0, 0, 4, 0, 0, 4, 0, 0, 4, 0, 0, 4, 0, 0, 5, 0, 0, 5, 0, 0, 5, 0, 0, 5, 0, 0, 4, 0, 0, 4, 0, 0, 5, 0, 0, 5, 0, 0, 4, 0, 0, 5, 0, 0, 5, 0, 0, 5, 0, 0, 5, 0, 0, 4, 0, 0, 5, 0, 0, 4, 0, 0, 5, 0, 0, 5, 0, 0, 5, 0, 0, 5, 0, 0, 4, 0, 0, 4, 0, 0, 2, 120, 1500, 3, 130, 2000, 2, 120, 1500, 2, 120, 1500, 3, 130, 2000, 2, 120, 1500, 3, 130, 2000, 2, 120, 1500, 3, 130, 2000, 3, 130, 2000, 2, 120, 1500, 2, 120, 1500, 3, 130, 2000, 2, 120, 1500, 3, 130, 2000, 2, 120, 1500, 2, 120, 1500, 2, 120, 1500, 2, 120, 1500, 2, 120, 1500, 3, 130, 2000, 3, 130, 2000, 3, 130, 2000, 3, 130, 2000, 2, 120, 1500, 2, 120, 1500, 3, 130, 2000, 3, 130, 2000, 2, 120, 1500, 3, 130, 2000, 3, 130, 2000, 3, 130, 2000, 3, 130, 2000, 2, 120, 1500, 3, 130, 2000, 2, 120, 1500, 3, 130, 2000, 3, 130, 2000, 3, 130, 2000, 3, 130, 2000, 2, 120, 1500, 2, 120, 1500, 0, 10, 1000, 1, 12, 500, 0, 10, 1000, 0, 10, 1000, 1, 12, 500, 0, 10, 1000, 1, 12, 500, 0, 10, 1000, 1, 12, 500, 1, 12, 500, 0, 10, 1000, 0, 10, 1000, 1, 12, 500, 0, 10, 1000, 1, 12, 500, 0, 10, 1000, 0, 10, 1000, 0, 10, 1000, 0, 10, 1000, 0, 10, 1000, 1, 12, 500, 1, 12, 500, 1, 12, 500, 1, 12, 500, 0, 10, 1000, 0, 10, 1000, 1, 12, 500, 1, 12, 500, 0, 10, 1000, 1, 12, 500, 1, 12, 500, 1, 12, 500, 1, 12, 500, 0, 10, 1000, 1, 12, 500, 0, 10, 1000, 1, 12, 500, 1, 12, 500, 1, 12, 500, 1, 12, 500, 0, 10, 1000, 0, 10, 1000,  0 , 0, 0, 0 , 0, 0, 0 , 0, 0, 0 , 0, 0,2,2,2,2,2,2,3,3,3,3,3,3,4,4,4,4,4,4,5,5,5,5,5,5,6,6,6,6,6,6,7,7,7,7,7,7,8,8,8,8,8,8,2,2,2,2,2,2,3,3,3,3,3,3,4,4,4,4,4,4,5,5,5,5,5,5,6,6,6,6,6,6,7,7,7,7,7,7,8,8,8,8,8,8,2,2,2,2,2,2,3,3,3,3,3,3,4,4,4,4,4,4,5,5,5,5,5,5,6,6,6,6,6,6,7,7,7,7,7,7,8,8,8,8,8,8,0,0,0,0,
4, 0, 0, 5, 0, 0, 4, 0, 0, 4, 0, 0, 5, 0, 0, 4, 0, 0, 5, 0, 0, 4, 0, 0, 5, 0, 0, 5, 0, 0, 4, 0, 0, 4, 0, 0, 5, 0, 0, 4, 0, 0, 5, 0, 0, 4, 0, 0, 4, 0, 0, 4, 0, 0, 4, 0, 0, 4, 0, 0, 5, 0, 0, 5, 0, 0, 5, 0, 0, 5, 0, 0, 4, 0, 0, 4, 0, 0, 5, 0, 0, 5, 0, 0, 4, 0, 0, 5, 0, 0, 5, 0, 0, 5, 0, 0, 5, 0, 0, 4, 0, 0, 5, 0, 0, 4, 0, 0, 5, 0, 0, 5, 0, 0, 5, 0, 0, 5, 0, 0, 4, 0, 0, 4, 0, 0, 2, 120, 1500, 3, 130, 2000, 2, 120, 1500, 2, 120, 1500, 3, 130, 2000, 2, 120, 1500, 3, 130, 2000, 2, 120, 1500, 3, 130, 2000, 3, 130, 2000, 2, 120, 1500, 2, 120, 1500, 3, 130, 2000, 2, 120, 1500, 3, 130, 2000, 2, 120, 1500, 2, 120, 1500, 2, 120, 1500, 2, 120, 1500, 2, 120, 1500, 3, 130, 2000, 3, 130, 2000, 3, 130, 2000, 3, 130, 2000, 2, 120, 1500, 2, 120, 1500, 3, 130, 2000, 3, 130, 2000, 2, 120, 1500, 3, 130, 2000, 3, 130, 2000, 3, 130, 2000, 3, 130, 2000, 2, 120, 1500, 3, 130, 2000, 2, 120, 1500, 3, 130, 2000, 3, 130, 2000, 3, 130, 2000, 3, 130, 2000, 2, 120, 1500, 2, 120, 1500, 0, 10, 1000, 1, 12, 500, 0, 10, 1000, 0, 10, 1000, 1, 12, 500, 0, 10, 1000, 1, 12, 500, 0, 10, 1000, 1, 12, 500, 1, 12, 500, 0, 10, 1000, 0, 10, 1000, 1, 12, 500, 0, 10, 1000, 1, 12, 500, 0, 10, 1000, 0, 10, 1000, 0, 10, 1000, 0, 10, 1000, 0, 10, 1000, 1, 12, 500, 1, 12, 500, 1, 12, 500, 1, 12, 500, 0, 10, 1000, 0, 10, 1000, 1, 12, 500, 1, 12, 500, 0, 10, 1000, 1, 12, 500, 1, 12, 500, 1, 12, 500, 1, 12, 500, 0, 10, 1000, 1, 12, 500, 0, 10, 1000, 1, 12, 500, 1, 12, 500, 1, 12, 500, 1, 12, 500, 0, 10, 1000, 0, 10, 1000,  0 , 0, 0, 0 , 0, 0, 0 , 0, 0, 0 , 0, 0,2,2,2,2,2,2,3,3,3,3,3,3,4,4,4,4,4,4,5,5,5,5,5,5,6,6,6,6,6,6,7,7,7,7,7,7,8,8,8,8,8,8,2,2,2,2,2,2,3,3,3,3,3,3,4,4,4,4,4,4,5,5,5,5,5,5,6,6,6,6,6,6,7,7,7,7,7,7,8,8,8,8,8,8,2,2,2,2,2,2,3,3,3,3,3,3,4,4,4,4,4,4,5,5,5,5,5,5,6,6,6,6,6,6,7,7,7,7,7,7,8,8,8,8,8,8,0,0,0,0,
4, 0, 0, 5, 0, 0, 4, 0, 0, 4, 0, 0, 5, 0, 0, 4, 0, 0, 5, 0, 0, 4, 0, 0, 5, 0, 0, 5, 0, 0, 4, 0, 0, 4, 0, 0, 5, 0, 0, 4, 0, 0, 5, 0, 0, 4, 0, 0, 4, 0, 0, 4, 0, 0, 4, 0, 0, 4, 0, 0, 5, 0, 0, 5, 0, 0, 5, 0, 0, 5, 0, 0, 4, 0, 0, 4, 0, 0, 5, 0, 0, 5, 0, 0, 4, 0, 0, 5, 0, 0, 5, 0, 0, 5, 0, 0, 5, 0, 0, 4, 0, 0, 5, 0, 0, 4, 0, 0, 5, 0, 0, 5, 0, 0, 5, 0, 0, 5, 0, 0, 4, 0, 0, 4, 0, 0, 2, 120, 1500, 3, 130, 2000, 2, 120, 1500, 2, 120, 1500, 3, 130, 2000, 2, 120, 1500, 3, 130, 2000, 2, 120, 1500, 3, 130, 2000, 3, 130, 2000, 2, 120, 1500, 2, 120, 1500, 3, 130, 2000, 2, 120, 1500, 3, 130, 2000, 2, 120, 1500, 2, 120, 1500, 2, 120, 1500, 2, 120, 1500, 2, 120, 1500, 3, 130, 2000, 3, 130, 2000, 3, 130, 2000, 3, 130, 2000, 2, 120, 1500, 2, 120, 1500, 3, 130, 2000, 3, 130, 2000, 2, 120, 1500, 3, 130, 2000, 3, 130, 2000, 3, 130, 2000, 3, 130, 2000, 2, 120, 1500, 3, 130, 2000, 2, 120, 1500, 3, 130, 2000, 3, 130, 2000, 3, 130, 2000, 3, 130, 2000, 2, 120, 1500, 2, 120, 1500, 0, 10, 1000, 1, 12, 500, 0, 10, 1000, 0, 10, 1000, 1, 12, 500, 0, 10, 1000, 1, 12, 500, 0, 10, 1000, 1, 12, 500, 1, 12, 500, 0, 10, 1000, 0, 10, 1000, 1, 12, 500, 0, 10, 1000, 1, 12, 500, 0, 10, 1000, 0, 10, 1000, 0, 10, 1000, 0, 10, 1000, 0, 10, 1000, 1, 12, 500, 1, 12, 500, 1, 12, 500, 1, 12, 500, 0, 10, 1000, 0, 10, 1000, 1, 12, 500, 1, 12, 500, 0, 10, 1000, 1, 12, 500, 1, 12, 500, 1, 12, 500, 1, 12, 500, 0, 10, 1000, 1, 12, 500, 0, 10, 1000, 1, 12, 500, 1, 12, 500, 1, 12, 500, 1, 12, 500, 0, 10, 1000, 0, 10, 1000,  0 , 0, 0, 0 , 0, 0, 0 , 0, 0, 0 , 0, 0,2,2,2,2,2,2,3,3,3,3,3,3,4,4,4,4,4,4,5,5,5,5,5,5,6,6,6,6,6,6,7,7,7,7,7,7,8,8,8,8,8,8,2,2,2,2,2,2,3,3,3,3,3,3,4,4,4,4,4,4,5,5,5,5,5,5,6,6,6,6,6,6,7,7,7,7,7,7,8,8,8,8,8,8,2,2,2,2,2,2,3,3,3,3,3,3,4,4,4,4,4,4,5,5,5,5,5,5,6,6,6,6,6,6,7,7,7,7,7,7,8,8,8,8,8,8,0,0,0,0,
4, 0, 0, 5, 0, 0, 4, 0, 0, 4, 0, 0, 5, 0, 0, 4, 0, 0, 5, 0, 0, 4, 0, 0, 5, 0, 0, 5, 0, 0, 4, 0, 0, 4, 0, 0, 5, 0, 0, 4, 0, 0, 5, 0, 0, 4, 0, 0, 4, 0, 0, 4, 0, 0, 4, 0, 0, 4, 0, 0, 5, 0, 0, 5, 0, 0, 5, 0, 0, 5, 0, 0, 4, 0, 0, 4, 0, 0, 5, 0, 0, 5, 0, 0, 4, 0, 0, 5, 0, 0, 5, 0, 0, 5, 0, 0, 5, 0, 0, 4, 0, 0, 5, 0, 0, 4, 0, 0, 5, 0, 0, 5, 0, 0, 5, 0, 0, 5, 0, 0, 4, 0, 0, 4, 0, 0, 2, 120, 1500, 3, 130, 2000, 2, 120, 1500, 2, 120, 1500, 3, 130, 2000, 2, 120, 1500, 3, 130, 2000, 2, 120, 1500, 3, 130, 2000, 3, 130, 2000, 2, 120, 1500, 2, 120, 1500, 3, 130, 2000, 2, 120, 1500, 3, 130, 2000, 2, 120, 1500, 2, 120, 1500, 2, 120, 1500, 2, 120, 1500, 2, 120, 1500, 3, 130, 2000, 3, 130, 2000, 3, 130, 2000, 3, 130, 2000, 2, 120, 1500, 2, 120, 1500, 3, 130, 2000, 3, 130, 2000, 2, 120, 1500, 3, 130, 2000, 3, 130, 2000, 3, 130, 2000, 3, 130, 2000, 2, 120, 1500, 3, 130, 2000, 2, 120, 1500, 3, 130, 2000, 3, 130, 2000, 3, 130, 2000, 3, 130, 2000, 2, 120, 1500, 2, 120, 1500, 0, 10, 1000, 1, 12, 500, 0, 10, 1000, 0, 10, 1000, 1, 12, 500, 0, 10, 1000, 1, 12, 500, 0, 10, 1000, 1, 12, 500, 1, 12, 500, 0, 10, 1000, 0, 10, 1000, 1, 12, 500, 0, 10, 1000, 1, 12, 500, 0, 10, 1000, 0, 10, 1000, 0, 10, 1000, 0, 10, 1000, 0, 10, 1000, 1, 12, 500, 1, 12, 500, 1, 12, 500, 1, 12, 500, 0, 10, 1000, 0, 10, 1000, 1, 12, 500, 1, 12, 500, 0, 10, 1000, 1, 12, 500, 1, 12, 500, 1, 12, 500, 1, 12, 500, 0, 10, 1000, 1, 12, 500, 0, 10, 1000, 1, 12, 500, 1, 12, 500, 1, 12, 500, 1, 12, 500, 0, 10, 1000, 0, 10, 1000,  0 , 0, 0, 0 , 0, 0, 0 , 0, 0, 0 , 0, 0,2,2,2,2,2,2,3,3,3,3,3,3,4,4,4,4,4,4,5,5,5,5,5,5,6,6,6,6,6,6,7,7,7,7,7,7,8,8,8,8,8,8,2,2,2,2,2,2,3,3,3,3,3,3,4,4,4,4,4,4,5,5,5,5,5,5,6,6,6,6,6,6,7,7,7,7,7,7,8,8,8,8,8,8,2,2,2,2,2,2,3,3,3,3,3,3,4,4,4,4,4,4,5,5,5,5,5,5,6,6,6,6,6,6,7,7,7,7,7,7,8,8,8,8,8,8,0,0,0,0,
4, 0, 0, 5, 0, 0, 4, 0, 0, 4, 0, 0, 5, 0, 0, 4, 0, 0, 5, 0, 0, 4, 0, 0, 5, 0, 0, 5, 0, 0, 4, 0, 0, 4, 0, 0, 5, 0, 0, 4, 0, 0, 5, 0, 0, 4, 0, 0, 4, 0, 0, 4, 0, 0, 4, 0, 0, 4, 0, 0, 5, 0, 0, 5, 0, 0, 5, 0, 0, 5, 0, 0, 4, 0, 0, 4, 0, 0, 5, 0, 0, 5, 0, 0, 4, 0, 0, 5, 0, 0, 5, 0, 0, 5, 0, 0, 5, 0, 0, 4, 0, 0, 5, 0, 0, 4, 0, 0, 5, 0, 0, 5, 0, 0, 5, 0, 0, 5, 0, 0, 4, 0, 0, 4, 0, 0, 2, 120, 1500, 3, 130, 2000, 2, 120, 1500, 2, 120, 1500, 3, 130, 2000, 2, 120, 1500, 3, 130, 2000, 2, 120, 1500, 3, 130, 2000, 3, 130, 2000, 2, 120, 1500, 2, 120, 1500, 3, 130, 2000, 2, 120, 1500, 3, 130, 2000, 2, 120, 1500, 2, 120, 1500, 2, 120, 1500, 2, 120, 1500, 2, 120, 1500, 3, 130, 2000, 3, 130, 2000, 3, 130, 2000, 3, 130, 2000, 2, 120, 1500, 2, 120, 1500, 3, 130, 2000, 3, 130, 2000, 2, 120, 1500, 3, 130, 2000, 3, 130, 2000, 3, 130, 2000, 3, 130, 2000, 2, 120, 1500, 3, 130, 2000, 2, 120, 1500, 3, 130, 2000, 3, 130, 2000, 3, 130, 2000, 3, 130, 2000, 2, 120, 1500, 2, 120, 1500, 0, 10, 1000, 1, 12, 500, 0, 10, 1000, 0, 10, 1000, 1, 12, 500, 0, 10, 1000, 1, 12, 500, 0, 10, 1000, 1, 12, 500, 1, 12, 500, 0, 10, 1000, 0, 10, 1000, 1, 12, 500, 0, 10, 1000, 1, 12, 500, 0, 10, 1000, 0, 10, 1000, 0, 10, 1000, 0, 10, 1000, 0, 10, 1000, 1, 12, 500, 1, 12, 500, 1, 12, 500, 1, 12, 500, 0, 10, 1000, 0, 10, 1000, 1, 12, 500, 1, 12, 500, 0, 10, 1000, 1, 12, 500, 1, 12, 500, 1, 12, 500, 1, 12, 500, 0, 10, 1000, 1, 12, 500, 0, 10, 1000, 1, 12, 500, 1, 12, 500, 1, 12, 500, 1, 12, 500, 0, 10, 1000, 0, 10, 1000,  0 , 0, 0, 0 , 0, 0, 0 , 0, 0, 0 , 0, 0,2,2,2,2,2,2,3,3,3,3,3,3,4,4,4,4,4,4,5,5,5,5,5,5,6,6,6,6,6,6,7,7,7,7,7,7,8,8,8,8,8,8,2,2,2,2,2,2,3,3,3,3,3,3,4,4,4,4,4,4,5,5,5,5,5,5,6,6,6,6,6,6,7,7,7,7,7,7,8,8,8,8,8,8,2,2,2,2,2,2,3,3,3,3,3,3,4,4,4,4,4,4,5,5,5,5,5,5,6,6,6,6,6,6,7,7,7,7,7,7,8,8,8,8,8,8,0,0,0,0,
4, 0, 0, 5, 0, 0, 4, 0, 0, 4, 0, 0, 5, 0, 0, 4, 0, 0, 5, 0, 0, 4, 0, 0, 5, 0, 0, 5, 0, 0, 4, 0, 0, 4, 0, 0, 5, 0, 0, 4, 0, 0, 5, 0, 0, 4, 0, 0, 4, 0, 0, 4, 0, 0, 4, 0, 0, 4, 0, 0, 5, 0, 0, 5, 0, 0, 5, 0, 0, 5, 0, 0, 4, 0, 0, 4, 0, 0, 5, 0, 0, 5, 0, 0, 4, 0, 0, 5, 0, 0, 5, 0, 0, 5, 0, 0, 5, 0, 0, 4, 0, 0, 5, 0, 0, 4, 0, 0, 5, 0, 0, 5, 0, 0, 5, 0, 0, 5, 0, 0, 4, 0, 0, 4, 0, 0, 2, 120, 1500, 3, 130, 2000, 2, 120, 1500, 2, 120, 1500, 3, 130, 2000, 2, 120, 1500, 3, 130, 2000, 2, 120, 1500, 3, 130, 2000, 3, 130, 2000, 2, 120, 1500, 2, 120, 1500, 3, 130, 2000, 2, 120, 1500, 3, 130, 2000, 2, 120, 1500, 2, 120, 1500, 2, 120, 1500, 2, 120, 1500, 2, 120, 1500, 3, 130, 2000, 3, 130, 2000, 3, 130, 2000, 3, 130, 2000, 2, 120, 1500, 2, 120, 1500, 3, 130, 2000, 3, 130, 2000, 2, 120, 1500, 3, 130, 2000, 3, 130, 2000, 3, 130, 2000, 3, 130, 2000, 2, 120, 1500, 3, 130, 2000, 2, 120, 1500, 3, 130, 2000, 3, 130, 2000, 3, 130, 2000, 3, 130, 2000, 2, 120, 1500, 2, 120, 1500, 0, 10, 1000, 1, 12, 500, 0, 10, 1000, 0, 10, 1000, 1, 12, 500, 0, 10, 1000, 1, 12, 500, 0, 10, 1000, 1, 12, 500, 1, 12, 500, 0, 10, 1000, 0, 10, 1000, 1, 12, 500, 0, 10, 1000, 1, 12, 500, 0, 10, 1000, 0, 10, 1000, 0, 10, 1000, 0, 10, 1000, 0, 10, 1000, 1, 12, 500, 1, 12, 500, 1, 12, 500, 1, 12, 500, 0, 10, 1000, 0, 10, 1000, 1, 12, 500, 1, 12, 500, 0, 10, 1000, 1, 12, 500, 1, 12, 500, 1, 12, 500, 1, 12, 500, 0, 10, 1000, 1, 12, 500, 0, 10, 1000, 1, 12, 500, 1, 12, 500, 1, 12, 500, 1, 12, 500, 0, 10, 1000, 0, 10, 1000,  0 , 0, 0, 0 , 0, 0, 0 , 0, 0, 0 , 0, 0,2,2,2,2,2,2,3,3,3,3,3,3,4,4,4,4,4,4,5,5,5,5,5,5,6,6,6,6,6,6,7,7,7,7,7,7,8,8,8,8,8,8,2,2,2,2,2,2,3,3,3,3,3,3,4,4,4,4,4,4,5,5,5,5,5,5,6,6,6,6,6,6,7,7,7,7,7,7,8,8,8,8,8,8,2,2,2,2,2,2,3,3,3,3,3,3,4,4,4,4,4,4,5,5,5,5,5,5,6,6,6,6,6,6,7,7,7,7,7,7,8,8,8,8,8,8,0,0,0,0,
4, 0, 0, 5, 0, 0, 4, 0, 0, 4, 0, 0, 5, 0, 0, 4, 0, 0, 5, 0, 0, 4, 0, 0, 5, 0, 0, 5, 0, 0, 4, 0, 0, 4, 0, 0, 5, 0, 0, 4, 0, 0, 5, 0, 0, 4, 0, 0, 4, 0, 0, 4, 0, 0, 4, 0, 0, 4, 0, 0, 5, 0, 0, 5, 0, 0, 5, 0, 0, 5, 0, 0, 4, 0, 0, 4, 0, 0, 5, 0, 0, 5, 0, 0, 4, 0, 0, 5, 0, 0, 5, 0, 0, 5, 0, 0, 5, 0, 0, 4, 0, 0, 5, 0, 0, 4, 0, 0, 5, 0, 0, 5, 0, 0, 5, 0, 0, 5, 0, 0, 4, 0, 0, 4, 0, 0, 2, 120, 1500, 3, 130, 2000, 2, 120, 1500, 2, 120, 1500, 3, 130, 2000, 2, 120, 1500, 3, 130, 2000, 2, 120, 1500, 3, 130, 2000, 3, 130, 2000, 2, 120, 1500, 2, 120, 1500, 3, 130, 2000, 2, 120, 1500, 3, 130, 2000, 2, 120, 1500, 2, 120, 1500, 2, 120, 1500, 2, 120, 1500, 2, 120, 1500, 3, 130, 2000, 3, 130, 2000, 3, 130, 2000, 3, 130, 2000, 2, 120, 1500, 2, 120, 1500, 3, 130, 2000, 3, 130, 2000, 2, 120, 1500, 3, 130, 2000, 3, 130, 2000, 3, 130, 2000, 3, 130, 2000, 2, 120, 1500, 3, 130, 2000, 2, 120, 1500, 3, 130, 2000, 3, 130, 2000, 3, 130, 2000, 3, 130, 2000, 2, 120, 1500, 2, 120, 1500, 0, 10, 1000, 1, 12, 500, 0, 10, 1000, 0, 10, 1000, 1, 12, 500, 0, 10, 1000, 1, 12, 500, 0, 10, 1000, 1, 12, 500, 1, 12, 500, 0, 10, 1000, 0, 10, 1000, 1, 12, 500, 0, 10, 1000, 1, 12, 500, 0, 10, 1000, 0, 10, 1000, 0, 10, 1000, 0, 10, 1000, 0, 10, 1000, 1, 12, 500, 1, 12, 500, 1, 12, 500, 1, 12, 500, 0, 10, 1000, 0, 10, 1000, 1, 12, 500, 1, 12, 500, 0, 10, 1000, 1, 12, 500, 1, 12, 500, 1, 12, 500, 1, 12, 500, 0, 10, 1000, 1, 12, 500, 0, 10, 1000, 1, 12, 500, 1, 12, 500, 1, 12, 500, 1, 12, 500, 0, 10, 1000, 0, 10, 1000,  0 , 0, 0, 0 , 0, 0, 0 , 0, 0, 0 , 0, 0,2,2,2,2,2,2,3,3,3,3,3,3,4,4,4,4,4,4,5,5,5,5,5,5,6,6,6,6,6,6,7,7,7,7,7,7,8,8,8,8,8,8,2,2,2,2,2,2,3,3,3,3,3,3,4,4,4,4,4,4,5,5,5,5,5,5,6,6,6,6,6,6,7,7,7,7,7,7,8,8,8,8,8,8,2,2,2,2,2,2,3,3,3,3,3,3,4,4,4,4,4,4,5,5,5,5,5,5,6,6,6,6,6,6,7,7,7,7,7,7,8,8,8,8,8,8,0,0,0,0,
4, 0, 0, 5, 0, 0, 4, 0, 0, 4, 0, 0, 5, 0, 0, 4, 0, 0, 5, 0, 0, 4, 0, 0, 5, 0, 0, 5, 0, 0, 4, 0, 0, 4, 0, 0, 5, 0, 0, 4, 0, 0, 5, 0, 0, 4, 0, 0, 4, 0, 0, 4, 0, 0, 4, 0, 0, 4, 0, 0, 5, 0, 0, 5, 0, 0, 5, 0, 0, 5, 0, 0, 4, 0, 0, 4, 0, 0, 5, 0, 0, 5, 0, 0, 4, 0, 0, 5, 0, 0, 5, 0, 0, 5, 0, 0, 5, 0, 0, 4, 0, 0, 5, 0, 0, 4, 0, 0, 5, 0, 0, 5, 0, 0, 5, 0, 0, 5, 0, 0, 4, 0, 0, 4, 0, 0, 2, 120, 1500, 3, 130, 2000, 2, 120, 1500, 2, 120, 1500, 3, 130, 2000, 2, 120, 1500, 3, 130, 2000, 2, 120, 1500, 3, 130, 2000, 3, 130, 2000, 2, 120, 1500, 2, 120, 1500, 3, 130, 2000, 2, 120, 1500, 3, 130, 2000, 2, 120, 1500, 2, 120, 1500, 2, 120, 1500, 2, 120, 1500, 2, 120, 1500, 3, 130, 2000, 3, 130, 2000, 3, 130, 2000, 3, 130, 2000, 2, 120, 1500, 2, 120, 1500, 3, 130, 2000, 3, 130, 2000, 2, 120, 1500, 3, 130, 2000, 3, 130, 2000, 3, 130, 2000, 3, 130, 2000, 2, 120, 1500, 3, 130, 2000, 2, 120, 1500, 3, 130, 2000, 3, 130, 2000, 3, 130, 2000, 3, 130, 2000, 2, 120, 1500, 2, 120, 1500, 0, 10, 1000, 1, 12, 500, 0, 10, 1000, 0, 10, 1000, 1, 12, 500, 0, 10, 1000, 1, 12, 500, 0, 10, 1000, 1, 12, 500, 1, 12, 500, 0, 10, 1000, 0, 10, 1000, 1, 12, 500, 0, 10, 1000, 1, 12, 500, 0, 10, 1000, 0, 10, 1000, 0, 10, 1000, 0, 10, 1000, 0, 10, 1000, 1, 12, 500, 1, 12, 500, 1, 12, 500, 1, 12, 500, 0, 10, 1000, 0, 10, 1000, 1, 12, 500, 1, 12, 500, 0, 10, 1000, 1, 12, 500, 1, 12, 500, 1, 12, 500, 1, 12, 500, 0, 10, 1000, 1, 12, 500, 0, 10, 1000, 1, 12, 500, 1, 12, 500, 1, 12, 500, 1, 12, 500, 0, 10, 1000, 0, 10, 1000,  0 , 0, 0, 0 , 0, 0, 0 , 0, 0, 0 , 0, 0,2,2,2,2,2,2,3,3,3,3,3,3,4,4,4,4,4,4,5,5,5,5,5,5,6,6,6,6,6,6,7,7,7,7,7,7,8,8,8,8,8,8,2,2,2,2,2,2,3,3,3,3,3,3,4,4,4,4,4,4,5,5,5,5,5,5,6,6,6,6,6,6,7,7,7,7,7,7,8,8,8,8,8,8,2,2,2,2,2,2,3,3,3,3,3,3,4,4,4,4,4,4,5,5,5,5,5,5,6,6,6,6,6,6,7,7,7,7,7,7,8,8,8,8,8,8,0,0,0,0,
4, 0, 0, 5, 0, 0, 4, 0, 0, 4, 0, 0, 5, 0, 0, 4, 0, 0, 5, 0, 0, 4, 0, 0, 5, 0, 0, 5, 0, 0, 4, 0, 0, 4, 0, 0, 5, 0, 0, 4, 0, 0, 5, 0, 0, 4, 0, 0, 4, 0, 0, 4, 0, 0, 4, 0, 0, 4, 0, 0, 5, 0, 0, 5, 0, 0, 5, 0, 0, 5, 0, 0, 4, 0, 0, 4, 0, 0, 5, 0, 0, 5, 0, 0, 4, 0, 0, 5, 0, 0, 5, 0, 0, 5, 0, 0, 5, 0, 0, 4, 0, 0, 5, 0, 0, 4, 0, 0, 5, 0, 0, 5, 0, 0, 5, 0, 0, 5, 0, 0, 4, 0, 0, 4, 0, 0, 2, 120, 1500, 3, 130, 2000, 2, 120, 1500, 2, 120, 1500, 3, 130, 2000, 2, 120, 1500, 3, 130, 2000, 2, 120, 1500, 3, 130, 2000, 3, 130, 2000, 2, 120, 1500, 2, 120, 1500, 3, 130, 2000, 2, 120, 1500, 3, 130, 2000, 2, 120, 1500, 2, 120, 1500, 2, 120, 1500, 2, 120, 1500, 2, 120, 1500, 3, 130, 2000, 3, 130, 2000, 3, 130, 2000, 3, 130, 2000, 2, 120, 1500, 2, 120, 1500, 3, 130, 2000, 3, 130, 2000, 2, 120, 1500, 3, 130, 2000, 3, 130, 2000, 3, 130, 2000, 3, 130, 2000, 2, 120, 1500, 3, 130, 2000, 2, 120, 1500, 3, 130, 2000, 3, 130, 2000, 3, 130, 2000, 3, 130, 2000, 2, 120, 1500, 2, 120, 1500, 0, 10, 1000, 1, 12, 500, 0, 10, 1000, 0, 10, 1000, 1, 12, 500, 0, 10, 1000, 1, 12, 500, 0, 10, 1000, 1, 12, 500, 1, 12, 500, 0, 10, 1000, 0, 10, 1000, 1, 12, 500, 0, 10, 1000, 1, 12, 500, 0, 10, 1000, 0, 10, 1000, 0, 10, 1000, 0, 10, 1000, 0, 10, 1000, 1, 12, 500, 1, 12, 500, 1, 12, 500, 1, 12, 500, 0, 10, 1000, 0, 10, 1000, 1, 12, 500, 1, 12, 500, 0, 10, 1000, 1, 12, 500, 1, 12, 500, 1, 12, 500, 1, 12, 500, 0, 10, 1000, 1, 12, 500, 0, 10, 1000, 1, 12, 500, 1, 12, 500, 1, 12, 500, 1, 12, 500, 0, 10, 1000, 0, 10, 1000,  0 , 0, 0, 0 , 0, 0, 0 , 0, 0, 0 , 0, 0,2,2,2,2,2,2,3,3,3,3,3,3,4,4,4,4,4,4,5,5,5,5,5,5,6,6,6,6,6,6,7,7,7,7,7,7,8,8,8,8,8,8,2,2,2,2,2,2,3,3,3,3,3,3,4,4,4,4,4,4,5,5,5,5,5,5,6,6,6,6,6,6,7,7,7,7,7,7,8,8,8,8,8,8,2,2,2,2,2,2,3,3,3,3,3,3,4,4,4,4,4,4,5,5,5,5,5,5,6,6,6,6,6,6,7,7,7,7,7,7,8,8,8,8,8,8,0,0,0,0,
4, 0, 0, 5, 0, 0, 4, 0, 0, 4, 0, 0, 5, 0, 0, 4, 0, 0, 5, 0, 0, 4, 0, 0, 5, 0, 0, 5, 0, 0, 4, 0, 0, 4, 0, 0, 5, 0, 0, 4, 0, 0, 5, 0, 0, 4, 0, 0, 4, 0, 0, 4, 0, 0, 4, 0, 0, 4, 0, 0, 5, 0, 0, 5, 0, 0, 5, 0, 0, 5, 0, 0, 4, 0, 0, 4, 0, 0, 5, 0, 0, 5, 0, 0, 4, 0, 0, 5, 0, 0, 5, 0, 0, 5, 0, 0, 5, 0, 0, 4, 0, 0, 5, 0, 0, 4, 0, 0, 5, 0, 0, 5, 0, 0, 5, 0, 0, 5, 0, 0, 4, 0, 0, 4, 0, 0, 2, 120, 1500, 3, 130, 2000, 2, 120, 1500, 2, 120, 1500, 3, 130, 2000, 2, 120, 1500, 3, 130, 2000, 2, 120, 1500, 3, 130, 2000, 3, 130, 2000, 2, 120, 1500, 2, 120, 1500, 3, 130, 2000, 2, 120, 1500, 3, 130, 2000, 2, 120, 1500, 2, 120, 1500, 2, 120, 1500, 2, 120, 1500, 2, 120, 1500, 3, 130, 2000, 3, 130, 2000, 3, 130, 2000, 3, 130, 2000, 2, 120, 1500, 2, 120, 1500, 3, 130, 2000, 3, 130, 2000, 2, 120, 1500, 3, 130, 2000, 3, 130, 2000, 3, 130, 2000, 3, 130, 2000, 2, 120, 1500, 3, 130, 2000, 2, 120, 1500, 3, 130, 2000, 3, 130, 2000, 3, 130, 2000, 3, 130, 2000, 2, 120, 1500, 2, 120, 1500, 0, 10, 1000, 1, 12, 500, 0, 10, 1000, 0, 10, 1000, 1, 12, 500, 0, 10, 1000, 1, 12, 500, 0, 10, 1000, 1, 12, 500, 1, 12, 500, 0, 10, 1000, 0, 10, 1000, 1, 12, 500, 0, 10, 1000, 1, 12, 500, 0, 10, 1000, 0, 10, 1000, 0, 10, 1000, 0, 10, 1000, 0, 10, 1000, 1, 12, 500, 1, 12, 500, 1, 12, 500, 1, 12, 500, 0, 10, 1000, 0, 10, 1000, 1, 12, 500, 1, 12, 500, 0, 10, 1000, 1, 12, 500, 1, 12, 500, 1, 12, 500, 1, 12, 500, 0, 10, 1000, 1, 12, 500, 0, 10, 1000, 1, 12, 500, 1, 12, 500, 1, 12, 500, 1, 12, 500, 0, 10, 1000, 0, 10, 1000,  0 , 0, 0, 0 , 0, 0, 0 , 0, 0, 0 , 0, 0,2,2,2,2,2,2,3,3,3,3,3,3,4,4,4,4,4,4,5,5,5,5,5,5,6,6,6,6,6,6,7,7,7,7,7,7,8,8,8,8,8,8,2,2,2,2,2,2,3,3,3,3,3,3,4,4,4,4,4,4,5,5,5,5,5,5,6,6,6,6,6,6,7,7,7,7,7,7,8,8,8,8,8,8,2,2,2,2,2,2,3,3,3,3,3,3,4,4,4,4,4,4,5,5,5,5,5,5,6,6,6,6,6,6,7,7,7,7,7,7,8,8,8,8,8,8,0,0,0,0,
4, 0, 0, 5, 0, 0, 4, 0, 0, 4, 0, 0, 5, 0, 0, 4, 0, 0, 5, 0, 0, 4, 0, 0, 5, 0, 0, 5, 0, 0, 4, 0, 0, 4, 0, 0, 5, 0, 0, 4, 0, 0, 5, 0, 0, 4, 0, 0, 4, 0, 0, 4, 0, 0, 4, 0, 0, 4, 0, 0, 5, 0, 0, 5, 0, 0, 5, 0, 0, 5, 0, 0, 4, 0, 0, 4, 0, 0, 5, 0, 0, 5, 0, 0, 4, 0, 0, 5, 0, 0, 5, 0, 0, 5, 0, 0, 5, 0, 0, 4, 0, 0, 5, 0, 0, 4, 0, 0, 5, 0, 0, 5, 0, 0, 5, 0, 0, 5, 0, 0, 4, 0, 0, 4, 0, 0, 2, 120, 1500, 3, 130, 2000, 2, 120, 1500, 2, 120, 1500, 3, 130, 2000, 2, 120, 1500, 3, 130, 2000, 2, 120, 1500, 3, 130, 2000, 3, 130, 2000, 2, 120, 1500, 2, 120, 1500, 3, 130, 2000, 2, 120, 1500, 3, 130, 2000, 2, 120, 1500, 2, 120, 1500, 2, 120, 1500, 2, 120, 1500, 2, 120, 1500, 3, 130, 2000, 3, 130, 2000, 3, 130, 2000, 3, 130, 2000, 2, 120, 1500, 2, 120, 1500, 3, 130, 2000, 3, 130, 2000, 2, 120, 1500, 3, 130, 2000, 3, 130, 2000, 3, 130, 2000, 3, 130, 2000, 2, 120, 1500, 3, 130, 2000, 2, 120, 1500, 3, 130, 2000, 3, 130, 2000, 3, 130, 2000, 3, 130, 2000, 2, 120, 1500, 2, 120, 1500, 0, 10, 1000, 1, 12, 500, 0, 10, 1000, 0, 10, 1000, 1, 12, 500, 0, 10, 1000, 1, 12, 500, 0, 10, 1000, 1, 12, 500, 1, 12, 500, 0, 10, 1000, 0, 10, 1000, 1, 12, 500, 0, 10, 1000, 1, 12, 500, 0, 10, 1000, 0, 10, 1000, 0, 10, 1000, 0, 10, 1000, 0, 10, 1000, 1, 12, 500, 1, 12, 500, 1, 12, 500, 1, 12, 500, 0, 10, 1000, 0, 10, 1000, 1, 12, 500, 1, 12, 500, 0, 10, 1000, 1, 12, 500, 1, 12, 500, 1, 12, 500, 1, 12, 500, 0, 10, 1000, 1, 12, 500, 0, 10, 1000, 1, 12, 500, 1, 12, 500, 1, 12, 500, 1, 12, 500, 0, 10, 1000, 0, 10, 1000,  0 , 0, 0, 0 , 0, 0, 0 , 0, 0, 0 , 0, 0,2,2,2,2,2,2,3,3,3,3,3,3,4,4,4,4,4,4,5,5,5,5,5,5,6,6,6,6,6,6,7,7,7,7,7,7,8,8,8,8,8,8,2,2,2,2,2,2,3,3,3,3,3,3,4,4,4,4,4,4,5,5,5,5,5,5,6,6,6,6,6,6,7,7,7,7,7,7,8,8,8,8,8,8,2,2,2,2,2,2,3,3,3,3,3,3,4,4,4,4,4,4,5,5,5,5,5,5,6,6,6,6,6,6,7,7,7,7,7,7,8,8,8,8,8,8,0,0,0,0,
4, 0, 0, 5, 0, 0, 4, 0, 0, 4, 0, 0, 5, 0, 0, 4, 0, 0, 5, 0, 0, 4, 0, 0, 5, 0, 0, 5, 0, 0, 4, 0, 0, 4, 0, 0, 5, 0, 0, 4, 0, 0, 5, 0, 0, 4, 0, 0, 4, 0, 0, 4, 0, 0, 4, 0, 0, 4, 0, 0, 5, 0, 0, 5, 0, 0, 5, 0, 0, 5, 0, 0, 4, 0, 0, 4, 0, 0, 5, 0, 0, 5, 0, 0, 4, 0, 0, 5, 0, 0, 5, 0, 0, 5, 0, 0, 5, 0, 0, 4, 0, 0, 5, 0, 0, 4, 0, 0, 5, 0, 0, 5, 0, 0, 5, 0, 0, 5, 0, 0, 4, 0, 0, 4, 0, 0, 2, 120, 1500, 3, 130, 2000, 2, 120, 1500, 2, 120, 1500, 3, 130, 2000, 2, 120, 1500, 3, 130, 2000, 2, 120, 1500, 3, 130, 2000, 3, 130, 2000, 2, 120, 1500, 2, 120, 1500, 3, 130, 2000, 2, 120, 1500, 3, 130, 2000, 2, 120, 1500, 2, 120, 1500, 2, 120, 1500, 2, 120, 1500, 2, 120, 1500, 3, 130, 2000, 3, 130, 2000, 3, 130, 2000, 3, 130, 2000, 2, 120, 1500, 2, 120, 1500, 3, 130, 2000, 3, 130, 2000, 2, 120, 1500, 3, 130, 2000, 3, 130, 2000, 3, 130, 2000, 3, 130, 2000, 2, 120, 1500, 3, 130, 2000, 2, 120, 1500, 3, 130, 2000, 3, 130, 2000, 3, 130, 2000, 3, 130, 2000, 2, 120, 1500, 2, 120, 1500, 0, 10, 1000, 1, 12, 500, 0, 10, 1000, 0, 10, 1000, 1, 12, 500, 0, 10, 1000, 1, 12, 500, 0, 10, 1000, 1, 12, 500, 1, 12, 500, 0, 10, 1000, 0, 10, 1000, 1, 12, 500, 0, 10, 1000, 1, 12, 500, 0, 10, 1000, 0, 10, 1000, 0, 10, 1000, 0, 10, 1000, 0, 10, 1000, 1, 12, 500, 1, 12, 500, 1, 12, 500, 1, 12, 500, 0, 10, 1000, 0, 10, 1000, 1, 12, 500, 1, 12, 500, 0, 10, 1000, 1, 12, 500, 1, 12, 500, 1, 12, 500, 1, 12, 500, 0, 10, 1000, 1, 12, 500, 0, 10, 1000, 1, 12, 500, 1, 12, 500, 1, 12, 500, 1, 12, 500, 0, 10, 1000, 0, 10, 1000,  0 , 0, 0, 0 , 0, 0, 0 , 0, 0, 0 , 0, 0,2,2,2,2,2,2,3,3,3,3,3,3,4,4,4,4,4,4,5,5,5,5,5,5,6,6,6,6,6,6,7,7,7,7,7,7,8,8,8,8,8,8,2,2,2,2,2,2,3,3,3,3,3,3,4,4,4,4,4,4,5,5,5,5,5,5,6,6,6,6,6,6,7,7,7,7,7,7,8,8,8,8,8,8,2,2,2,2,2,2,3,3,3,3,3,3,4,4,4,4,4,4,5,5,5,5,5,5,6,6,6,6,6,6,7,7,7,7,7,7,8,8,8,8,8,8,0,0,0,0,
4, 0, 0, 5, 0, 0, 4, 0, 0, 4, 0, 0, 5, 0, 0, 4, 0, 0, 5, 0, 0, 4, 0, 0, 5, 0, 0, 5, 0, 0, 4, 0, 0, 4, 0, 0, 5, 0, 0, 4, 0, 0, 5, 0, 0, 4, 0, 0, 4, 0, 0, 4, 0, 0, 4, 0, 0, 4, 0, 0, 5, 0, 0, 5, 0, 0, 5, 0, 0, 5, 0, 0, 4, 0, 0, 4, 0, 0, 5, 0, 0, 5, 0, 0, 4, 0, 0, 5, 0, 0, 5, 0, 0, 5, 0, 0, 5, 0, 0, 4, 0, 0, 5, 0, 0, 4, 0, 0, 5, 0, 0, 5, 0, 0, 5, 0, 0, 5, 0, 0, 4, 0, 0, 4, 0, 0, 2, 120, 1500, 3, 130, 2000, 2, 120, 1500, 2, 120, 1500, 3, 130, 2000, 2, 120, 1500, 3, 130, 2000, 2, 120, 1500, 3, 130, 2000, 3, 130, 2000, 2, 120, 1500, 2, 120, 1500, 3, 130, 2000, 2, 120, 1500, 3, 130, 2000, 2, 120, 1500, 2, 120, 1500, 2, 120, 1500, 2, 120, 1500, 2, 120, 1500, 3, 130, 2000, 3, 130, 2000, 3, 130, 2000, 3, 130, 2000, 2, 120, 1500, 2, 120, 1500, 3, 130, 2000, 3, 130, 2000, 2, 120, 1500, 3, 130, 2000, 3, 130, 2000, 3, 130, 2000, 3, 130, 2000, 2, 120, 1500, 3, 130, 2000, 2, 120, 1500, 3, 130, 2000, 3, 130, 2000, 3, 130, 2000, 3, 130, 2000, 2, 120, 1500, 2, 120, 1500, 0, 10, 1000, 1, 12, 500, 0, 10, 1000, 0, 10, 1000, 1, 12, 500, 0, 10, 1000, 1, 12, 500, 0, 10, 1000, 1, 12, 500, 1, 12, 500, 0, 10, 1000, 0, 10, 1000, 1, 12, 500, 0, 10, 1000, 1, 12, 500, 0, 10, 1000, 0, 10, 1000, 0, 10, 1000, 0, 10, 1000, 0, 10, 1000, 1, 12, 500, 1, 12, 500, 1, 12, 500, 1, 12, 500, 0, 10, 1000, 0, 10, 1000, 1, 12, 500, 1, 12, 500, 0, 10, 1000, 1, 12, 500, 1, 12, 500, 1, 12, 500, 1, 12, 500, 0, 10, 1000, 1, 12, 500, 0, 10, 1000, 1, 12, 500, 1, 12, 500, 1, 12, 500, 1, 12, 500, 0, 10, 1000, 0, 10, 1000,  0 , 0, 0, 0 , 0, 0, 0 , 0, 0, 0 , 0, 0,2,2,2,2,2,2,3,3,3,3,3,3,4,4,4,4,4,4,5,5,5,5,5,5,6,6,6,6,6,6,7,7,7,7,7,7,8,8,8,8,8,8,2,2,2,2,2,2,3,3,3,3,3,3,4,4,4,4,4,4,5,5,5,5,5,5,6,6,6,6,6,6,7,7,7,7,7,7,8,8,8,8,8,8,2,2,2,2,2,2,3,3,3,3,3,3,4,4,4,4,4,4,5,5,5,5,5,5,6,6,6,6,6,6,7,7,7,7,7,7,8,8,8,8,8,8,0,0,0,0,
4, 0, 0, 5, 0, 0, 4, 0, 0, 4, 0, 0, 5, 0, 0, 4, 0, 0, 5, 0, 0, 4, 0, 0, 5, 0, 0, 5, 0, 0, 4, 0, 0, 4, 0, 0, 5, 0, 0, 4, 0, 0, 5, 0, 0, 4, 0, 0, 4, 0, 0, 4, 0, 0, 4, 0, 0, 4, 0, 0, 5, 0, 0, 5, 0, 0, 5, 0, 0, 5, 0, 0, 4, 0, 0, 4, 0, 0, 5, 0, 0, 5, 0, 0, 4, 0, 0, 5, 0, 0, 5, 0, 0, 5, 0, 0, 5, 0, 0, 4, 0, 0, 5, 0, 0, 4, 0, 0, 5, 0, 0, 5, 0, 0, 5, 0, 0, 5, 0, 0, 4, 0, 0, 4, 0, 0, 2, 120, 1500, 3, 130, 2000, 2, 120, 1500, 2, 120, 1500, 3, 130, 2000, 2, 120, 1500, 3, 130, 2000, 2, 120, 1500, 3, 130, 2000, 3, 130, 2000, 2, 120, 1500, 2, 120, 1500, 3, 130, 2000, 2, 120, 1500, 3, 130, 2000, 2, 120, 1500, 2, 120, 1500, 2, 120, 1500, 2, 120, 1500, 2, 120, 1500, 3, 130, 2000, 3, 130, 2000, 3, 130, 2000, 3, 130, 2000, 2, 120, 1500, 2, 120, 1500, 3, 130, 2000, 3, 130, 2000, 2, 120, 1500, 3, 130, 2000, 3, 130, 2000, 3, 130, 2000, 3, 130, 2000, 2, 120, 1500, 3, 130, 2000, 2, 120, 1500, 3, 130, 2000, 3, 130, 2000, 3, 130, 2000, 3, 130, 2000, 2, 120, 1500, 2, 120, 1500, 0, 10, 1000, 1, 12, 500, 0, 10, 1000, 0, 10, 1000, 1, 12, 500, 0, 10, 1000, 1, 12, 500, 0, 10, 1000, 1, 12, 500, 1, 12, 500, 0, 10, 1000, 0, 10, 1000, 1, 12, 500, 0, 10, 1000, 1, 12, 500, 0, 10, 1000, 0, 10, 1000, 0, 10, 1000, 0, 10, 1000, 0, 10, 1000, 1, 12, 500, 1, 12, 500, 1, 12, 500, 1, 12, 500, 0, 10, 1000, 0, 10, 1000, 1, 12, 500, 1, 12, 500, 0, 10, 1000, 1, 12, 500, 1, 12, 500, 1, 12, 500, 1, 12, 500, 0, 10, 1000, 1, 12, 500, 0, 10, 1000, 1, 12, 500, 1, 12, 500, 1, 12, 500, 1, 12, 500, 0, 10, 1000, 0, 10, 1000,  0 , 0, 0, 0 , 0, 0, 0 , 0, 0, 0 , 0, 0,2,2,2,2,2,2,3,3,3,3,3,3,4,4,4,4,4,4,5,5,5,5,5,5,6,6,6,6,6,6,7,7,7,7,7,7,8,8,8,8,8,8,2,2,2,2,2,2,3,3,3,3,3,3,4,4,4,4,4,4,5,5,5,5,5,5,6,6,6,6,6,6,7,7,7,7,7,7,8,8,8,8,8,8,2,2,2,2,2,2,3,3,3,3,3,3,4,4,4,4,4,4,5,5,5,5,5,5,6,6,6,6,6,6,7,7,7,7,7,7,8,8,8,8,8,8,0,0,0,0,
4, 0, 0, 5, 0, 0, 4, 0, 0, 4, 0, 0, 5, 0, 0, 4, 0, 0, 5, 0, 0, 4, 0, 0, 5, 0, 0, 5, 0, 0, 4, 0, 0, 4, 0, 0, 5, 0, 0, 4, 0, 0, 5, 0, 0, 4, 0, 0, 4, 0, 0, 4, 0, 0, 4, 0, 0, 4, 0, 0, 5, 0, 0, 5, 0, 0, 5, 0, 0, 5, 0, 0, 4, 0, 0, 4, 0, 0, 5, 0, 0, 5, 0, 0, 4, 0, 0, 5, 0, 0, 5, 0, 0, 5, 0, 0, 5, 0, 0, 4, 0, 0, 5, 0, 0, 4, 0, 0, 5, 0, 0, 5, 0, 0, 5, 0, 0, 5, 0, 0, 4, 0, 0, 4, 0, 0, 2, 120, 1500, 3, 130, 2000, 2, 120, 1500, 2, 120, 1500, 3, 130, 2000, 2, 120, 1500, 3, 130, 2000, 2, 120, 1500, 3, 130, 2000, 3, 130, 2000, 2, 120, 1500, 2, 120, 1500, 3, 130, 2000, 2, 120, 1500, 3, 130, 2000, 2, 120, 1500, 2, 120, 1500, 2, 120, 1500, 2, 120, 1500, 2, 120, 1500, 3, 130, 2000, 3, 130, 2000, 3, 130, 2000, 3, 130, 2000, 2, 120, 1500, 2, 120, 1500, 3, 130, 2000, 3, 130, 2000, 2, 120, 1500, 3, 130, 2000, 3, 130, 2000, 3, 130, 2000, 3, 130, 2000, 2, 120, 1500, 3, 130, 2000, 2, 120, 1500, 3, 130, 2000, 3, 130, 2000, 3, 130, 2000, 3, 130, 2000, 2, 120, 1500, 2, 120, 1500, 0, 10, 1000, 1, 12, 500, 0, 10, 1000, 0, 10, 1000, 1, 12, 500, 0, 10, 1000, 1, 12, 500, 0, 10, 1000, 1, 12, 500, 1, 12, 500, 0, 10, 1000, 0, 10, 1000, 1, 12, 500, 0, 10, 1000, 1, 12, 500, 0, 10, 1000, 0, 10, 1000, 0, 10, 1000, 0, 10, 1000, 0, 10, 1000, 1, 12, 500, 1, 12, 500, 1, 12, 500, 1, 12, 500, 0, 10, 1000, 0, 10, 1000, 1, 12, 500, 1, 12, 500, 0, 10, 1000, 1, 12, 500, 1, 12, 500, 1, 12, 500, 1, 12, 500, 0, 10, 1000, 1, 12, 500, 0, 10, 1000, 1, 12, 500, 1, 12, 500, 1, 12, 500, 1, 12, 500, 0, 10, 1000, 0, 10, 1000,  0 , 0, 0, 0 , 0, 0, 0 , 0, 0, 0 , 0, 0,2,2,2,2,2,2,3,3,3,3,3,3,4,4,4,4,4,4,5,5,5,5,5,5,6,6,6,6,6,6,7,7,7,7,7,7,8,8,8,8,8,8,2,2,2,2,2,2,3,3,3,3,3,3,4,4,4,4,4,4,5,5,5,5,5,5,6,6,6,6,6,6,7,7,7,7,7,7,8,8,8,8,8,8,2,2,2,2,2,2,3,3,3,3,3,3,4,4,4,4,4,4,5,5,5,5,5,5,6,6,6,6,6,6,7,7,7,7,7,7,8,8,8,8,8,8,0,0,0,0,
4, 0, 0, 5, 0, 0, 4, 0, 0, 4, 0, 0, 5, 0, 0, 4, 0, 0, 5, 0, 0, 4, 0, 0, 5, 0, 0, 5, 0, 0, 4, 0, 0, 4, 0, 0, 5, 0, 0, 4, 0, 0, 5, 0, 0, 4, 0, 0, 4, 0, 0, 4, 0, 0, 4, 0, 0, 4, 0, 0, 5, 0, 0, 5, 0, 0, 5, 0, 0, 5, 0, 0, 4, 0, 0, 4, 0, 0, 5, 0, 0, 5, 0, 0, 4, 0, 0, 5, 0, 0, 5, 0, 0, 5, 0, 0, 5, 0, 0, 4, 0, 0, 5, 0, 0, 4, 0, 0, 5, 0, 0, 5, 0, 0, 5, 0, 0, 5, 0, 0, 4, 0, 0, 4, 0, 0, 2, 120, 1500, 3, 130, 2000, 2, 120, 1500, 2, 120, 1500, 3, 130, 2000, 2, 120, 1500, 3, 130, 2000, 2, 120, 1500, 3, 130, 2000, 3, 130, 2000, 2, 120, 1500, 2, 120, 1500, 3, 130, 2000, 2, 120, 1500, 3, 130, 2000, 2, 120, 1500, 2, 120, 1500, 2, 120, 1500, 2, 120, 1500, 2, 120, 1500, 3, 130, 2000, 3, 130, 2000, 3, 130, 2000, 3, 130, 2000, 2, 120, 1500, 2, 120, 1500, 3, 130, 2000, 3, 130, 2000, 2, 120, 1500, 3, 130, 2000, 3, 130, 2000, 3, 130, 2000, 3, 130, 2000, 2, 120, 1500, 3, 130, 2000, 2, 120, 1500, 3, 130, 2000, 3, 130, 2000, 3, 130, 2000, 3, 130, 2000, 2, 120, 1500, 2, 120, 1500, 0, 10, 1000, 1, 12, 500, 0, 10, 1000, 0, 10, 1000, 1, 12, 500, 0, 10, 1000, 1, 12, 500, 0, 10, 1000, 1, 12, 500, 1, 12, 500, 0, 10, 1000, 0, 10, 1000, 1, 12, 500, 0, 10, 1000, 1, 12, 500, 0, 10, 1000, 0, 10, 1000, 0, 10, 1000, 0, 10, 1000, 0, 10, 1000, 1, 12, 500, 1, 12, 500, 1, 12, 500, 1, 12, 500, 0, 10, 1000, 0, 10, 1000, 1, 12, 500, 1, 12, 500, 0, 10, 1000, 1, 12, 500, 1, 12, 500, 1, 12, 500, 1, 12, 500, 0, 10, 1000, 1, 12, 500, 0, 10, 1000, 1, 12, 500, 1, 12, 500, 1, 12, 500, 1, 12, 500, 0, 10, 1000, 0, 10, 1000,  0 , 0, 0, 0 , 0, 0, 0 , 0, 0, 0 , 0, 0,2,2,2,2,2,2,3,3,3,3,3,3,4,4,4,4,4,4,5,5,5,5,5,5,6,6,6,6,6,6,7,7,7,7,7,7,8,8,8,8,8,8,2,2,2,2,2,2,3,3,3,3,3,3,4,4,4,4,4,4,5,5,5,5,5,5,6,6,6,6,6,6,7,7,7,7,7,7,8,8,8,8,8,8,2,2,2,2,2,2,3,3,3,3,3,3,4,4,4,4,4,4,5,5,5,5,5,5,6,6,6,6,6,6,7,7,7,7,7,7,8,8,8,8,8,8,0,0,0,0,
4, 0, 0, 5, 0, 0, 4, 0, 0, 4, 0, 0, 5, 0, 0, 4, 0, 0, 5, 0, 0, 4, 0, 0, 5, 0, 0, 5, 0, 0, 4, 0, 0, 4, 0, 0, 5, 0, 0, 4, 0, 0, 5, 0, 0, 4, 0, 0, 4, 0, 0, 4, 0, 0, 4, 0, 0, 4, 0, 0, 5, 0, 0, 5, 0, 0, 5, 0, 0, 5, 0, 0, 4, 0, 0, 4, 0, 0, 5, 0, 0, 5, 0, 0, 4, 0, 0, 5, 0, 0, 5, 0, 0, 5, 0, 0, 5, 0, 0, 4, 0, 0, 5, 0, 0, 4, 0, 0, 5, 0, 0, 5, 0, 0, 5, 0, 0, 5, 0, 0, 4, 0, 0, 4, 0, 0, 2, 120, 1500, 3, 130, 2000, 2, 120, 1500, 2, 120, 1500, 3, 130, 2000, 2, 120, 1500, 3, 130, 2000, 2, 120, 1500, 3, 130, 2000, 3, 130, 2000, 2, 120, 1500, 2, 120, 1500, 3, 130, 2000, 2, 120, 1500, 3, 130, 2000, 2, 120, 1500, 2, 120, 1500, 2, 120, 1500, 2, 120, 1500, 2, 120, 1500, 3, 130, 2000, 3, 130, 2000, 3, 130, 2000, 3, 130, 2000, 2, 120, 1500, 2, 120, 1500, 3, 130, 2000, 3, 130, 2000, 2, 120, 1500, 3, 130, 2000, 3, 130, 2000, 3, 130, 2000, 3, 130, 2000, 2, 120, 1500, 3, 130, 2000, 2, 120, 1500, 3, 130, 2000, 3, 130, 2000, 3, 130, 2000, 3, 130, 2000, 2, 120, 1500, 2, 120, 1500, 0, 10, 1000, 1, 12, 500, 0, 10, 1000, 0, 10, 1000, 1, 12, 500, 0, 10, 1000, 1, 12, 500, 0, 10, 1000, 1, 12, 500, 1, 12, 500, 0, 10, 1000, 0, 10, 1000, 1, 12, 500, 0, 10, 1000, 1, 12, 500, 0, 10, 1000, 0, 10, 1000, 0, 10, 1000, 0, 10, 1000, 0, 10, 1000, 1, 12, 500, 1, 12, 500, 1, 12, 500, 1, 12, 500, 0, 10, 1000, 0, 10, 1000, 1, 12, 500, 1, 12, 500, 0, 10, 1000, 1, 12, 500, 1, 12, 500, 1, 12, 500, 1, 12, 500, 0, 10, 1000, 1, 12, 500, 0, 10, 1000, 1, 12, 500, 1, 12, 500, 1, 12, 500, 1, 12, 500, 0, 10, 1000, 0, 10, 1000,  0 , 0, 0, 0 , 0, 0, 0 , 0, 0, 0 , 0, 0,2,2,2,2,2,2,3,3,3,3,3,3,4,4,4,4,4,4,5,5,5,5,5,5,6,6,6,6,6,6,7,7,7,7,7,7,8,8,8,8,8,8,2,2,2,2,2,2,3,3,3,3,3,3,4,4,4,4,4,4,5,5,5,5,5,5,6,6,6,6,6,6,7,7,7,7,7,7,8,8,8,8,8,8,2,2,2,2,2,2,3,3,3,3,3,3,4,4,4,4,4,4,5,5,5,5,5,5,6,6,6,6,6,6,7,7,7,7,7,7,8,8,8,8,8,8,0,0,0,0,
4, 0, 0, 5, 0, 0, 4, 0, 0, 4, 0, 0, 5, 0, 0, 4, 0, 0, 5, 0, 0, 4, 0, 0, 5, 0, 0, 5, 0, 0, 4, 0, 0, 4, 0, 0, 5, 0, 0, 4, 0, 0, 5, 0, 0, 4, 0, 0, 4, 0, 0, 4, 0, 0, 4, 0, 0, 4, 0, 0, 5, 0, 0, 5, 0, 0, 5, 0, 0, 5, 0, 0, 4, 0, 0, 4, 0, 0, 5, 0, 0, 5, 0, 0, 4, 0, 0, 5, 0, 0, 5, 0, 0, 5, 0, 0, 5, 0, 0, 4, 0, 0, 5, 0, 0, 4, 0, 0, 5, 0, 0, 5, 0, 0, 5, 0, 0, 5, 0, 0, 4, 0, 0, 4, 0, 0, 2, 120, 1500, 3, 130, 2000, 2, 120, 1500, 2, 120, 1500, 3, 130, 2000, 2, 120, 1500, 3, 130, 2000, 2, 120, 1500, 3, 130, 2000, 3, 130, 2000, 2, 120, 1500, 2, 120, 1500, 3, 130, 2000, 2, 120, 1500, 3, 130, 2000, 2, 120, 1500, 2, 120, 1500, 2, 120, 1500, 2, 120, 1500, 2, 120, 1500, 3, 130, 2000, 3, 130, 2000, 3, 130, 2000, 3, 130, 2000, 2, 120, 1500, 2, 120, 1500, 3, 130, 2000, 3, 130, 2000, 2, 120, 1500, 3, 130, 2000, 3, 130, 2000, 3, 130, 2000, 3, 130, 2000, 2, 120, 1500, 3, 130, 2000, 2, 120, 1500, 3, 130, 2000, 3, 130, 2000, 3, 130, 2000, 3, 130, 2000, 2, 120, 1500, 2, 120, 1500, 0, 10, 1000, 1, 12, 500, 0, 10, 1000, 0, 10, 1000, 1, 12, 500, 0, 10, 1000, 1, 12, 500, 0, 10, 1000, 1, 12, 500, 1, 12, 500, 0, 10, 1000, 0, 10, 1000, 1, 12, 500, 0, 10, 1000, 1, 12, 500, 0, 10, 1000, 0, 10, 1000, 0, 10, 1000, 0, 10, 1000, 0, 10, 1000, 1, 12, 500, 1, 12, 500, 1, 12, 500, 1, 12, 500, 0, 10, 1000, 0, 10, 1000, 1, 12, 500, 1, 12, 500, 0, 10, 1000, 1, 12, 500, 1, 12, 500, 1, 12, 500, 1, 12, 500, 0, 10, 1000, 1, 12, 500, 0, 10, 1000, 1, 12, 500, 1, 12, 500, 1, 12, 500, 1, 12, 500, 0, 10, 1000, 0, 10, 1000,  0 , 0, 0, 0 , 0, 0, 0 , 0, 0, 0 , 0, 0,2,2,2,2,2,2,3,3,3,3,3,3,4,4,4,4,4,4,5,5,5,5,5,5,6,6,6,6,6,6,7,7,7,7,7,7,8,8,8,8,8,8,2,2,2,2,2,2,3,3,3,3,3,3,4,4,4,4,4,4,5,5,5,5,5,5,6,6,6,6,6,6,7,7,7,7,7,7,8,8,8,8,8,8,2,2,2,2,2,2,3,3,3,3,3,3,4,4,4,4,4,4,5,5,5,5,5,5,6,6,6,6,6,6,7,7,7,7,7,7,8,8,8,8,8,8,0,0,0,0,
4, 0, 0, 5, 0, 0, 4, 0, 0, 4, 0, 0, 5, 0, 0, 4, 0, 0, 5, 0, 0, 4, 0, 0, 5, 0, 0, 5, 0, 0, 4, 0, 0, 4, 0, 0, 5, 0, 0, 4, 0, 0, 5, 0, 0, 4, 0, 0, 4, 0, 0, 4, 0, 0, 4, 0, 0, 4, 0, 0, 5, 0, 0, 5, 0, 0, 5, 0, 0, 5, 0, 0, 4, 0, 0, 4, 0, 0, 5, 0, 0, 5, 0, 0, 4, 0, 0, 5, 0, 0, 5, 0, 0, 5, 0, 0, 5, 0, 0, 4, 0, 0, 5, 0, 0, 4, 0, 0, 5, 0, 0, 5, 0, 0, 5, 0, 0, 5, 0, 0, 4, 0, 0, 4, 0, 0, 2, 120, 1500, 3, 130, 2000, 2, 120, 1500, 2, 120, 1500, 3, 130, 2000, 2, 120, 1500, 3, 130, 2000, 2, 120, 1500, 3, 130, 2000, 3, 130, 2000, 2, 120, 1500, 2, 120, 1500, 3, 130, 2000, 2, 120, 1500, 3, 130, 2000, 2, 120, 1500, 2, 120, 1500, 2, 120, 1500, 2, 120, 1500, 2, 120, 1500, 3, 130, 2000, 3, 130, 2000, 3, 130, 2000, 3, 130, 2000, 2, 120, 1500, 2, 120, 1500, 3, 130, 2000, 3, 130, 2000, 2, 120, 1500, 3, 130, 2000, 3, 130, 2000, 3, 130, 2000, 3, 130, 2000, 2, 120, 1500, 3, 130, 2000, 2, 120, 1500, 3, 130, 2000, 3, 130, 2000, 3, 130, 2000, 3, 130, 2000, 2, 120, 1500, 2, 120, 1500, 0, 10, 1000, 1, 12, 500, 0, 10, 1000, 0, 10, 1000, 1, 12, 500, 0, 10, 1000, 1, 12, 500, 0, 10, 1000, 1, 12, 500, 1, 12, 500, 0, 10, 1000, 0, 10, 1000, 1, 12, 500, 0, 10, 1000, 1, 12, 500, 0, 10, 1000, 0, 10, 1000, 0, 10, 1000, 0, 10, 1000, 0, 10, 1000, 1, 12, 500, 1, 12, 500, 1, 12, 500, 1, 12, 500, 0, 10, 1000, 0, 10, 1000, 1, 12, 500, 1, 12, 500, 0, 10, 1000, 1, 12, 500, 1, 12, 500, 1, 12, 500, 1, 12, 500, 0, 10, 1000, 1, 12, 500, 0, 10, 1000, 1, 12, 500, 1, 12, 500, 1, 12, 500, 1, 12, 500, 0, 10, 1000, 0, 10, 1000,  0 , 0, 0, 0 , 0, 0, 0 , 0, 0, 0 , 0, 0,2,2,2,2,2,2,3,3,3,3,3,3,4,4,4,4,4,4,5,5,5,5,5,5,6,6,6,6,6,6,7,7,7,7,7,7,8,8,8,8,8,8,2,2,2,2,2,2,3,3,3,3,3,3,4,4,4,4,4,4,5,5,5,5,5,5,6,6,6,6,6,6,7,7,7,7,7,7,8,8,8,8,8,8,2,2,2,2,2,2,3,3,3,3,3,3,4,4,4,4,4,4,5,5,5,5,5,5,6,6,6,6,6,6,7,7,7,7,7,7,8,8,8,8,8,8,0,0,0,0,
4, 0, 0, 5, 0, 0, 4, 0, 0, 4, 0, 0, 5, 0, 0, 4, 0, 0, 5, 0, 0, 4, 0, 0, 5, 0, 0, 5, 0, 0, 4, 0, 0, 4, 0, 0, 5, 0, 0, 4, 0, 0, 5, 0, 0, 4, 0, 0, 4, 0, 0, 4, 0, 0, 4, 0, 0, 4, 0, 0, 5, 0, 0, 5, 0, 0, 5, 0, 0, 5, 0, 0, 4, 0, 0, 4, 0, 0, 5, 0, 0, 5, 0, 0, 4, 0, 0, 5, 0, 0, 5, 0, 0, 5, 0, 0, 5, 0, 0, 4, 0, 0, 5, 0, 0, 4, 0, 0, 5, 0, 0, 5, 0, 0, 5, 0, 0, 5, 0, 0, 4, 0, 0, 4, 0, 0, 2, 120, 1500, 3, 130, 2000, 2, 120, 1500, 2, 120, 1500, 3, 130, 2000, 2, 120, 1500, 3, 130, 2000, 2, 120, 1500, 3, 130, 2000, 3, 130, 2000, 2, 120, 1500, 2, 120, 1500, 3, 130, 2000, 2, 120, 1500, 3, 130, 2000, 2, 120, 1500, 2, 120, 1500, 2, 120, 1500, 2, 120, 1500, 2, 120, 1500, 3, 130, 2000, 3, 130, 2000, 3, 130, 2000, 3, 130, 2000, 2, 120, 1500, 2, 120, 1500, 3, 130, 2000, 3, 130, 2000, 2, 120, 1500, 3, 130, 2000, 3, 130, 2000, 3, 130, 2000, 3, 130, 2000, 2, 120, 1500, 3, 130, 2000, 2, 120, 1500, 3, 130, 2000, 3, 130, 2000, 3, 130, 2000, 3, 130, 2000, 2, 120, 1500, 2, 120, 1500, 0, 10, 1000, 1, 12, 500, 0, 10, 1000, 0, 10, 1000, 1, 12, 500, 0, 10, 1000, 1, 12, 500, 0, 10, 1000, 1, 12, 500, 1, 12, 500, 0, 10, 1000, 0, 10, 1000, 1, 12, 500, 0, 10, 1000, 1, 12, 500, 0, 10, 1000, 0, 10, 1000, 0, 10, 1000, 0, 10, 1000, 0, 10, 1000, 1, 12, 500, 1, 12, 500, 1, 12, 500, 1, 12, 500, 0, 10, 1000, 0, 10, 1000, 1, 12, 500, 1, 12, 500, 0, 10, 1000, 1, 12, 500, 1, 12, 500, 1, 12, 500, 1, 12, 500, 0, 10, 1000, 1, 12, 500, 0, 10, 1000, 1, 12, 500, 1, 12, 500, 1, 12, 500, 1, 12, 500, 0, 10, 1000, 0, 10, 1000,  0 , 0, 0, 0 , 0, 0, 0 , 0, 0, 0 , 0, 0,2,2,2,2,2,2,3,3,3,3,3,3,4,4,4,4,4,4,5,5,5,5,5,5,6,6,6,6,6,6,7,7,7,7,7,7,8,8,8,8,8,8,2,2,2,2,2,2,3,3,3,3,3,3,4,4,4,4,4,4,5,5,5,5,5,5,6,6,6,6,6,6,7,7,7,7,7,7,8,8,8,8,8,8,2,2,2,2,2,2,3,3,3,3,3,3,4,4,4,4,4,4,5,5,5,5,5,5,6,6,6,6,6,6,7,7,7,7,7,7,8,8,8,8,8,8,0,0,0,0,
4, 0, 0, 5, 0, 0, 4, 0, 0, 4, 0, 0, 5, 0, 0, 4, 0, 0, 5, 0, 0, 4, 0, 0, 5, 0, 0, 5, 0, 0, 4, 0, 0, 4, 0, 0, 5, 0, 0, 4, 0, 0, 5, 0, 0, 4, 0, 0, 4, 0, 0, 4, 0, 0, 4, 0, 0, 4, 0, 0, 5, 0, 0, 5, 0, 0, 5, 0, 0, 5, 0, 0, 4, 0, 0, 4, 0, 0, 5, 0, 0, 5, 0, 0, 4, 0, 0, 5, 0, 0, 5, 0, 0, 5, 0, 0, 5, 0, 0, 4, 0, 0, 5, 0, 0, 4, 0, 0, 5, 0, 0, 5, 0, 0, 5, 0, 0, 5, 0, 0, 4, 0, 0, 4, 0, 0, 2, 120, 1500, 3, 130, 2000, 2, 120, 1500, 2, 120, 1500, 3, 130, 2000, 2, 120, 1500, 3, 130, 2000, 2, 120, 1500, 3, 130, 2000, 3, 130, 2000, 2, 120, 1500, 2, 120, 1500, 3, 130, 2000, 2, 120, 1500, 3, 130, 2000, 2, 120, 1500, 2, 120, 1500, 2, 120, 1500, 2, 120, 1500, 2, 120, 1500, 3, 130, 2000, 3, 130, 2000, 3, 130, 2000, 3, 130, 2000, 2, 120, 1500, 2, 120, 1500, 3, 130, 2000, 3, 130, 2000, 2, 120, 1500, 3, 130, 2000, 3, 130, 2000, 3, 130, 2000, 3, 130, 2000, 2, 120, 1500, 3, 130, 2000, 2, 120, 1500, 3, 130, 2000, 3, 130, 2000, 3, 130, 2000, 3, 130, 2000, 2, 120, 1500, 2, 120, 1500, 0, 10, 1000, 1, 12, 500, 0, 10, 1000, 0, 10, 1000, 1, 12, 500, 0, 10, 1000, 1, 12, 500, 0, 10, 1000, 1, 12, 500, 1, 12, 500, 0, 10, 1000, 0, 10, 1000, 1, 12, 500, 0, 10, 1000, 1, 12, 500, 0, 10, 1000, 0, 10, 1000, 0, 10, 1000, 0, 10, 1000, 0, 10, 1000, 1, 12, 500, 1, 12, 500, 1, 12, 500, 1, 12, 500, 0, 10, 1000, 0, 10, 1000, 1, 12, 500, 1, 12, 500, 0, 10, 1000, 1, 12, 500, 1, 12, 500, 1, 12, 500, 1, 12, 500, 0, 10, 1000, 1, 12, 500, 0, 10, 1000, 1, 12, 500, 1, 12, 500, 1, 12, 500, 1, 12, 500, 0, 10, 1000, 0, 10, 1000,  0 , 0, 0, 0 , 0, 0, 0 , 0, 0, 0 , 0, 0,2,2,2,2,2,2,3,3,3,3,3,3,4,4,4,4,4,4,5,5,5,5,5,5,6,6,6,6,6,6,7,7,7,7,7,7,8,8,8,8,8,8,2,2,2,2,2,2,3,3,3,3,3,3,4,4,4,4,4,4,5,5,5,5,5,5,6,6,6,6,6,6,7,7,7,7,7,7,8,8,8,8,8,8,2,2,2,2,2,2,3,3,3,3,3,3,4,4,4,4,4,4,5,5,5,5,5,5,6,6,6,6,6,6,7,7,7,7,7,7,8,8,8,8,8,8,0,0,0,0,
4, 0, 0, 5, 0, 0, 4, 0, 0, 4, 0, 0, 5, 0, 0, 4, 0, 0, 5, 0, 0, 4, 0, 0, 5, 0, 0, 5, 0, 0, 4, 0, 0, 4, 0, 0, 5, 0, 0, 4, 0, 0, 5, 0, 0, 4, 0, 0, 4, 0, 0, 4, 0, 0, 4, 0, 0, 4, 0, 0, 5, 0, 0, 5, 0, 0, 5, 0, 0, 5, 0, 0, 4, 0, 0, 4, 0, 0, 5, 0, 0, 5, 0, 0, 4, 0, 0, 5, 0, 0, 5, 0, 0, 5, 0, 0, 5, 0, 0, 4, 0, 0, 5, 0, 0, 4, 0, 0, 5, 0, 0, 5, 0, 0, 5, 0, 0, 5, 0, 0, 4, 0, 0, 4, 0, 0, 2, 120, 1500, 3, 130, 2000, 2, 120, 1500, 2, 120, 1500, 3, 130, 2000, 2, 120, 1500, 3, 130, 2000, 2, 120, 1500, 3, 130, 2000, 3, 130, 2000, 2, 120, 1500, 2, 120, 1500, 3, 130, 2000, 2, 120, 1500, 3, 130, 2000, 2, 120, 1500, 2, 120, 1500, 2, 120, 1500, 2, 120, 1500, 2, 120, 1500, 3, 130, 2000, 3, 130, 2000, 3, 130, 2000, 3, 130, 2000, 2, 120, 1500, 2, 120, 1500, 3, 130, 2000, 3, 130, 2000, 2, 120, 1500, 3, 130, 2000, 3, 130, 2000, 3, 130, 2000, 3, 130, 2000, 2, 120, 1500, 3, 130, 2000, 2, 120, 1500, 3, 130, 2000, 3, 130, 2000, 3, 130, 2000, 3, 130, 2000, 2, 120, 1500, 2, 120, 1500, 0, 10, 1000, 1, 12, 500, 0, 10, 1000, 0, 10, 1000, 1, 12, 500, 0, 10, 1000, 1, 12, 500, 0, 10, 1000, 1, 12, 500, 1, 12, 500, 0, 10, 1000, 0, 10, 1000, 1, 12, 500, 0, 10, 1000, 1, 12, 500, 0, 10, 1000, 0, 10, 1000, 0, 10, 1000, 0, 10, 1000, 0, 10, 1000, 1, 12, 500, 1, 12, 500, 1, 12, 500, 1, 12, 500, 0, 10, 1000, 0, 10, 1000, 1, 12, 500, 1, 12, 500, 0, 10, 1000, 1, 12, 500, 1, 12, 500, 1, 12, 500, 1, 12, 500, 0, 10, 1000, 1, 12, 500, 0, 10, 1000, 1, 12, 500, 1, 12, 500, 1, 12, 500, 1, 12, 500, 0, 10, 1000, 0, 10, 1000,  0 , 0, 0, 0 , 0, 0, 0 , 0, 0, 0 , 0, 0,2,2,2,2,2,2,3,3,3,3,3,3,4,4,4,4,4,4,5,5,5,5,5,5,6,6,6,6,6,6,7,7,7,7,7,7,8,8,8,8,8,8,2,2,2,2,2,2,3,3,3,3,3,3,4,4,4,4,4,4,5,5,5,5,5,5,6,6,6,6,6,6,7,7,7,7,7,7,8,8,8,8,8,8,2,2,2,2,2,2,3,3,3,3,3,3,4,4,4,4,4,4,5,5,5,5,5,5,6,6,6,6,6,6,7,7,7,7,7,7,8,8,8,8,8,8,0,0,0,0,
4, 0, 0, 5, 0, 0, 4, 0, 0, 4, 0, 0, 5, 0, 0, 4, 0, 0, 5, 0, 0, 4, 0, 0, 5, 0, 0, 5, 0, 0, 4, 0, 0, 4, 0, 0, 5, 0, 0, 4, 0, 0, 5, 0, 0, 4, 0, 0, 4, 0, 0, 4, 0, 0, 4, 0, 0, 4, 0, 0, 5, 0, 0, 5, 0, 0, 5, 0, 0, 5, 0, 0, 4, 0, 0, 4, 0, 0, 5, 0, 0, 5, 0, 0, 4, 0, 0, 5, 0, 0, 5, 0, 0, 5, 0, 0, 5, 0, 0, 4, 0, 0, 5, 0, 0, 4, 0, 0, 5, 0, 0, 5, 0, 0, 5, 0, 0, 5, 0, 0, 4, 0, 0, 4, 0, 0, 2, 120, 1500, 3, 130, 2000, 2, 120, 1500, 2, 120, 1500, 3, 130, 2000, 2, 120, 1500, 3, 130, 2000, 2, 120, 1500, 3, 130, 2000, 3, 130, 2000, 2, 120, 1500, 2, 120, 1500, 3, 130, 2000, 2, 120, 1500, 3, 130, 2000, 2, 120, 1500, 2, 120, 1500, 2, 120, 1500, 2, 120, 1500, 2, 120, 1500, 3, 130, 2000, 3, 130, 2000, 3, 130, 2000, 3, 130, 2000, 2, 120, 1500, 2, 120, 1500, 3, 130, 2000, 3, 130, 2000, 2, 120, 1500, 3, 130, 2000, 3, 130, 2000, 3, 130, 2000, 3, 130, 2000, 2, 120, 1500, 3, 130, 2000, 2, 120, 1500, 3, 130, 2000, 3, 130, 2000, 3, 130, 2000, 3, 130, 2000, 2, 120, 1500, 2, 120, 1500, 0, 10, 1000, 1, 12, 500, 0, 10, 1000, 0, 10, 1000, 1, 12, 500, 0, 10, 1000, 1, 12, 500, 0, 10, 1000, 1, 12, 500, 1, 12, 500, 0, 10, 1000, 0, 10, 1000, 1, 12, 500, 0, 10, 1000, 1, 12, 500, 0, 10, 1000, 0, 10, 1000, 0, 10, 1000, 0, 10, 1000, 0, 10, 1000, 1, 12, 500, 1, 12, 500, 1, 12, 500, 1, 12, 500, 0, 10, 1000, 0, 10, 1000, 1, 12, 500, 1, 12, 500, 0, 10, 1000, 1, 12, 500, 1, 12, 500, 1, 12, 500, 1, 12, 500, 0, 10, 1000, 1, 12, 500, 0, 10, 1000, 1, 12, 500, 1, 12, 500, 1, 12, 500, 1, 12, 500, 0, 10, 1000, 0, 10, 1000,  0 , 0, 0, 0 , 0, 0, 0 , 0, 0, 0 , 0, 0,2,2,2,2,2,2,3,3,3,3,3,3,4,4,4,4,4,4,5,5,5,5,5,5,6,6,6,6,6,6,7,7,7,7,7,7,8,8,8,8,8,8,2,2,2,2,2,2,3,3,3,3,3,3,4,4,4,4,4,4,5,5,5,5,5,5,6,6,6,6,6,6,7,7,7,7,7,7,8,8,8,8,8,8,2,2,2,2,2,2,3,3,3,3,3,3,4,4,4,4,4,4,5,5,5,5,5,5,6,6,6,6,6,6,7,7,7,7,7,7,8,8,8,8,8,8,0,0,0,0,
4, 0, 0, 5, 0, 0, 4, 0, 0, 4, 0, 0, 5, 0, 0, 4, 0, 0, 5, 0, 0, 4, 0, 0, 5, 0, 0, 5, 0, 0, 4, 0, 0, 4, 0, 0, 5, 0, 0, 4, 0, 0, 5, 0, 0, 4, 0, 0, 4, 0, 0, 4, 0, 0, 4, 0, 0, 4, 0, 0, 5, 0, 0, 5, 0, 0, 5, 0, 0, 5, 0, 0, 4, 0, 0, 4, 0, 0, 5, 0, 0, 5, 0, 0, 4, 0, 0, 5, 0, 0, 5, 0, 0, 5, 0, 0, 5, 0, 0, 4, 0, 0, 5, 0, 0, 4, 0, 0, 5, 0, 0, 5, 0, 0, 5, 0, 0, 5, 0, 0, 4, 0, 0, 4, 0, 0, 2, 120, 1500, 3, 130, 2000, 2, 120, 1500, 2, 120, 1500, 3, 130, 2000, 2, 120, 1500, 3, 130, 2000, 2, 120, 1500, 3, 130, 2000, 3, 130, 2000, 2, 120, 1500, 2, 120, 1500, 3, 130, 2000, 2, 120, 1500, 3, 130, 2000, 2, 120, 1500, 2, 120, 1500, 2, 120, 1500, 2, 120, 1500, 2, 120, 1500, 3, 130, 2000, 3, 130, 2000, 3, 130, 2000, 3, 130, 2000, 2, 120, 1500, 2, 120, 1500, 3, 130, 2000, 3, 130, 2000, 2, 120, 1500, 3, 130, 2000, 3, 130, 2000, 3, 130, 2000, 3, 130, 2000, 2, 120, 1500, 3, 130, 2000, 2, 120, 1500, 3, 130, 2000, 3, 130, 2000, 3, 130, 2000, 3, 130, 2000, 2, 120, 1500, 2, 120, 1500, 0, 10, 1000, 1, 12, 500, 0, 10, 1000, 0, 10, 1000, 1, 12, 500, 0, 10, 1000, 1, 12, 500, 0, 10, 1000, 1, 12, 500, 1, 12, 500, 0, 10, 1000, 0, 10, 1000, 1, 12, 500, 0, 10, 1000, 1, 12, 500, 0, 10, 1000, 0, 10, 1000, 0, 10, 1000, 0, 10, 1000, 0, 10, 1000, 1, 12, 500, 1, 12, 500, 1, 12, 500, 1, 12, 500, 0, 10, 1000, 0, 10, 1000, 1, 12, 500, 1, 12, 500, 0, 10, 1000, 1, 12, 500, 1, 12, 500, 1, 12, 500, 1, 12, 500, 0, 10, 1000, 1, 12, 500, 0, 10, 1000, 1, 12, 500, 1, 12, 500, 1, 12, 500, 1, 12, 500, 0, 10, 1000, 0, 10, 1000,  0 , 0, 0, 0 , 0, 0, 0 , 0, 0, 0 , 0, 0,2,2,2,2,2,2,3,3,3,3,3,3,4,4,4,4,4,4,5,5,5,5,5,5,6,6,6,6,6,6,7,7,7,7,7,7,8,8,8,8,8,8,2,2,2,2,2,2,3,3,3,3,3,3,4,4,4,4,4,4,5,5,5,5,5,5,6,6,6,6,6,6,7,7,7,7,7,7,8,8,8,8,8,8,2,2,2,2,2,2,3,3,3,3,3,3,4,4,4,4,4,4,5,5,5,5,5,5,6,6,6,6,6,6,7,7,7,7,7,7,8,8,8,8,8,8,0,0,0,0,
4, 0, 0, 5, 0, 0, 4, 0, 0, 4, 0, 0, 5, 0, 0, 4, 0, 0, 5, 0, 0, 4, 0, 0, 5, 0, 0, 5, 0, 0, 4, 0, 0, 4, 0, 0, 5, 0, 0, 4, 0, 0, 5, 0, 0, 4, 0, 0, 4, 0, 0, 4, 0, 0, 4, 0, 0, 4, 0, 0, 5, 0, 0, 5, 0, 0, 5, 0, 0, 5, 0, 0, 4, 0, 0, 4, 0, 0, 5, 0, 0, 5, 0, 0, 4, 0, 0, 5, 0, 0, 5, 0, 0, 5, 0, 0, 5, 0, 0, 4, 0, 0, 5, 0, 0, 4, 0, 0, 5, 0, 0, 5, 0, 0, 5, 0, 0, 5, 0, 0, 4, 0, 0, 4, 0, 0, 2, 120, 1500, 3, 130, 2000, 2, 120, 1500, 2, 120, 1500, 3, 130, 2000, 2, 120, 1500, 3, 130, 2000, 2, 120, 1500, 3, 130, 2000, 3, 130, 2000, 2, 120, 1500, 2, 120, 1500, 3, 130, 2000, 2, 120, 1500, 3, 130, 2000, 2, 120, 1500, 2, 120, 1500, 2, 120, 1500, 2, 120, 1500, 2, 120, 1500, 3, 130, 2000, 3, 130, 2000, 3, 130, 2000, 3, 130, 2000, 2, 120, 1500, 2, 120, 1500, 3, 130, 2000, 3, 130, 2000, 2, 120, 1500, 3, 130, 2000, 3, 130, 2000, 3, 130, 2000, 3, 130, 2000, 2, 120, 1500, 3, 130, 2000, 2, 120, 1500, 3, 130, 2000, 3, 130, 2000, 3, 130, 2000, 3, 130, 2000, 2, 120, 1500, 2, 120, 1500, 0, 10, 1000, 1, 12, 500, 0, 10, 1000, 0, 10, 1000, 1, 12, 500, 0, 10, 1000, 1, 12, 500, 0, 10, 1000, 1, 12, 500, 1, 12, 500, 0, 10, 1000, 0, 10, 1000, 1, 12, 500, 0, 10, 1000, 1, 12, 500, 0, 10, 1000, 0, 10, 1000, 0, 10, 1000, 0, 10, 1000, 0, 10, 1000, 1, 12, 500, 1, 12, 500, 1, 12, 500, 1, 12, 500, 0, 10, 1000, 0, 10, 1000, 1, 12, 500, 1, 12, 500, 0, 10, 1000, 1, 12, 500, 1, 12, 500, 1, 12, 500, 1, 12, 500, 0, 10, 1000, 1, 12, 500, 0, 10, 1000, 1, 12, 500, 1, 12, 500, 1, 12, 500, 1, 12, 500, 0, 10, 1000, 0, 10, 1000,  0 , 0, 0, 0 , 0, 0, 0 , 0, 0, 0 , 0, 0,2,2,2,2,2,2,3,3,3,3,3,3,4,4,4,4,4,4,5,5,5,5,5,5,6,6,6,6,6,6,7,7,7,7,7,7,8,8,8,8,8,8,2,2,2,2,2,2,3,3,3,3,3,3,4,4,4,4,4,4,5,5,5,5,5,5,6,6,6,6,6,6,7,7,7,7,7,7,8,8,8,8,8,8,2,2,2,2,2,2,3,3,3,3,3,3,4,4,4,4,4,4,5,5,5,5,5,5,6,6,6,6,6,6,7,7,7,7,7,7,8,8,8,8,8,8,0,0,0,0,
4, 0, 0, 5, 0, 0, 4, 0, 0, 4, 0, 0, 5, 0, 0, 4, 0, 0, 5, 0, 0, 4, 0, 0, 5, 0, 0, 5, 0, 0, 4, 0, 0, 4, 0, 0, 5, 0, 0, 4, 0, 0, 5, 0, 0, 4, 0, 0, 4, 0, 0, 4, 0, 0, 4, 0, 0, 4, 0, 0, 5, 0, 0, 5, 0, 0, 5, 0, 0, 5, 0, 0, 4, 0, 0, 4, 0, 0, 5, 0, 0, 5, 0, 0, 4, 0, 0, 5, 0, 0, 5, 0, 0, 5, 0, 0, 5, 0, 0, 4, 0, 0, 5, 0, 0, 4, 0, 0, 5, 0, 0, 5, 0, 0, 5, 0, 0, 5, 0, 0, 4, 0, 0, 4, 0, 0, 2, 120, 1500, 3, 130, 2000, 2, 120, 1500, 2, 120, 1500, 3, 130, 2000, 2, 120, 1500, 3, 130, 2000, 2, 120, 1500, 3, 130, 2000, 3, 130, 2000, 2, 120, 1500, 2, 120, 1500, 3, 130, 2000, 2, 120, 1500, 3, 130, 2000, 2, 120, 1500, 2, 120, 1500, 2, 120, 1500, 2, 120, 1500, 2, 120, 1500, 3, 130, 2000, 3, 130, 2000, 3, 130, 2000, 3, 130, 2000, 2, 120, 1500, 2, 120, 1500, 3, 130, 2000, 3, 130, 2000, 2, 120, 1500, 3, 130, 2000, 3, 130, 2000, 3, 130, 2000, 3, 130, 2000, 2, 120, 1500, 3, 130, 2000, 2, 120, 1500, 3, 130, 2000, 3, 130, 2000, 3, 130, 2000, 3, 130, 2000, 2, 120, 1500, 2, 120, 1500, 0, 10, 1000, 1, 12, 500, 0, 10, 1000, 0, 10, 1000, 1, 12, 500, 0, 10, 1000, 1, 12, 500, 0, 10, 1000, 1, 12, 500, 1, 12, 500, 0, 10, 1000, 0, 10, 1000, 1, 12, 500, 0, 10, 1000, 1, 12, 500, 0, 10, 1000, 0, 10, 1000, 0, 10, 1000, 0, 10, 1000, 0, 10, 1000, 1, 12, 500, 1, 12, 500, 1, 12, 500, 1, 12, 500, 0, 10, 1000, 0, 10, 1000, 1, 12, 500, 1, 12, 500, 0, 10, 1000, 1, 12, 500, 1, 12, 500, 1, 12, 500, 1, 12, 500, 0, 10, 1000, 1, 12, 500, 0, 10, 1000, 1, 12, 500, 1, 12, 500, 1, 12, 500, 1, 12, 500, 0, 10, 1000, 0, 10, 1000,  0 , 0, 0, 0 , 0, 0, 0 , 0, 0, 0 , 0, 0,2,2,2,2,2,2,3,3,3,3,3,3,4,4,4,4,4,4,5,5,5,5,5,5,6,6,6,6,6,6,7,7,7,7,7,7,8,8,8,8,8,8,2,2,2,2,2,2,3,3,3,3,3,3,4,4,4,4,4,4,5,5,5,5,5,5,6,6,6,6,6,6,7,7,7,7,7,7,8,8,8,8,8,8,2,2,2,2,2,2,3,3,3,3,3,3,4,4,4,4,4,4,5,5,5,5,5,5,6,6,6,6,6,6,7,7,7,7,7,7,8,8,8,8,8,8,0,0,0,0,
4, 0, 0, 5, 0, 0, 4, 0, 0, 4, 0, 0, 5, 0, 0, 4, 0, 0, 5, 0, 0, 4, 0, 0, 5, 0, 0, 5, 0, 0, 4, 0, 0, 4, 0, 0, 5, 0, 0, 4, 0, 0, 5, 0, 0, 4, 0, 0, 4, 0, 0, 4, 0, 0, 4, 0, 0, 4, 0, 0, 5, 0, 0, 5, 0, 0, 5, 0, 0, 5, 0, 0, 4, 0, 0, 4, 0, 0, 5, 0, 0, 5, 0, 0, 4, 0, 0, 5, 0, 0, 5, 0, 0, 5, 0, 0, 5, 0, 0, 4, 0, 0, 5, 0, 0, 4, 0, 0, 5, 0, 0, 5, 0, 0, 5, 0, 0, 5, 0, 0, 4, 0, 0, 4, 0, 0, 2, 120, 1500, 3, 130, 2000, 2, 120, 1500, 2, 120, 1500, 3, 130, 2000, 2, 120, 1500, 3, 130, 2000, 2, 120, 1500, 3, 130, 2000, 3, 130, 2000, 2, 120, 1500, 2, 120, 1500, 3, 130, 2000, 2, 120, 1500, 3, 130, 2000, 2, 120, 1500, 2, 120, 1500, 2, 120, 1500, 2, 120, 1500, 2, 120, 1500, 3, 130, 2000, 3, 130, 2000, 3, 130, 2000, 3, 130, 2000, 2, 120, 1500, 2, 120, 1500, 3, 130, 2000, 3, 130, 2000, 2, 120, 1500, 3, 130, 2000, 3, 130, 2000, 3, 130, 2000, 3, 130, 2000, 2, 120, 1500, 3, 130, 2000, 2, 120, 1500, 3, 130, 2000, 3, 130, 2000, 3, 130, 2000, 3, 130, 2000, 2, 120, 1500, 2, 120, 1500, 0, 10, 1000, 1, 12, 500, 0, 10, 1000, 0, 10, 1000, 1, 12, 500, 0, 10, 1000, 1, 12, 500, 0, 10, 1000, 1, 12, 500, 1, 12, 500, 0, 10, 1000, 0, 10, 1000, 1, 12, 500, 0, 10, 1000, 1, 12, 500, 0, 10, 1000, 0, 10, 1000, 0, 10, 1000, 0, 10, 1000, 0, 10, 1000, 1, 12, 500, 1, 12, 500, 1, 12, 500, 1, 12, 500, 0, 10, 1000, 0, 10, 1000, 1, 12, 500, 1, 12, 500, 0, 10, 1000, 1, 12, 500, 1, 12, 500, 1, 12, 500, 1, 12, 500, 0, 10, 1000, 1, 12, 500, 0, 10, 1000, 1, 12, 500, 1, 12, 500, 1, 12, 500, 1, 12, 500, 0, 10, 1000, 0, 10, 1000,  0 , 0, 0, 0 , 0, 0, 0 , 0, 0, 0 , 0, 0,2,2,2,2,2,2,3,3,3,3,3,3,4,4,4,4,4,4,5,5,5,5,5,5,6,6,6,6,6,6,7,7,7,7,7,7,8,8,8,8,8,8,2,2,2,2,2,2,3,3,3,3,3,3,4,4,4,4,4,4,5,5,5,5,5,5,6,6,6,6,6,6,7,7,7,7,7,7,8,8,8,8,8,8,2,2,2,2,2,2,3,3,3,3,3,3,4,4,4,4,4,4,5,5,5,5,5,5,6,6,6,6,6,6,7,7,7,7,7,7,8,8,8,8,8,8,0,0,0,0,
4, 0, 0, 5, 0, 0, 4, 0, 0, 4, 0, 0, 5, 0, 0, 4, 0, 0, 5, 0, 0, 4, 0, 0, 5, 0, 0, 5, 0, 0, 4, 0, 0, 4, 0, 0, 5, 0, 0, 4, 0, 0, 5, 0, 0, 4, 0, 0, 4, 0, 0, 4, 0, 0, 4, 0, 0, 4, 0, 0, 5, 0, 0, 5, 0, 0, 5, 0, 0, 5, 0, 0, 4, 0, 0, 4, 0, 0, 5, 0, 0, 5, 0, 0, 4, 0, 0, 5, 0, 0, 5, 0, 0, 5, 0, 0, 5, 0, 0, 4, 0, 0, 5, 0, 0, 4, 0, 0, 5, 0, 0, 5, 0, 0, 5, 0, 0, 5, 0, 0, 4, 0, 0, 4, 0, 0, 2, 120, 1500, 3, 130, 2000, 2, 120, 1500, 2, 120, 1500, 3, 130, 2000, 2, 120, 1500, 3, 130, 2000, 2, 120, 1500, 3, 130, 2000, 3, 130, 2000, 2, 120, 1500, 2, 120, 1500, 3, 130, 2000, 2, 120, 1500, 3, 130, 2000, 2, 120, 1500, 2, 120, 1500, 2, 120, 1500, 2, 120, 1500, 2, 120, 1500, 3, 130, 2000, 3, 130, 2000, 3, 130, 2000, 3, 130, 2000, 2, 120, 1500, 2, 120, 1500, 3, 130, 2000, 3, 130, 2000, 2, 120, 1500, 3, 130, 2000, 3, 130, 2000, 3, 130, 2000, 3, 130, 2000, 2, 120, 1500, 3, 130, 2000, 2, 120, 1500, 3, 130, 2000, 3, 130, 2000, 3, 130, 2000, 3, 130, 2000, 2, 120, 1500, 2, 120, 1500, 0, 10, 1000, 1, 12, 500, 0, 10, 1000, 0, 10, 1000, 1, 12, 500, 0, 10, 1000, 1, 12, 500, 0, 10, 1000, 1, 12, 500, 1, 12, 500, 0, 10, 1000, 0, 10, 1000, 1, 12, 500, 0, 10, 1000, 1, 12, 500, 0, 10, 1000, 0, 10, 1000, 0, 10, 1000, 0, 10, 1000, 0, 10, 1000, 1, 12, 500, 1, 12, 500, 1, 12, 500, 1, 12, 500, 0, 10, 1000, 0, 10, 1000, 1, 12, 500, 1, 12, 500, 0, 10, 1000, 1, 12, 500, 1, 12, 500, 1, 12, 500, 1, 12, 500, 0, 10, 1000, 1, 12, 500, 0, 10, 1000, 1, 12, 500, 1, 12, 500, 1, 12, 500, 1, 12, 500, 0, 10, 1000, 0, 10, 1000,  0 , 0, 0, 0 , 0, 0, 0 , 0, 0, 0 , 0, 0,2,2,2,2,2,2,3,3,3,3,3,3,4,4,4,4,4,4,5,5,5,5,5,5,6,6,6,6,6,6,7,7,7,7,7,7,8,8,8,8,8,8,2,2,2,2,2,2,3,3,3,3,3,3,4,4,4,4,4,4,5,5,5,5,5,5,6,6,6,6,6,6,7,7,7,7,7,7,8,8,8,8,8,8,2,2,2,2,2,2,3,3,3,3,3,3,4,4,4,4,4,4,5,5,5,5,5,5,6,6,6,6,6,6,7,7,7,7,7,7,8,8,8,8,8,8,0,0,0,0,
4, 0, 0, 5, 0, 0, 4, 0, 0, 4, 0, 0, 5, 0, 0, 4, 0, 0, 5, 0, 0, 4, 0, 0, 5, 0, 0, 5, 0, 0, 4, 0, 0, 4, 0, 0, 5, 0, 0, 4, 0, 0, 5, 0, 0, 4, 0, 0, 4, 0, 0, 4, 0, 0, 4, 0, 0, 4, 0, 0, 5, 0, 0, 5, 0, 0, 5, 0, 0, 5, 0, 0, 4, 0, 0, 4, 0, 0, 5, 0, 0, 5, 0, 0, 4, 0, 0, 5, 0, 0, 5, 0, 0, 5, 0, 0, 5, 0, 0, 4, 0, 0, 5, 0, 0, 4, 0, 0, 5, 0, 0, 5, 0, 0, 5, 0, 0, 5, 0, 0, 4, 0, 0, 4, 0, 0, 2, 120, 1500, 3, 130, 2000, 2, 120, 1500, 2, 120, 1500, 3, 130, 2000, 2, 120, 1500, 3, 130, 2000, 2, 120, 1500, 3, 130, 2000, 3, 130, 2000, 2, 120, 1500, 2, 120, 1500, 3, 130, 2000, 2, 120, 1500, 3, 130, 2000, 2, 120, 1500, 2, 120, 1500, 2, 120, 1500, 2, 120, 1500, 2, 120, 1500, 3, 130, 2000, 3, 130, 2000, 3, 130, 2000, 3, 130, 2000, 2, 120, 1500, 2, 120, 1500, 3, 130, 2000, 3, 130, 2000, 2, 120, 1500, 3, 130, 2000, 3, 130, 2000, 3, 130, 2000, 3, 130, 2000, 2, 120, 1500, 3, 130, 2000, 2, 120, 1500, 3, 130, 2000, 3, 130, 2000, 3, 130, 2000, 3, 130, 2000, 2, 120, 1500, 2, 120, 1500, 0, 10, 1000, 1, 12, 500, 0, 10, 1000, 0, 10, 1000, 1, 12, 500, 0, 10, 1000, 1, 12, 500, 0, 10, 1000, 1, 12, 500, 1, 12, 500, 0, 10, 1000, 0, 10, 1000, 1, 12, 500, 0, 10, 1000, 1, 12, 500, 0, 10, 1000, 0, 10, 1000, 0, 10, 1000, 0, 10, 1000, 0, 10, 1000, 1, 12, 500, 1, 12, 500, 1, 12, 500, 1, 12, 500, 0, 10, 1000, 0, 10, 1000, 1, 12, 500, 1, 12, 500, 0, 10, 1000, 1, 12, 500, 1, 12, 500, 1, 12, 500, 1, 12, 500, 0, 10, 1000, 1, 12, 500, 0, 10, 1000, 1, 12, 500, 1, 12, 500, 1, 12, 500, 1, 12, 500, 0, 10, 1000, 0, 10, 1000,  0 , 0, 0, 0 , 0, 0, 0 , 0, 0, 0 , 0, 0,2,2,2,2,2,2,3,3,3,3,3,3,4,4,4,4,4,4,5,5,5,5,5,5,6,6,6,6,6,6,7,7,7,7,7,7,8,8,8,8,8,8,2,2,2,2,2,2,3,3,3,3,3,3,4,4,4,4,4,4,5,5,5,5,5,5,6,6,6,6,6,6,7,7,7,7,7,7,8,8,8,8,8,8,2,2,2,2,2,2,3,3,3,3,3,3,4,4,4,4,4,4,5,5,5,5,5,5,6,6,6,6,6,6,7,7,7,7,7,7,8,8,8,8,8,8,0,0,0,0,
4, 0, 0, 5, 0, 0, 4, 0, 0, 4, 0, 0, 5, 0, 0, 4, 0, 0, 5, 0, 0, 4, 0, 0, 5, 0, 0, 5, 0, 0, 4, 0, 0, 4, 0, 0, 5, 0, 0, 4, 0, 0, 5, 0, 0, 4, 0, 0, 4, 0, 0, 4, 0, 0, 4, 0, 0, 4, 0, 0, 5, 0, 0, 5, 0, 0, 5, 0, 0, 5, 0, 0, 4, 0, 0, 4, 0, 0, 5, 0, 0, 5, 0, 0, 4, 0, 0, 5, 0, 0, 5, 0, 0, 5, 0, 0, 5, 0, 0, 4, 0, 0, 5, 0, 0, 4, 0, 0, 5, 0, 0, 5, 0, 0, 5, 0, 0, 5, 0, 0, 4, 0, 0, 4, 0, 0, 2, 120, 1500, 3, 130, 2000, 2, 120, 1500, 2, 120, 1500, 3, 130, 2000, 2, 120, 1500, 3, 130, 2000, 2, 120, 1500, 3, 130, 2000, 3, 130, 2000, 2, 120, 1500, 2, 120, 1500, 3, 130, 2000, 2, 120, 1500, 3, 130, 2000, 2, 120, 1500, 2, 120, 1500, 2, 120, 1500, 2, 120, 1500, 2, 120, 1500, 3, 130, 2000, 3, 130, 2000, 3, 130, 2000, 3, 130, 2000, 2, 120, 1500, 2, 120, 1500, 3, 130, 2000, 3, 130, 2000, 2, 120, 1500, 3, 130, 2000, 3, 130, 2000, 3, 130, 2000, 3, 130, 2000, 2, 120, 1500, 3, 130, 2000, 2, 120, 1500, 3, 130, 2000, 3, 130, 2000, 3, 130, 2000, 3, 130, 2000, 2, 120, 1500, 2, 120, 1500, 0, 10, 1000, 1, 12, 500, 0, 10, 1000, 0, 10, 1000, 1, 12, 500, 0, 10, 1000, 1, 12, 500, 0, 10, 1000, 1, 12, 500, 1, 12, 500, 0, 10, 1000, 0, 10, 1000, 1, 12, 500, 0, 10, 1000, 1, 12, 500, 0, 10, 1000, 0, 10, 1000, 0, 10, 1000, 0, 10, 1000, 0, 10, 1000, 1, 12, 500, 1, 12, 500, 1, 12, 500, 1, 12, 500, 0, 10, 1000, 0, 10, 1000, 1, 12, 500, 1, 12, 500, 0, 10, 1000, 1, 12, 500, 1, 12, 500, 1, 12, 500, 1, 12, 500, 0, 10, 1000, 1, 12, 500, 0, 10, 1000, 1, 12, 500, 1, 12, 500, 1, 12, 500, 1, 12, 500, 0, 10, 1000, 0, 10, 1000,  0 , 0, 0, 0 , 0, 0, 0 , 0, 0, 0 , 0, 0,2,2,2,2,2,2,3,3,3,3,3,3,4,4,4,4,4,4,5,5,5,5,5,5,6,6,6,6,6,6,7,7,7,7,7,7,8,8,8,8,8,8,2,2,2,2,2,2,3,3,3,3,3,3,4,4,4,4,4,4,5,5,5,5,5,5,6,6,6,6,6,6,7,7,7,7,7,7,8,8,8,8,8,8,2,2,2,2,2,2,3,3,3,3,3,3,4,4,4,4,4,4,5,5,5,5,5,5,6,6,6,6,6,6,7,7,7,7,7,7,8,8,8,8,8,8,0,0,0,0,
4, 0, 0, 5, 0, 0, 4, 0, 0, 4, 0, 0, 5, 0, 0, 4, 0, 0, 5, 0, 0, 4, 0, 0, 5, 0, 0, 5, 0, 0, 4, 0, 0, 4, 0, 0, 5, 0, 0, 4, 0, 0, 5, 0, 0, 4, 0, 0, 4, 0, 0, 4, 0, 0, 4, 0, 0, 4, 0, 0, 5, 0, 0, 5, 0, 0, 5, 0, 0, 5, 0, 0, 4, 0, 0, 4, 0, 0, 5, 0, 0, 5, 0, 0, 4, 0, 0, 5, 0, 0, 5, 0, 0, 5, 0, 0, 5, 0, 0, 4, 0, 0, 5, 0, 0, 4, 0, 0, 5, 0, 0, 5, 0, 0, 5, 0, 0, 5, 0, 0, 4, 0, 0, 4, 0, 0, 2, 120, 1500, 3, 130, 2000, 2, 120, 1500, 2, 120, 1500, 3, 130, 2000, 2, 120, 1500, 3, 130, 2000, 2, 120, 1500, 3, 130, 2000, 3, 130, 2000, 2, 120, 1500, 2, 120, 1500, 3, 130, 2000, 2, 120, 1500, 3, 130, 2000, 2, 120, 1500, 2, 120, 1500, 2, 120, 1500, 2, 120, 1500, 2, 120, 1500, 3, 130, 2000, 3, 130, 2000, 3, 130, 2000, 3, 130, 2000, 2, 120, 1500, 2, 120, 1500, 3, 130, 2000, 3, 130, 2000, 2, 120, 1500, 3, 130, 2000, 3, 130, 2000, 3, 130, 2000, 3, 130, 2000, 2, 120, 1500, 3, 130, 2000, 2, 120, 1500, 3, 130, 2000, 3, 130, 2000, 3, 130, 2000, 3, 130, 2000, 2, 120, 1500, 2, 120, 1500, 0, 10, 1000, 1, 12, 500, 0, 10, 1000, 0, 10, 1000, 1, 12, 500, 0, 10, 1000, 1, 12, 500, 0, 10, 1000, 1, 12, 500, 1, 12, 500, 0, 10, 1000, 0, 10, 1000, 1, 12, 500, 0, 10, 1000, 1, 12, 500, 0, 10, 1000, 0, 10, 1000, 0, 10, 1000, 0, 10, 1000, 0, 10, 1000, 1, 12, 500, 1, 12, 500, 1, 12, 500, 1, 12, 500, 0, 10, 1000, 0, 10, 1000, 1, 12, 500, 1, 12, 500, 0, 10, 1000, 1, 12, 500, 1, 12, 500, 1, 12, 500, 1, 12, 500, 0, 10, 1000, 1, 12, 500, 0, 10, 1000, 1, 12, 500, 1, 12, 500, 1, 12, 500, 1, 12, 500, 0, 10, 1000, 0, 10, 1000,  0 , 0, 0, 0 , 0, 0, 0 , 0, 0, 0 , 0, 0,2,2,2,2,2,2,3,3,3,3,3,3,4,4,4,4,4,4,5,5,5,5,5,5,6,6,6,6,6,6,7,7,7,7,7,7,8,8,8,8,8,8,2,2,2,2,2,2,3,3,3,3,3,3,4,4,4,4,4,4,5,5,5,5,5,5,6,6,6,6,6,6,7,7,7,7,7,7,8,8,8,8,8,8,2,2,2,2,2,2,3,3,3,3,3,3,4,4,4,4,4,4,5,5,5,5,5,5,6,6,6,6,6,6,7,7,7,7,7,7,8,8,8,8,8,8,0,0,0,0,
4, 0, 0, 5, 0, 0, 4, 0, 0, 4, 0, 0, 5, 0, 0, 4, 0, 0, 5, 0, 0, 4, 0, 0, 5, 0, 0, 5, 0, 0, 4, 0, 0, 4, 0, 0, 5, 0, 0, 4, 0, 0, 5, 0, 0, 4, 0, 0, 4, 0, 0, 4, 0, 0, 4, 0, 0, 4, 0, 0, 5, 0, 0, 5, 0, 0, 5, 0, 0, 5, 0, 0, 4, 0, 0, 4, 0, 0, 5, 0, 0, 5, 0, 0, 4, 0, 0, 5, 0, 0, 5, 0, 0, 5, 0, 0, 5, 0, 0, 4, 0, 0, 5, 0, 0, 4, 0, 0, 5, 0, 0, 5, 0, 0, 5, 0, 0, 5, 0, 0, 4, 0, 0, 4, 0, 0, 2, 120, 1500, 3, 130, 2000, 2, 120, 1500, 2, 120, 1500, 3, 130, 2000, 2, 120, 1500, 3, 130, 2000, 2, 120, 1500, 3, 130, 2000, 3, 130, 2000, 2, 120, 1500, 2, 120, 1500, 3, 130, 2000, 2, 120, 1500, 3, 130, 2000, 2, 120, 1500, 2, 120, 1500, 2, 120, 1500, 2, 120, 1500, 2, 120, 1500, 3, 130, 2000, 3, 130, 2000, 3, 130, 2000, 3, 130, 2000, 2, 120, 1500, 2, 120, 1500, 3, 130, 2000, 3, 130, 2000, 2, 120, 1500, 3, 130, 2000, 3, 130, 2000, 3, 130, 2000, 3, 130, 2000, 2, 120, 1500, 3, 130, 2000, 2, 120, 1500, 3, 130, 2000, 3, 130, 2000, 3, 130, 2000, 3, 130, 2000, 2, 120, 1500, 2, 120, 1500, 0, 10, 1000, 1, 12, 500, 0, 10, 1000, 0, 10, 1000, 1, 12, 500, 0, 10, 1000, 1, 12, 500, 0, 10, 1000, 1, 12, 500, 1, 12, 500, 0, 10, 1000, 0, 10, 1000, 1, 12, 500, 0, 10, 1000, 1, 12, 500, 0, 10, 1000, 0, 10, 1000, 0, 10, 1000, 0, 10, 1000, 0, 10, 1000, 1, 12, 500, 1, 12, 500, 1, 12, 500, 1, 12, 500, 0, 10, 1000, 0, 10, 1000, 1, 12, 500, 1, 12, 500, 0, 10, 1000, 1, 12, 500, 1, 12, 500, 1, 12, 500, 1, 12, 500, 0, 10, 1000, 1, 12, 500, 0, 10, 1000, 1, 12, 500, 1, 12, 500, 1, 12, 500, 1, 12, 500, 0, 10, 1000, 0, 10, 1000,  0 , 0, 0, 0 , 0, 0, 0 , 0, 0, 0 , 0, 0,2,2,2,2,2,2,3,3,3,3,3,3,4,4,4,4,4,4,5,5,5,5,5,5,6,6,6,6,6,6,7,7,7,7,7,7,8,8,8,8,8,8,2,2,2,2,2,2,3,3,3,3,3,3,4,4,4,4,4,4,5,5,5,5,5,5,6,6,6,6,6,6,7,7,7,7,7,7,8,8,8,8,8,8,2,2,2,2,2,2,3,3,3,3,3,3,4,4,4,4,4,4,5,5,5,5,5,5,6,6,6,6,6,6,7,7,7,7,7,7,8,8,8,8,8,8,0,0,0,0,
4, 0, 0, 5, 0, 0, 4, 0, 0, 4, 0, 0, 5, 0, 0, 4, 0, 0, 5, 0, 0, 4, 0, 0, 5, 0, 0, 5, 0, 0, 4, 0, 0, 4, 0, 0, 5, 0, 0, 4, 0, 0, 5, 0, 0, 4, 0, 0, 4, 0, 0, 4, 0, 0, 4, 0, 0, 4, 0, 0, 5, 0, 0, 5, 0, 0, 5, 0, 0, 5, 0, 0, 4, 0, 0, 4, 0, 0, 5, 0, 0, 5, 0, 0, 4, 0, 0, 5, 0, 0, 5, 0, 0, 5, 0, 0, 5, 0, 0, 4, 0, 0, 5, 0, 0, 4, 0, 0, 5, 0, 0, 5, 0, 0, 5, 0, 0, 5, 0, 0, 4, 0, 0, 4, 0, 0, 2, 120, 1500, 3, 130, 2000, 2, 120, 1500, 2, 120, 1500, 3, 130, 2000, 2, 120, 1500, 3, 130, 2000, 2, 120, 1500, 3, 130, 2000, 3, 130, 2000, 2, 120, 1500, 2, 120, 1500, 3, 130, 2000, 2, 120, 1500, 3, 130, 2000, 2, 120, 1500, 2, 120, 1500, 2, 120, 1500, 2, 120, 1500, 2, 120, 1500, 3, 130, 2000, 3, 130, 2000, 3, 130, 2000, 3, 130, 2000, 2, 120, 1500, 2, 120, 1500, 3, 130, 2000, 3, 130, 2000, 2, 120, 1500, 3, 130, 2000, 3, 130, 2000, 3, 130, 2000, 3, 130, 2000, 2, 120, 1500, 3, 130, 2000, 2, 120, 1500, 3, 130, 2000, 3, 130, 2000, 3, 130, 2000, 3, 130, 2000, 2, 120, 1500, 2, 120, 1500, 0, 10, 1000, 1, 12, 500, 0, 10, 1000, 0, 10, 1000, 1, 12, 500, 0, 10, 1000, 1, 12, 500, 0, 10, 1000, 1, 12, 500, 1, 12, 500, 0, 10, 1000, 0, 10, 1000, 1, 12, 500, 0, 10, 1000, 1, 12, 500, 0, 10, 1000, 0, 10, 1000, 0, 10, 1000, 0, 10, 1000, 0, 10, 1000, 1, 12, 500, 1, 12, 500, 1, 12, 500, 1, 12, 500, 0, 10, 1000, 0, 10, 1000, 1, 12, 500, 1, 12, 500, 0, 10, 1000, 1, 12, 500, 1, 12, 500, 1, 12, 500, 1, 12, 500, 0, 10, 1000, 1, 12, 500, 0, 10, 1000, 1, 12, 500, 1, 12, 500, 1, 12, 500, 1, 12, 500, 0, 10, 1000, 0, 10, 1000,  0 , 0, 0, 0 , 0, 0, 0 , 0, 0, 0 , 0, 0,2,2,2,2,2,2,3,3,3,3,3,3,4,4,4,4,4,4,5,5,5,5,5,5,6,6,6,6,6,6,7,7,7,7,7,7,8,8,8,8,8,8,2,2,2,2,2,2,3,3,3,3,3,3,4,4,4,4,4,4,5,5,5,5,5,5,6,6,6,6,6,6,7,7,7,7,7,7,8,8,8,8,8,8,2,2,2,2,2,2,3,3,3,3,3,3,4,4,4,4,4,4,5,5,5,5,5,5,6,6,6,6,6,6,7,7,7,7,7,7,8,8,8,8,8,8,0,0,0,0,
4, 0, 0, 5, 0, 0, 4, 0, 0, 4, 0, 0, 5, 0, 0, 4, 0, 0, 5, 0, 0, 4, 0, 0, 5, 0, 0, 5, 0, 0, 4, 0, 0, 4, 0, 0, 5, 0, 0, 4, 0, 0, 5, 0, 0, 4, 0, 0, 4, 0, 0, 4, 0, 0, 4, 0, 0, 4, 0, 0, 5, 0, 0, 5, 0, 0, 5, 0, 0, 5, 0, 0, 4, 0, 0, 4, 0, 0, 5, 0, 0, 5, 0, 0, 4, 0, 0, 5, 0, 0, 5, 0, 0, 5, 0, 0, 5, 0, 0, 4, 0, 0, 5, 0, 0, 4, 0, 0, 5, 0, 0, 5, 0, 0, 5, 0, 0, 5, 0, 0, 4, 0, 0, 4, 0, 0, 2, 120, 1500, 3, 130, 2000, 2, 120, 1500, 2, 120, 1500, 3, 130, 2000, 2, 120, 1500, 3, 130, 2000, 2, 120, 1500, 3, 130, 2000, 3, 130, 2000, 2, 120, 1500, 2, 120, 1500, 3, 130, 2000, 2, 120, 1500, 3, 130, 2000, 2, 120, 1500, 2, 120, 1500, 2, 120, 1500, 2, 120, 1500, 2, 120, 1500, 3, 130, 2000, 3, 130, 2000, 3, 130, 2000, 3, 130, 2000, 2, 120, 1500, 2, 120, 1500, 3, 130, 2000, 3, 130, 2000, 2, 120, 1500, 3, 130, 2000, 3, 130, 2000, 3, 130, 2000, 3, 130, 2000, 2, 120, 1500, 3, 130, 2000, 2, 120, 1500, 3, 130, 2000, 3, 130, 2000, 3, 130, 2000, 3, 130, 2000, 2, 120, 1500, 2, 120, 1500, 0, 10, 1000, 1, 12, 500, 0, 10, 1000, 0, 10, 1000, 1, 12, 500, 0, 10, 1000, 1, 12, 500, 0, 10, 1000, 1, 12, 500, 1, 12, 500, 0, 10, 1000, 0, 10, 1000, 1, 12, 500, 0, 10, 1000, 1, 12, 500, 0, 10, 1000, 0, 10, 1000, 0, 10, 1000, 0, 10, 1000, 0, 10, 1000, 1, 12, 500, 1, 12, 500, 1, 12, 500, 1, 12, 500, 0, 10, 1000, 0, 10, 1000, 1, 12, 500, 1, 12, 500, 0, 10, 1000, 1, 12, 500, 1, 12, 500, 1, 12, 500, 1, 12, 500, 0, 10, 1000, 1, 12, 500, 0, 10, 1000, 1, 12, 500, 1, 12, 500, 1, 12, 500, 1, 12, 500, 0, 10, 1000, 0, 10, 1000,  0 , 0, 0, 0 , 0, 0, 0 , 0, 0, 0 , 0, 0,2,2,2,2,2,2,3,3,3,3,3,3,4,4,4,4,4,4,5,5,5,5,5,5,6,6,6,6,6,6,7,7,7,7,7,7,8,8,8,8,8,8,2,2,2,2,2,2,3,3,3,3,3,3,4,4,4,4,4,4,5,5,5,5,5,5,6,6,6,6,6,6,7,7,7,7,7,7,8,8,8,8,8,8,2,2,2,2,2,2,3,3,3,3,3,3,4,4,4,4,4,4,5,5,5,5,5,5,6,6,6,6,6,6,7,7,7,7,7,7,8,8,8,8,8,8,0,0,0,0,
4, 0, 0, 5, 0, 0, 4, 0, 0, 4, 0, 0, 5, 0, 0, 4, 0, 0, 5, 0, 0, 4, 0, 0, 5, 0, 0, 5, 0, 0, 4, 0, 0, 4, 0, 0, 5, 0, 0, 4, 0, 0, 5, 0, 0, 4, 0, 0, 4, 0, 0, 4, 0, 0, 4, 0, 0, 4, 0, 0, 5, 0, 0, 5, 0, 0, 5, 0, 0, 5, 0, 0, 4, 0, 0, 4, 0, 0, 5, 0, 0, 5, 0, 0, 4, 0, 0, 5, 0, 0, 5, 0, 0, 5, 0, 0, 5, 0, 0, 4, 0, 0, 5, 0, 0, 4, 0, 0, 5, 0, 0, 5, 0, 0, 5, 0, 0, 5, 0, 0, 4, 0, 0, 4, 0, 0, 2, 120, 1500, 3, 130, 2000, 2, 120, 1500, 2, 120, 1500, 3, 130, 2000, 2, 120, 1500, 3, 130, 2000, 2, 120, 1500, 3, 130, 2000, 3, 130, 2000, 2, 120, 1500, 2, 120, 1500, 3, 130, 2000, 2, 120, 1500, 3, 130, 2000, 2, 120, 1500, 2, 120, 1500, 2, 120, 1500, 2, 120, 1500, 2, 120, 1500, 3, 130, 2000, 3, 130, 2000, 3, 130, 2000, 3, 130, 2000, 2, 120, 1500, 2, 120, 1500, 3, 130, 2000, 3, 130, 2000, 2, 120, 1500, 3, 130, 2000, 3, 130, 2000, 3, 130, 2000, 3, 130, 2000, 2, 120, 1500, 3, 130, 2000, 2, 120, 1500, 3, 130, 2000, 3, 130, 2000, 3, 130, 2000, 3, 130, 2000, 2, 120, 1500, 2, 120, 1500, 0, 10, 1000, 1, 12, 500, 0, 10, 1000, 0, 10, 1000, 1, 12, 500, 0, 10, 1000, 1, 12, 500, 0, 10, 1000, 1, 12, 500, 1, 12, 500, 0, 10, 1000, 0, 10, 1000, 1, 12, 500, 0, 10, 1000, 1, 12, 500, 0, 10, 1000, 0, 10, 1000, 0, 10, 1000, 0, 10, 1000, 0, 10, 1000, 1, 12, 500, 1, 12, 500, 1, 12, 500, 1, 12, 500, 0, 10, 1000, 0, 10, 1000, 1, 12, 500, 1, 12, 500, 0, 10, 1000, 1, 12, 500, 1, 12, 500, 1, 12, 500, 1, 12, 500, 0, 10, 1000, 1, 12, 500, 0, 10, 1000, 1, 12, 500, 1, 12, 500, 1, 12, 500, 1, 12, 500, 0, 10, 1000, 0, 10, 1000,  0 , 0, 0, 0 , 0, 0, 0 , 0, 0, 0 , 0, 0,2,2,2,2,2,2,3,3,3,3,3,3,4,4,4,4,4,4,5,5,5,5,5,5,6,6,6,6,6,6,7,7,7,7,7,7,8,8,8,8,8,8,2,2,2,2,2,2,3,3,3,3,3,3,4,4,4,4,4,4,5,5,5,5,5,5,6,6,6,6,6,6,7,7,7,7,7,7,8,8,8,8,8,8,2,2,2,2,2,2,3,3,3,3,3,3,4,4,4,4,4,4,5,5,5,5,5,5,6,6,6,6,6,6,7,7,7,7,7,7,8,8,8,8,8,8,0,0,0,0,
4, 0, 0, 5, 0, 0, 4, 0, 0, 4, 0, 0, 5, 0, 0, 4, 0, 0, 5, 0, 0, 4, 0, 0, 5, 0, 0, 5, 0, 0, 4, 0, 0, 4, 0, 0, 5, 0, 0, 4, 0, 0, 5, 0, 0, 4, 0, 0, 4, 0, 0, 4, 0, 0, 4, 0, 0, 4, 0, 0, 5, 0, 0, 5, 0, 0, 5, 0, 0, 5, 0, 0, 4, 0, 0, 4, 0, 0, 5, 0, 0, 5, 0, 0, 4, 0, 0, 5, 0, 0, 5, 0, 0, 5, 0, 0, 5, 0, 0, 4, 0, 0, 5, 0, 0, 4, 0, 0, 5, 0, 0, 5, 0, 0, 5, 0, 0, 5, 0, 0, 4, 0, 0, 4, 0, 0, 2, 120, 1500, 3, 130, 2000, 2, 120, 1500, 2, 120, 1500, 3, 130, 2000, 2, 120, 1500, 3, 130, 2000, 2, 120, 1500, 3, 130, 2000, 3, 130, 2000, 2, 120, 1500, 2, 120, 1500, 3, 130, 2000, 2, 120, 1500, 3, 130, 2000, 2, 120, 1500, 2, 120, 1500, 2, 120, 1500, 2, 120, 1500, 2, 120, 1500, 3, 130, 2000, 3, 130, 2000, 3, 130, 2000, 3, 130, 2000, 2, 120, 1500, 2, 120, 1500, 3, 130, 2000, 3, 130, 2000, 2, 120, 1500, 3, 130, 2000, 3, 130, 2000, 3, 130, 2000, 3, 130, 2000, 2, 120, 1500, 3, 130, 2000, 2, 120, 1500, 3, 130, 2000, 3, 130, 2000, 3, 130, 2000, 3, 130, 2000, 2, 120, 1500, 2, 120, 1500, 0, 10, 1000, 1, 12, 500, 0, 10, 1000, 0, 10, 1000, 1, 12, 500, 0, 10, 1000, 1, 12, 500, 0, 10, 1000, 1, 12, 500, 1, 12, 500, 0, 10, 1000, 0, 10, 1000, 1, 12, 500, 0, 10, 1000, 1, 12, 500, 0, 10, 1000, 0, 10, 1000, 0, 10, 1000, 0, 10, 1000, 0, 10, 1000, 1, 12, 500, 1, 12, 500, 1, 12, 500, 1, 12, 500, 0, 10, 1000, 0, 10, 1000, 1, 12, 500, 1, 12, 500, 0, 10, 1000, 1, 12, 500, 1, 12, 500, 1, 12, 500, 1, 12, 500, 0, 10, 1000, 1, 12, 500, 0, 10, 1000, 1, 12, 500, 1, 12, 500, 1, 12, 500, 1, 12, 500, 0, 10, 1000, 0, 10, 1000,  0 , 0, 0, 0 , 0, 0, 0 , 0, 0, 0 , 0, 0,2,2,2,2,2,2,3,3,3,3,3,3,4,4,4,4,4,4,5,5,5,5,5,5,6,6,6,6,6,6,7,7,7,7,7,7,8,8,8,8,8,8,2,2,2,2,2,2,3,3,3,3,3,3,4,4,4,4,4,4,5,5,5,5,5,5,6,6,6,6,6,6,7,7,7,7,7,7,8,8,8,8,8,8,2,2,2,2,2,2,3,3,3,3,3,3,4,4,4,4,4,4,5,5,5,5,5,5,6,6,6,6,6,6,7,7,7,7,7,7,8,8,8,8,8,8,0,0,0,0,
4, 0, 0, 5, 0, 0, 4, 0, 0, 4, 0, 0, 5, 0, 0, 4, 0, 0, 5, 0, 0, 4, 0, 0, 5, 0, 0, 5, 0, 0, 4, 0, 0, 4, 0, 0, 5, 0, 0, 4, 0, 0, 5, 0, 0, 4, 0, 0, 4, 0, 0, 4, 0, 0, 4, 0, 0, 4, 0, 0, 5, 0, 0, 5, 0, 0, 5, 0, 0, 5, 0, 0, 4, 0, 0, 4, 0, 0, 5, 0, 0, 5, 0, 0, 4, 0, 0, 5, 0, 0, 5, 0, 0, 5, 0, 0, 5, 0, 0, 4, 0, 0, 5, 0, 0, 4, 0, 0, 5, 0, 0, 5, 0, 0, 5, 0, 0, 5, 0, 0, 4, 0, 0, 4, 0, 0, 2, 120, 1500, 3, 130, 2000, 2, 120, 1500, 2, 120, 1500, 3, 130, 2000, 2, 120, 1500, 3, 130, 2000, 2, 120, 1500, 3, 130, 2000, 3, 130, 2000, 2, 120, 1500, 2, 120, 1500, 3, 130, 2000, 2, 120, 1500, 3, 130, 2000, 2, 120, 1500, 2, 120, 1500, 2, 120, 1500, 2, 120, 1500, 2, 120, 1500, 3, 130, 2000, 3, 130, 2000, 3, 130, 2000, 3, 130, 2000, 2, 120, 1500, 2, 120, 1500, 3, 130, 2000, 3, 130, 2000, 2, 120, 1500, 3, 130, 2000, 3, 130, 2000, 3, 130, 2000, 3, 130, 2000, 2, 120, 1500, 3, 130, 2000, 2, 120, 1500, 3, 130, 2000, 3, 130, 2000, 3, 130, 2000, 3, 130, 2000, 2, 120, 1500, 2, 120, 1500, 0, 10, 1000, 1, 12, 500, 0, 10, 1000, 0, 10, 1000, 1, 12, 500, 0, 10, 1000, 1, 12, 500, 0, 10, 1000, 1, 12, 500, 1, 12, 500, 0, 10, 1000, 0, 10, 1000, 1, 12, 500, 0, 10, 1000, 1, 12, 500, 0, 10, 1000, 0, 10, 1000, 0, 10, 1000, 0, 10, 1000, 0, 10, 1000, 1, 12, 500, 1, 12, 500, 1, 12, 500, 1, 12, 500, 0, 10, 1000, 0, 10, 1000, 1, 12, 500, 1, 12, 500, 0, 10, 1000, 1, 12, 500, 1, 12, 500, 1, 12, 500, 1, 12, 500, 0, 10, 1000, 1, 12, 500, 0, 10, 1000, 1, 12, 500, 1, 12, 500, 1, 12, 500, 1, 12, 500, 0, 10, 1000, 0, 10, 1000,  0 , 0, 0, 0 , 0, 0, 0 , 0, 0, 0 , 0, 0,2,2,2,2,2,2,3,3,3,3,3,3,4,4,4,4,4,4,5,5,5,5,5,5,6,6,6,6,6,6,7,7,7,7,7,7,8,8,8,8,8,8,2,2,2,2,2,2,3,3,3,3,3,3,4,4,4,4,4,4,5,5,5,5,5,5,6,6,6,6,6,6,7,7,7,7,7,7,8,8,8,8,8,8,2,2,2,2,2,2,3,3,3,3,3,3,4,4,4,4,4,4,5,5,5,5,5,5,6,6,6,6,6,6,7,7,7,7,7,7,8,8,8,8,8,8,0,0,0,0,
4, 0, 0, 5, 0, 0, 4, 0, 0, 4, 0, 0, 5, 0, 0, 4, 0, 0, 5, 0, 0, 4, 0, 0, 5, 0, 0, 5, 0, 0, 4, 0, 0, 4, 0, 0, 5, 0, 0, 4, 0, 0, 5, 0, 0, 4, 0, 0, 4, 0, 0, 4, 0, 0, 4, 0, 0, 4, 0, 0, 5, 0, 0, 5, 0, 0, 5, 0, 0, 5, 0, 0, 4, 0, 0, 4, 0, 0, 5, 0, 0, 5, 0, 0, 4, 0, 0, 5, 0, 0, 5, 0, 0, 5, 0, 0, 5, 0, 0, 4, 0, 0, 5, 0, 0, 4, 0, 0, 5, 0, 0, 5, 0, 0, 5, 0, 0, 5, 0, 0, 4, 0, 0, 4, 0, 0, 2, 120, 1500, 3, 130, 2000, 2, 120, 1500, 2, 120, 1500, 3, 130, 2000, 2, 120, 1500, 3, 130, 2000, 2, 120, 1500, 3, 130, 2000, 3, 130, 2000, 2, 120, 1500, 2, 120, 1500, 3, 130, 2000, 2, 120, 1500, 3, 130, 2000, 2, 120, 1500, 2, 120, 1500, 2, 120, 1500, 2, 120, 1500, 2, 120, 1500, 3, 130, 2000, 3, 130, 2000, 3, 130, 2000, 3, 130, 2000, 2, 120, 1500, 2, 120, 1500, 3, 130, 2000, 3, 130, 2000, 2, 120, 1500, 3, 130, 2000, 3, 130, 2000, 3, 130, 2000, 3, 130, 2000, 2, 120, 1500, 3, 130, 2000, 2, 120, 1500, 3, 130, 2000, 3, 130, 2000, 3, 130, 2000, 3, 130, 2000, 2, 120, 1500, 2, 120, 1500, 0, 10, 1000, 1, 12, 500, 0, 10, 1000, 0, 10, 1000, 1, 12, 500, 0, 10, 1000, 1, 12, 500, 0, 10, 1000, 1, 12, 500, 1, 12, 500, 0, 10, 1000, 0, 10, 1000, 1, 12, 500, 0, 10, 1000, 1, 12, 500, 0, 10, 1000, 0, 10, 1000, 0, 10, 1000, 0, 10, 1000, 0, 10, 1000, 1, 12, 500, 1, 12, 500, 1, 12, 500, 1, 12, 500, 0, 10, 1000, 0, 10, 1000, 1, 12, 500, 1, 12, 500, 0, 10, 1000, 1, 12, 500, 1, 12, 500, 1, 12, 500, 1, 12, 500, 0, 10, 1000, 1, 12, 500, 0, 10, 1000, 1, 12, 500, 1, 12, 500, 1, 12, 500, 1, 12, 500, 0, 10, 1000, 0, 10, 1000,  0 , 0, 0, 0 , 0, 0, 0 , 0, 0, 0 , 0, 0,2,2,2,2,2,2,3,3,3,3,3,3,4,4,4,4,4,4,5,5,5,5,5,5,6,6,6,6,6,6,7,7,7,7,7,7,8,8,8,8,8,8,2,2,2,2,2,2,3,3,3,3,3,3,4,4,4,4,4,4,5,5,5,5,5,5,6,6,6,6,6,6,7,7,7,7,7,7,8,8,8,8,8,8,2,2,2,2,2,2,3,3,3,3,3,3,4,4,4,4,4,4,5,5,5,5,5,5,6,6,6,6,6,6,7,7,7,7,7,7,8,8,8,8,8,8,0,0,0,0,
4, 0, 0, 5, 0, 0, 4, 0, 0, 4, 0, 0, 5, 0, 0, 4, 0, 0, 5, 0, 0, 4, 0, 0, 5, 0, 0, 5, 0, 0, 4, 0, 0, 4, 0, 0, 5, 0, 0, 4, 0, 0, 5, 0, 0, 4, 0, 0, 4, 0, 0, 4, 0, 0, 4, 0, 0, 4, 0, 0, 5, 0, 0, 5, 0, 0, 5, 0, 0, 5, 0, 0, 4, 0, 0, 4, 0, 0, 5, 0, 0, 5, 0, 0, 4, 0, 0, 5, 0, 0, 5, 0, 0, 5, 0, 0, 5, 0, 0, 4, 0, 0, 5, 0, 0, 4, 0, 0, 5, 0, 0, 5, 0, 0, 5, 0, 0, 5, 0, 0, 4, 0, 0, 4, 0, 0, 2, 120, 1500, 3, 130, 2000, 2, 120, 1500, 2, 120, 1500, 3, 130, 2000, 2, 120, 1500, 3, 130, 2000, 2, 120, 1500, 3, 130, 2000, 3, 130, 2000, 2, 120, 1500, 2, 120, 1500, 3, 130, 2000, 2, 120, 1500, 3, 130, 2000, 2, 120, 1500, 2, 120, 1500, 2, 120, 1500, 2, 120, 1500, 2, 120, 1500, 3, 130, 2000, 3, 130, 2000, 3, 130, 2000, 3, 130, 2000, 2, 120, 1500, 2, 120, 1500, 3, 130, 2000, 3, 130, 2000, 2, 120, 1500, 3, 130, 2000, 3, 130, 2000, 3, 130, 2000, 3, 130, 2000, 2, 120, 1500, 3, 130, 2000, 2, 120, 1500, 3, 130, 2000, 3, 130, 2000, 3, 130, 2000, 3, 130, 2000, 2, 120, 1500, 2, 120, 1500, 0, 10, 1000, 1, 12, 500, 0, 10, 1000, 0, 10, 1000, 1, 12, 500, 0, 10, 1000, 1, 12, 500, 0, 10, 1000, 1, 12, 500, 1, 12, 500, 0, 10, 1000, 0, 10, 1000, 1, 12, 500, 0, 10, 1000, 1, 12, 500, 0, 10, 1000, 0, 10, 1000, 0, 10, 1000, 0, 10, 1000, 0, 10, 1000, 1, 12, 500, 1, 12, 500, 1, 12, 500, 1, 12, 500, 0, 10, 1000, 0, 10, 1000, 1, 12, 500, 1, 12, 500, 0, 10, 1000, 1, 12, 500, 1, 12, 500, 1, 12, 500, 1, 12, 500, 0, 10, 1000, 1, 12, 500, 0, 10, 1000, 1, 12, 500, 1, 12, 500, 1, 12, 500, 1, 12, 500, 0, 10, 1000, 0, 10, 1000,  0 , 0, 0, 0 , 0, 0, 0 , 0, 0, 0 , 0, 0,2,2,2,2,2,2,3,3,3,3,3,3,4,4,4,4,4,4,5,5,5,5,5,5,6,6,6,6,6,6,7,7,7,7,7,7,8,8,8,8,8,8,2,2,2,2,2,2,3,3,3,3,3,3,4,4,4,4,4,4,5,5,5,5,5,5,6,6,6,6,6,6,7,7,7,7,7,7,8,8,8,8,8,8,2,2,2,2,2,2,3,3,3,3,3,3,4,4,4,4,4,4,5,5,5,5,5,5,6,6,6,6,6,6,7,7,7,7,7,7,8,8,8,8,8,8,0,0,0,0,
4, 0, 0, 5, 0, 0, 4, 0, 0, 4, 0, 0, 5, 0, 0, 4, 0, 0, 5, 0, 0, 4, 0, 0, 5, 0, 0, 5, 0, 0, 4, 0, 0, 4, 0, 0, 5, 0, 0, 4, 0, 0, 5, 0, 0, 4, 0, 0, 4, 0, 0, 4, 0, 0, 4, 0, 0, 4, 0, 0, 5, 0, 0, 5, 0, 0, 5, 0, 0, 5, 0, 0, 4, 0, 0, 4, 0, 0, 5, 0, 0, 5, 0, 0, 4, 0, 0, 5, 0, 0, 5, 0, 0, 5, 0, 0, 5, 0, 0, 4, 0, 0, 5, 0, 0, 4, 0, 0, 5, 0, 0, 5, 0, 0, 5, 0, 0, 5, 0, 0, 4, 0, 0, 4, 0, 0, 2, 120, 1500, 3, 130, 2000, 2, 120, 1500, 2, 120, 1500, 3, 130, 2000, 2, 120, 1500, 3, 130, 2000, 2, 120, 1500, 3, 130, 2000, 3, 130, 2000, 2, 120, 1500, 2, 120, 1500, 3, 130, 2000, 2, 120, 1500, 3, 130, 2000, 2, 120, 1500, 2, 120, 1500, 2, 120, 1500, 2, 120, 1500, 2, 120, 1500, 3, 130, 2000, 3, 130, 2000, 3, 130, 2000, 3, 130, 2000, 2, 120, 1500, 2, 120, 1500, 3, 130, 2000, 3, 130, 2000, 2, 120, 1500, 3, 130, 2000, 3, 130, 2000, 3, 130, 2000, 3, 130, 2000, 2, 120, 1500, 3, 130, 2000, 2, 120, 1500, 3, 130, 2000, 3, 130, 2000, 3, 130, 2000, 3, 130, 2000, 2, 120, 1500, 2, 120, 1500, 0, 10, 1000, 1, 12, 500, 0, 10, 1000, 0, 10, 1000, 1, 12, 500, 0, 10, 1000, 1, 12, 500, 0, 10, 1000, 1, 12, 500, 1, 12, 500, 0, 10, 1000, 0, 10, 1000, 1, 12, 500, 0, 10, 1000, 1, 12, 500, 0, 10, 1000, 0, 10, 1000, 0, 10, 1000, 0, 10, 1000, 0, 10, 1000, 1, 12, 500, 1, 12, 500, 1, 12, 500, 1, 12, 500, 0, 10, 1000, 0, 10, 1000, 1, 12, 500, 1, 12, 500, 0, 10, 1000, 1, 12, 500, 1, 12, 500, 1, 12, 500, 1, 12, 500, 0, 10, 1000, 1, 12, 500, 0, 10, 1000, 1, 12, 500, 1, 12, 500, 1, 12, 500, 1, 12, 500, 0, 10, 1000, 0, 10, 1000,  0 , 0, 0, 0 , 0, 0, 0 , 0, 0, 0 , 0, 0,2,2,2,2,2,2,3,3,3,3,3,3,4,4,4,4,4,4,5,5,5,5,5,5,6,6,6,6,6,6,7,7,7,7,7,7,8,8,8,8,8,8,2,2,2,2,2,2,3,3,3,3,3,3,4,4,4,4,4,4,5,5,5,5,5,5,6,6,6,6,6,6,7,7,7,7,7,7,8,8,8,8,8,8,2,2,2,2,2,2,3,3,3,3,3,3,4,4,4,4,4,4,5,5,5,5,5,5,6,6,6,6,6,6,7,7,7,7,7,7,8,8,8,8,8,8,0,0,0,0,
4, 0, 0, 5, 0, 0, 4, 0, 0, 4, 0, 0, 5, 0, 0, 4, 0, 0, 5, 0, 0, 4, 0, 0, 5, 0, 0, 5, 0, 0, 4, 0, 0, 4, 0, 0, 5, 0, 0, 4, 0, 0, 5, 0, 0, 4, 0, 0, 4, 0, 0, 4, 0, 0, 4, 0, 0, 4, 0, 0, 5, 0, 0, 5, 0, 0, 5, 0, 0, 5, 0, 0, 4, 0, 0, 4, 0, 0, 5, 0, 0, 5, 0, 0, 4, 0, 0, 5, 0, 0, 5, 0, 0, 5, 0, 0, 5, 0, 0, 4, 0, 0, 5, 0, 0, 4, 0, 0, 5, 0, 0, 5, 0, 0, 5, 0, 0, 5, 0, 0, 4, 0, 0, 4, 0, 0, 2, 120, 1500, 3, 130, 2000, 2, 120, 1500, 2, 120, 1500, 3, 130, 2000, 2, 120, 1500, 3, 130, 2000, 2, 120, 1500, 3, 130, 2000, 3, 130, 2000, 2, 120, 1500, 2, 120, 1500, 3, 130, 2000, 2, 120, 1500, 3, 130, 2000, 2, 120, 1500, 2, 120, 1500, 2, 120, 1500, 2, 120, 1500, 2, 120, 1500, 3, 130, 2000, 3, 130, 2000, 3, 130, 2000, 3, 130, 2000, 2, 120, 1500, 2, 120, 1500, 3, 130, 2000, 3, 130, 2000, 2, 120, 1500, 3, 130, 2000, 3, 130, 2000, 3, 130, 2000, 3, 130, 2000, 2, 120, 1500, 3, 130, 2000, 2, 120, 1500, 3, 130, 2000, 3, 130, 2000, 3, 130, 2000, 3, 130, 2000, 2, 120, 1500, 2, 120, 1500, 0, 10, 1000, 1, 12, 500, 0, 10, 1000, 0, 10, 1000, 1, 12, 500, 0, 10, 1000, 1, 12, 500, 0, 10, 1000, 1, 12, 500, 1, 12, 500, 0, 10, 1000, 0, 10, 1000, 1, 12, 500, 0, 10, 1000, 1, 12, 500, 0, 10, 1000, 0, 10, 1000, 0, 10, 1000, 0, 10, 1000, 0, 10, 1000, 1, 12, 500, 1, 12, 500, 1, 12, 500, 1, 12, 500, 0, 10, 1000, 0, 10, 1000, 1, 12, 500, 1, 12, 500, 0, 10, 1000, 1, 12, 500, 1, 12, 500, 1, 12, 500, 1, 12, 500, 0, 10, 1000, 1, 12, 500, 0, 10, 1000, 1, 12, 500, 1, 12, 500, 1, 12, 500, 1, 12, 500, 0, 10, 1000, 0, 10, 1000,  0 , 0, 0, 0 , 0, 0, 0 , 0, 0, 0 , 0, 0,2,2,2,2,2,2,3,3,3,3,3,3,4,4,4,4,4,4,5,5,5,5,5,5,6,6,6,6,6,6,7,7,7,7,7,7,8,8,8,8,8,8,2,2,2,2,2,2,3,3,3,3,3,3,4,4,4,4,4,4,5,5,5,5,5,5,6,6,6,6,6,6,7,7,7,7,7,7,8,8,8,8,8,8,2,2,2,2,2,2,3,3,3,3,3,3,4,4,4,4,4,4,5,5,5,5,5,5,6,6,6,6,6,6,7,7,7,7,7,7,8,8,8,8,8,8,0,0,0,0,
4, 0, 0, 5, 0, 0, 4, 0, 0, 4, 0, 0, 5, 0, 0, 4, 0, 0, 5, 0, 0, 4, 0, 0, 5, 0, 0, 5, 0, 0, 4, 0, 0, 4, 0, 0, 5, 0, 0, 4, 0, 0, 5, 0, 0, 4, 0, 0, 4, 0, 0, 4, 0, 0, 4, 0, 0, 4, 0, 0, 5, 0, 0, 5, 0, 0, 5, 0, 0, 5, 0, 0, 4, 0, 0, 4, 0, 0, 5, 0, 0, 5, 0, 0, 4, 0, 0, 5, 0, 0, 5, 0, 0, 5, 0, 0, 5, 0, 0, 4, 0, 0, 5, 0, 0, 4, 0, 0, 5, 0, 0, 5, 0, 0, 5, 0, 0, 5, 0, 0, 4, 0, 0, 4, 0, 0, 2, 120, 1500, 3, 130, 2000, 2, 120, 1500, 2, 120, 1500, 3, 130, 2000, 2, 120, 1500, 3, 130, 2000, 2, 120, 1500, 3, 130, 2000, 3, 130, 2000, 2, 120, 1500, 2, 120, 1500, 3, 130, 2000, 2, 120, 1500, 3, 130, 2000, 2, 120, 1500, 2, 120, 1500, 2, 120, 1500, 2, 120, 1500, 2, 120, 1500, 3, 130, 2000, 3, 130, 2000, 3, 130, 2000, 3, 130, 2000, 2, 120, 1500, 2, 120, 1500, 3, 130, 2000, 3, 130, 2000, 2, 120, 1500, 3, 130, 2000, 3, 130, 2000, 3, 130, 2000, 3, 130, 2000, 2, 120, 1500, 3, 130, 2000, 2, 120, 1500, 3, 130, 2000, 3, 130, 2000, 3, 130, 2000, 3, 130, 2000, 2, 120, 1500, 2, 120, 1500, 0, 10, 1000, 1, 12, 500, 0, 10, 1000, 0, 10, 1000, 1, 12, 500, 0, 10, 1000, 1, 12, 500, 0, 10, 1000, 1, 12, 500, 1, 12, 500, 0, 10, 1000, 0, 10, 1000, 1, 12, 500, 0, 10, 1000, 1, 12, 500, 0, 10, 1000, 0, 10, 1000, 0, 10, 1000, 0, 10, 1000, 0, 10, 1000, 1, 12, 500, 1, 12, 500, 1, 12, 500, 1, 12, 500, 0, 10, 1000, 0, 10, 1000, 1, 12, 500, 1, 12, 500, 0, 10, 1000, 1, 12, 500, 1, 12, 500, 1, 12, 500, 1, 12, 500, 0, 10, 1000, 1, 12, 500, 0, 10, 1000, 1, 12, 500, 1, 12, 500, 1, 12, 500, 1, 12, 500, 0, 10, 1000, 0, 10, 1000,  0 , 0, 0, 0 , 0, 0, 0 , 0, 0, 0 , 0, 0,2,2,2,2,2,2,3,3,3,3,3,3,4,4,4,4,4,4,5,5,5,5,5,5,6,6,6,6,6,6,7,7,7,7,7,7,8,8,8,8,8,8,2,2,2,2,2,2,3,3,3,3,3,3,4,4,4,4,4,4,5,5,5,5,5,5,6,6,6,6,6,6,7,7,7,7,7,7,8,8,8,8,8,8,2,2,2,2,2,2,3,3,3,3,3,3,4,4,4,4,4,4,5,5,5,5,5,5,6,6,6,6,6,6,7,7,7,7,7,7,8,8,8,8,8,8,0,0,0,0,
4, 0, 0, 5, 0, 0, 4, 0, 0, 4, 0, 0, 5, 0, 0, 4, 0, 0, 5, 0, 0, 4, 0, 0, 5, 0, 0, 5, 0, 0, 4, 0, 0, 4, 0, 0, 5, 0, 0, 4, 0, 0, 5, 0, 0, 4, 0, 0, 4, 0, 0, 4, 0, 0, 4, 0, 0, 4, 0, 0, 5, 0, 0, 5, 0, 0, 5, 0, 0, 5, 0, 0, 4, 0, 0, 4, 0, 0, 5, 0, 0, 5, 0, 0, 4, 0, 0, 5, 0, 0, 5, 0, 0, 5, 0, 0, 5, 0, 0, 4, 0, 0, 5, 0, 0, 4, 0, 0, 5, 0, 0, 5, 0, 0, 5, 0, 0, 5, 0, 0, 4, 0, 0, 4, 0, 0, 2, 120, 1500, 3, 130, 2000, 2, 120, 1500, 2, 120, 1500, 3, 130, 2000, 2, 120, 1500, 3, 130, 2000, 2, 120, 1500, 3, 130, 2000, 3, 130, 2000, 2, 120, 1500, 2, 120, 1500, 3, 130, 2000, 2, 120, 1500, 3, 130, 2000, 2, 120, 1500, 2, 120, 1500, 2, 120, 1500, 2, 120, 1500, 2, 120, 1500, 3, 130, 2000, 3, 130, 2000, 3, 130, 2000, 3, 130, 2000, 2, 120, 1500, 2, 120, 1500, 3, 130, 2000, 3, 130, 2000, 2, 120, 1500, 3, 130, 2000, 3, 130, 2000, 3, 130, 2000, 3, 130, 2000, 2, 120, 1500, 3, 130, 2000, 2, 120, 1500, 3, 130, 2000, 3, 130, 2000, 3, 130, 2000, 3, 130, 2000, 2, 120, 1500, 2, 120, 1500, 0, 10, 1000, 1, 12, 500, 0, 10, 1000, 0, 10, 1000, 1, 12, 500, 0, 10, 1000, 1, 12, 500, 0, 10, 1000, 1, 12, 500, 1, 12, 500, 0, 10, 1000, 0, 10, 1000, 1, 12, 500, 0, 10, 1000, 1, 12, 500, 0, 10, 1000, 0, 10, 1000, 0, 10, 1000, 0, 10, 1000, 0, 10, 1000, 1, 12, 500, 1, 12, 500, 1, 12, 500, 1, 12, 500, 0, 10, 1000, 0, 10, 1000, 1, 12, 500, 1, 12, 500, 0, 10, 1000, 1, 12, 500, 1, 12, 500, 1, 12, 500, 1, 12, 500, 0, 10, 1000, 1, 12, 500, 0, 10, 1000, 1, 12, 500, 1, 12, 500, 1, 12, 500, 1, 12, 500, 0, 10, 1000, 0, 10, 1000,  0 , 0, 0, 0 , 0, 0, 0 , 0, 0, 0 , 0, 0,2,2,2,2,2,2,3,3,3,3,3,3,4,4,4,4,4,4,5,5,5,5,5,5,6,6,6,6,6,6,7,7,7,7,7,7,8,8,8,8,8,8,2,2,2,2,2,2,3,3,3,3,3,3,4,4,4,4,4,4,5,5,5,5,5,5,6,6,6,6,6,6,7,7,7,7,7,7,8,8,8,8,8,8,2,2,2,2,2,2,3,3,3,3,3,3,4,4,4,4,4,4,5,5,5,5,5,5,6,6,6,6,6,6,7,7,7,7,7,7,8,8,8,8,8,8,0,0,0,0,
4, 0, 0, 5, 0, 0, 4, 0, 0, 4, 0, 0, 5, 0, 0, 4, 0, 0, 5, 0, 0, 4, 0, 0, 5, 0, 0, 5, 0, 0, 4, 0, 0, 4, 0, 0, 5, 0, 0, 4, 0, 0, 5, 0, 0, 4, 0, 0, 4, 0, 0, 4, 0, 0, 4, 0, 0, 4, 0, 0, 5, 0, 0, 5, 0, 0, 5, 0, 0, 5, 0, 0, 4, 0, 0, 4, 0, 0, 5, 0, 0, 5, 0, 0, 4, 0, 0, 5, 0, 0, 5, 0, 0, 5, 0, 0, 5, 0, 0, 4, 0, 0, 5, 0, 0, 4, 0, 0, 5, 0, 0, 5, 0, 0, 5, 0, 0, 5, 0, 0, 4, 0, 0, 4, 0, 0, 2, 120, 1500, 3, 130, 2000, 2, 120, 1500, 2, 120, 1500, 3, 130, 2000, 2, 120, 1500, 3, 130, 2000, 2, 120, 1500, 3, 130, 2000, 3, 130, 2000, 2, 120, 1500, 2, 120, 1500, 3, 130, 2000, 2, 120, 1500, 3, 130, 2000, 2, 120, 1500, 2, 120, 1500, 2, 120, 1500, 2, 120, 1500, 2, 120, 1500, 3, 130, 2000, 3, 130, 2000, 3, 130, 2000, 3, 130, 2000, 2, 120, 1500, 2, 120, 1500, 3, 130, 2000, 3, 130, 2000, 2, 120, 1500, 3, 130, 2000, 3, 130, 2000, 3, 130, 2000, 3, 130, 2000, 2, 120, 1500, 3, 130, 2000, 2, 120, 1500, 3, 130, 2000, 3, 130, 2000, 3, 130, 2000, 3, 130, 2000, 2, 120, 1500, 2, 120, 1500, 0, 10, 1000, 1, 12, 500, 0, 10, 1000, 0, 10, 1000, 1, 12, 500, 0, 10, 1000, 1, 12, 500, 0, 10, 1000, 1, 12, 500, 1, 12, 500, 0, 10, 1000, 0, 10, 1000, 1, 12, 500, 0, 10, 1000, 1, 12, 500, 0, 10, 1000, 0, 10, 1000, 0, 10, 1000, 0, 10, 1000, 0, 10, 1000, 1, 12, 500, 1, 12, 500, 1, 12, 500, 1, 12, 500, 0, 10, 1000, 0, 10, 1000, 1, 12, 500, 1, 12, 500, 0, 10, 1000, 1, 12, 500, 1, 12, 500, 1, 12, 500, 1, 12, 500, 0, 10, 1000, 1, 12, 500, 0, 10, 1000, 1, 12, 500, 1, 12, 500, 1, 12, 500, 1, 12, 500, 0, 10, 1000, 0, 10, 1000,  0 , 0, 0, 0 , 0, 0, 0 , 0, 0, 0 , 0, 0,2,2,2,2,2,2,3,3,3,3,3,3,4,4,4,4,4,4,5,5,5,5,5,5,6,6,6,6,6,6,7,7,7,7,7,7,8,8,8,8,8,8,2,2,2,2,2,2,3,3,3,3,3,3,4,4,4,4,4,4,5,5,5,5,5,5,6,6,6,6,6,6,7,7,7,7,7,7,8,8,8,8,8,8,2,2,2,2,2,2,3,3,3,3,3,3,4,4,4,4,4,4,5,5,5,5,5,5,6,6,6,6,6,6,7,7,7,7,7,7,8,8,8,8,8,8,0,0,0,0,
4, 0, 0, 5, 0, 0, 4, 0, 0, 4, 0, 0, 5, 0, 0, 4, 0, 0, 5, 0, 0, 4, 0, 0, 5, 0, 0, 5, 0, 0, 4, 0, 0, 4, 0, 0, 5, 0, 0, 4, 0, 0, 5, 0, 0, 4, 0, 0, 4, 0, 0, 4, 0, 0, 4, 0, 0, 4, 0, 0, 5, 0, 0, 5, 0, 0, 5, 0, 0, 5, 0, 0, 4, 0, 0, 4, 0, 0, 5, 0, 0, 5, 0, 0, 4, 0, 0, 5, 0, 0, 5, 0, 0, 5, 0, 0, 5, 0, 0, 4, 0, 0, 5, 0, 0, 4, 0, 0, 5, 0, 0, 5, 0, 0, 5, 0, 0, 5, 0, 0, 4, 0, 0, 4, 0, 0, 2, 120, 1500, 3, 130, 2000, 2, 120, 1500, 2, 120, 1500, 3, 130, 2000, 2, 120, 1500, 3, 130, 2000, 2, 120, 1500, 3, 130, 2000, 3, 130, 2000, 2, 120, 1500, 2, 120, 1500, 3, 130, 2000, 2, 120, 1500, 3, 130, 2000, 2, 120, 1500, 2, 120, 1500, 2, 120, 1500, 2, 120, 1500, 2, 120, 1500, 3, 130, 2000, 3, 130, 2000, 3, 130, 2000, 3, 130, 2000, 2, 120, 1500, 2, 120, 1500, 3, 130, 2000, 3, 130, 2000, 2, 120, 1500, 3, 130, 2000, 3, 130, 2000, 3, 130, 2000, 3, 130, 2000, 2, 120, 1500, 3, 130, 2000, 2, 120, 1500, 3, 130, 2000, 3, 130, 2000, 3, 130, 2000, 3, 130, 2000, 2, 120, 1500, 2, 120, 1500, 0, 10, 1000, 1, 12, 500, 0, 10, 1000, 0, 10, 1000, 1, 12, 500, 0, 10, 1000, 1, 12, 500, 0, 10, 1000, 1, 12, 500, 1, 12, 500, 0, 10, 1000, 0, 10, 1000, 1, 12, 500, 0, 10, 1000, 1, 12, 500, 0, 10, 1000, 0, 10, 1000, 0, 10, 1000, 0, 10, 1000, 0, 10, 1000, 1, 12, 500, 1, 12, 500, 1, 12, 500, 1, 12, 500, 0, 10, 1000, 0, 10, 1000, 1, 12, 500, 1, 12, 500, 0, 10, 1000, 1, 12, 500, 1, 12, 500, 1, 12, 500, 1, 12, 500, 0, 10, 1000, 1, 12, 500, 0, 10, 1000, 1, 12, 500, 1, 12, 500, 1, 12, 500, 1, 12, 500, 0, 10, 1000, 0, 10, 1000,  0 , 0, 0, 0 , 0, 0, 0 , 0, 0, 0 , 0, 0,2,2,2,2,2,2,3,3,3,3,3,3,4,4,4,4,4,4,5,5,5,5,5,5,6,6,6,6,6,6,7,7,7,7,7,7,8,8,8,8,8,8,2,2,2,2,2,2,3,3,3,3,3,3,4,4,4,4,4,4,5,5,5,5,5,5,6,6,6,6,6,6,7,7,7,7,7,7,8,8,8,8,8,8,2,2,2,2,2,2,3,3,3,3,3,3,4,4,4,4,4,4,5,5,5,5,5,5,6,6,6,6,6,6,7,7,7,7,7,7,8,8,8,8,8,8,0,0,0,0,
4, 0, 0, 5, 0, 0, 4, 0, 0, 4, 0, 0, 5, 0, 0, 4, 0, 0, 5, 0, 0, 4, 0, 0, 5, 0, 0, 5, 0, 0, 4, 0, 0, 4, 0, 0, 5, 0, 0, 4, 0, 0, 5, 0, 0, 4, 0, 0, 4, 0, 0, 4, 0, 0, 4, 0, 0, 4, 0, 0, 5, 0, 0, 5, 0, 0, 5, 0, 0, 5, 0, 0, 4, 0, 0, 4, 0, 0, 5, 0, 0, 5, 0, 0, 4, 0, 0, 5, 0, 0, 5, 0, 0, 5, 0, 0, 5, 0, 0, 4, 0, 0, 5, 0, 0, 4, 0, 0, 5, 0, 0, 5, 0, 0, 5, 0, 0, 5, 0, 0, 4, 0, 0, 4, 0, 0, 2, 120, 1500, 3, 130, 2000, 2, 120, 1500, 2, 120, 1500, 3, 130, 2000, 2, 120, 1500, 3, 130, 2000, 2, 120, 1500, 3, 130, 2000, 3, 130, 2000, 2, 120, 1500, 2, 120, 1500, 3, 130, 2000, 2, 120, 1500, 3, 130, 2000, 2, 120, 1500, 2, 120, 1500, 2, 120, 1500, 2, 120, 1500, 2, 120, 1500, 3, 130, 2000, 3, 130, 2000, 3, 130, 2000, 3, 130, 2000, 2, 120, 1500, 2, 120, 1500, 3, 130, 2000, 3, 130, 2000, 2, 120, 1500, 3, 130, 2000, 3, 130, 2000, 3, 130, 2000, 3, 130, 2000, 2, 120, 1500, 3, 130, 2000, 2, 120, 1500, 3, 130, 2000, 3, 130, 2000, 3, 130, 2000, 3, 130, 2000, 2, 120, 1500, 2, 120, 1500, 0, 10, 1000, 1, 12, 500, 0, 10, 1000, 0, 10, 1000, 1, 12, 500, 0, 10, 1000, 1, 12, 500, 0, 10, 1000, 1, 12, 500, 1, 12, 500, 0, 10, 1000, 0, 10, 1000, 1, 12, 500, 0, 10, 1000, 1, 12, 500, 0, 10, 1000, 0, 10, 1000, 0, 10, 1000, 0, 10, 1000, 0, 10, 1000, 1, 12, 500, 1, 12, 500, 1, 12, 500, 1, 12, 500, 0, 10, 1000, 0, 10, 1000, 1, 12, 500, 1, 12, 500, 0, 10, 1000, 1, 12, 500, 1, 12, 500, 1, 12, 500, 1, 12, 500, 0, 10, 1000, 1, 12, 500, 0, 10, 1000, 1, 12, 500, 1, 12, 500, 1, 12, 500, 1, 12, 500, 0, 10, 1000, 0, 10, 1000,  0 , 0, 0, 0 , 0, 0, 0 , 0, 0, 0 , 0, 0,2,2,2,2,2,2,3,3,3,3,3,3,4,4,4,4,4,4,5,5,5,5,5,5,6,6,6,6,6,6,7,7,7,7,7,7,8,8,8,8,8,8,2,2,2,2,2,2,3,3,3,3,3,3,4,4,4,4,4,4,5,5,5,5,5,5,6,6,6,6,6,6,7,7,7,7,7,7,8,8,8,8,8,8,2,2,2,2,2,2,3,3,3,3,3,3,4,4,4,4,4,4,5,5,5,5,5,5,6,6,6,6,6,6,7,7,7,7,7,7,8,8,8,8,8,8,0,0,0,0,
4, 0, 0, 5, 0, 0, 4, 0, 0, 4, 0, 0, 5, 0, 0, 4, 0, 0, 5, 0, 0, 4, 0, 0, 5, 0, 0, 5, 0, 0, 4, 0, 0, 4, 0, 0, 5, 0, 0, 4, 0, 0, 5, 0, 0, 4, 0, 0, 4, 0, 0, 4, 0, 0, 4, 0, 0, 4, 0, 0, 5, 0, 0, 5, 0, 0, 5, 0, 0, 5, 0, 0, 4, 0, 0, 4, 0, 0, 5, 0, 0, 5, 0, 0, 4, 0, 0, 5, 0, 0, 5, 0, 0, 5, 0, 0, 5, 0, 0, 4, 0, 0, 5, 0, 0, 4, 0, 0, 5, 0, 0, 5, 0, 0, 5, 0, 0, 5, 0, 0, 4, 0, 0, 4, 0, 0, 2, 120, 1500, 3, 130, 2000, 2, 120, 1500, 2, 120, 1500, 3, 130, 2000, 2, 120, 1500, 3, 130, 2000, 2, 120, 1500, 3, 130, 2000, 3, 130, 2000, 2, 120, 1500, 2, 120, 1500, 3, 130, 2000, 2, 120, 1500, 3, 130, 2000, 2, 120, 1500, 2, 120, 1500, 2, 120, 1500, 2, 120, 1500, 2, 120, 1500, 3, 130, 2000, 3, 130, 2000, 3, 130, 2000, 3, 130, 2000, 2, 120, 1500, 2, 120, 1500, 3, 130, 2000, 3, 130, 2000, 2, 120, 1500, 3, 130, 2000, 3, 130, 2000, 3, 130, 2000, 3, 130, 2000, 2, 120, 1500, 3, 130, 2000, 2, 120, 1500, 3, 130, 2000, 3, 130, 2000, 3, 130, 2000, 3, 130, 2000, 2, 120, 1500, 2, 120, 1500, 0, 10, 1000, 1, 12, 500, 0, 10, 1000, 0, 10, 1000, 1, 12, 500, 0, 10, 1000, 1, 12, 500, 0, 10, 1000, 1, 12, 500, 1, 12, 500, 0, 10, 1000, 0, 10, 1000, 1, 12, 500, 0, 10, 1000, 1, 12, 500, 0, 10, 1000, 0, 10, 1000, 0, 10, 1000, 0, 10, 1000, 0, 10, 1000, 1, 12, 500, 1, 12, 500, 1, 12, 500, 1, 12, 500, 0, 10, 1000, 0, 10, 1000, 1, 12, 500, 1, 12, 500, 0, 10, 1000, 1, 12, 500, 1, 12, 500, 1, 12, 500, 1, 12, 500, 0, 10, 1000, 1, 12, 500, 0, 10, 1000, 1, 12, 500, 1, 12, 500, 1, 12, 500, 1, 12, 500, 0, 10, 1000, 0, 10, 1000,  0 , 0, 0, 0 , 0, 0, 0 , 0, 0, 0 , 0, 0,2,2,2,2,2,2,3,3,3,3,3,3,4,4,4,4,4,4,5,5,5,5,5,5,6,6,6,6,6,6,7,7,7,7,7,7,8,8,8,8,8,8,2,2,2,2,2,2,3,3,3,3,3,3,4,4,4,4,4,4,5,5,5,5,5,5,6,6,6,6,6,6,7,7,7,7,7,7,8,8,8,8,8,8,2,2,2,2,2,2,3,3,3,3,3,3,4,4,4,4,4,4,5,5,5,5,5,5,6,6,6,6,6,6,7,7,7,7,7,7,8,8,8,8,8,8,0,0,0,0,
4, 0, 0, 5, 0, 0, 4, 0, 0, 4, 0, 0, 5, 0, 0, 4, 0, 0, 5, 0, 0, 4, 0, 0, 5, 0, 0, 5, 0, 0, 4, 0, 0, 4, 0, 0, 5, 0, 0, 4, 0, 0, 5, 0, 0, 4, 0, 0, 4, 0, 0, 4, 0, 0, 4, 0, 0, 4, 0, 0, 5, 0, 0, 5, 0, 0, 5, 0, 0, 5, 0, 0, 4, 0, 0, 4, 0, 0, 5, 0, 0, 5, 0, 0, 4, 0, 0, 5, 0, 0, 5, 0, 0, 5, 0, 0, 5, 0, 0, 4, 0, 0, 5, 0, 0, 4, 0, 0, 5, 0, 0, 5, 0, 0, 5, 0, 0, 5, 0, 0, 4, 0, 0, 4, 0, 0, 2, 120, 1500, 3, 130, 2000, 2, 120, 1500, 2, 120, 1500, 3, 130, 2000, 2, 120, 1500, 3, 130, 2000, 2, 120, 1500, 3, 130, 2000, 3, 130, 2000, 2, 120, 1500, 2, 120, 1500, 3, 130, 2000, 2, 120, 1500, 3, 130, 2000, 2, 120, 1500, 2, 120, 1500, 2, 120, 1500, 2, 120, 1500, 2, 120, 1500, 3, 130, 2000, 3, 130, 2000, 3, 130, 2000, 3, 130, 2000, 2, 120, 1500, 2, 120, 1500, 3, 130, 2000, 3, 130, 2000, 2, 120, 1500, 3, 130, 2000, 3, 130, 2000, 3, 130, 2000, 3, 130, 2000, 2, 120, 1500, 3, 130, 2000, 2, 120, 1500, 3, 130, 2000, 3, 130, 2000, 3, 130, 2000, 3, 130, 2000, 2, 120, 1500, 2, 120, 1500, 0, 10, 1000, 1, 12, 500, 0, 10, 1000, 0, 10, 1000, 1, 12, 500, 0, 10, 1000, 1, 12, 500, 0, 10, 1000, 1, 12, 500, 1, 12, 500, 0, 10, 1000, 0, 10, 1000, 1, 12, 500, 0, 10, 1000, 1, 12, 500, 0, 10, 1000, 0, 10, 1000, 0, 10, 1000, 0, 10, 1000, 0, 10, 1000, 1, 12, 500, 1, 12, 500, 1, 12, 500, 1, 12, 500, 0, 10, 1000, 0, 10, 1000, 1, 12, 500, 1, 12, 500, 0, 10, 1000, 1, 12, 500, 1, 12, 500, 1, 12, 500, 1, 12, 500, 0, 10, 1000, 1, 12, 500, 0, 10, 1000, 1, 12, 500, 1, 12, 500, 1, 12, 500, 1, 12, 500, 0, 10, 1000, 0, 10, 1000,  0 , 0, 0, 0 , 0, 0, 0 , 0, 0, 0 , 0, 0,2,2,2,2,2,2,3,3,3,3,3,3,4,4,4,4,4,4,5,5,5,5,5,5,6,6,6,6,6,6,7,7,7,7,7,7,8,8,8,8,8,8,2,2,2,2,2,2,3,3,3,3,3,3,4,4,4,4,4,4,5,5,5,5,5,5,6,6,6,6,6,6,7,7,7,7,7,7,8,8,8,8,8,8,2,2,2,2,2,2,3,3,3,3,3,3,4,4,4,4,4,4,5,5,5,5,5,5,6,6,6,6,6,6,7,7,7,7,7,7,8,8,8,8,8,8,0,0,0,0,
4, 0, 0, 5, 0, 0, 4, 0, 0, 4, 0, 0, 5, 0, 0, 4, 0, 0, 5, 0, 0, 4, 0, 0, 5, 0, 0, 5, 0, 0, 4, 0, 0, 4, 0, 0, 5, 0, 0, 4, 0, 0, 5, 0, 0, 4, 0, 0, 4, 0, 0, 4, 0, 0, 4, 0, 0, 4, 0, 0, 5, 0, 0, 5, 0, 0, 5, 0, 0, 5, 0, 0, 4, 0, 0, 4, 0, 0, 5, 0, 0, 5, 0, 0, 4, 0, 0, 5, 0, 0, 5, 0, 0, 5, 0, 0, 5, 0, 0, 4, 0, 0, 5, 0, 0, 4, 0, 0, 5, 0, 0, 5, 0, 0, 5, 0, 0, 5, 0, 0, 4, 0, 0, 4, 0, 0, 2, 120, 1500, 3, 130, 2000, 2, 120, 1500, 2, 120, 1500, 3, 130, 2000, 2, 120, 1500, 3, 130, 2000, 2, 120, 1500, 3, 130, 2000, 3, 130, 2000, 2, 120, 1500, 2, 120, 1500, 3, 130, 2000, 2, 120, 1500, 3, 130, 2000, 2, 120, 1500, 2, 120, 1500, 2, 120, 1500, 2, 120, 1500, 2, 120, 1500, 3, 130, 2000, 3, 130, 2000, 3, 130, 2000, 3, 130, 2000, 2, 120, 1500, 2, 120, 1500, 3, 130, 2000, 3, 130, 2000, 2, 120, 1500, 3, 130, 2000, 3, 130, 2000, 3, 130, 2000, 3, 130, 2000, 2, 120, 1500, 3, 130, 2000, 2, 120, 1500, 3, 130, 2000, 3, 130, 2000, 3, 130, 2000, 3, 130, 2000, 2, 120, 1500, 2, 120, 1500, 0, 10, 1000, 1, 12, 500, 0, 10, 1000, 0, 10, 1000, 1, 12, 500, 0, 10, 1000, 1, 12, 500, 0, 10, 1000, 1, 12, 500, 1, 12, 500, 0, 10, 1000, 0, 10, 1000, 1, 12, 500, 0, 10, 1000, 1, 12, 500, 0, 10, 1000, 0, 10, 1000, 0, 10, 1000, 0, 10, 1000, 0, 10, 1000, 1, 12, 500, 1, 12, 500, 1, 12, 500, 1, 12, 500, 0, 10, 1000, 0, 10, 1000, 1, 12, 500, 1, 12, 500, 0, 10, 1000, 1, 12, 500, 1, 12, 500, 1, 12, 500, 1, 12, 500, 0, 10, 1000, 1, 12, 500, 0, 10, 1000, 1, 12, 500, 1, 12, 500, 1, 12, 500, 1, 12, 500, 0, 10, 1000, 0, 10, 1000,  0 , 0, 0, 0 , 0, 0, 0 , 0, 0, 0 , 0, 0,2,2,2,2,2,2,3,3,3,3,3,3,4,4,4,4,4,4,5,5,5,5,5,5,6,6,6,6,6,6,7,7,7,7,7,7,8,8,8,8,8,8,2,2,2,2,2,2,3,3,3,3,3,3,4,4,4,4,4,4,5,5,5,5,5,5,6,6,6,6,6,6,7,7,7,7,7,7,8,8,8,8,8,8,2,2,2,2,2,2,3,3,3,3,3,3,4,4,4,4,4,4,5,5,5,5,5,5,6,6,6,6,6,6,7,7,7,7,7,7,8,8,8,8,8,8,0,0,0,0,
4, 0, 0, 5, 0, 0, 4, 0, 0, 4, 0, 0, 5, 0, 0, 4, 0, 0, 5, 0, 0, 4, 0, 0, 5, 0, 0, 5, 0, 0, 4, 0, 0, 4, 0, 0, 5, 0, 0, 4, 0, 0, 5, 0, 0, 4, 0, 0, 4, 0, 0, 4, 0, 0, 4, 0, 0, 4, 0, 0, 5, 0, 0, 5, 0, 0, 5, 0, 0, 5, 0, 0, 4, 0, 0, 4, 0, 0, 5, 0, 0, 5, 0, 0, 4, 0, 0, 5, 0, 0, 5, 0, 0, 5, 0, 0, 5, 0, 0, 4, 0, 0, 5, 0, 0, 4, 0, 0, 5, 0, 0, 5, 0, 0, 5, 0, 0, 5, 0, 0, 4, 0, 0, 4, 0, 0, 2, 120, 1500, 3, 130, 2000, 2, 120, 1500, 2, 120, 1500, 3, 130, 2000, 2, 120, 1500, 3, 130, 2000, 2, 120, 1500, 3, 130, 2000, 3, 130, 2000, 2, 120, 1500, 2, 120, 1500, 3, 130, 2000, 2, 120, 1500, 3, 130, 2000, 2, 120, 1500, 2, 120, 1500, 2, 120, 1500, 2, 120, 1500, 2, 120, 1500, 3, 130, 2000, 3, 130, 2000, 3, 130, 2000, 3, 130, 2000, 2, 120, 1500, 2, 120, 1500, 3, 130, 2000, 3, 130, 2000, 2, 120, 1500, 3, 130, 2000, 3, 130, 2000, 3, 130, 2000, 3, 130, 2000, 2, 120, 1500, 3, 130, 2000, 2, 120, 1500, 3, 130, 2000, 3, 130, 2000, 3, 130, 2000, 3, 130, 2000, 2, 120, 1500, 2, 120, 1500, 0, 10, 1000, 1, 12, 500, 0, 10, 1000, 0, 10, 1000, 1, 12, 500, 0, 10, 1000, 1, 12, 500, 0, 10, 1000, 1, 12, 500, 1, 12, 500, 0, 10, 1000, 0, 10, 1000, 1, 12, 500, 0, 10, 1000, 1, 12, 500, 0, 10, 1000, 0, 10, 1000, 0, 10, 1000, 0, 10, 1000, 0, 10, 1000, 1, 12, 500, 1, 12, 500, 1, 12, 500, 1, 12, 500, 0, 10, 1000, 0, 10, 1000, 1, 12, 500, 1, 12, 500, 0, 10, 1000, 1, 12, 500, 1, 12, 500, 1, 12, 500, 1, 12, 500, 0, 10, 1000, 1, 12, 500, 0, 10, 1000, 1, 12, 500, 1, 12, 500, 1, 12, 500, 1, 12, 500, 0, 10, 1000, 0, 10, 1000,  0 , 0, 0, 0 , 0, 0, 0 , 0, 0, 0 , 0, 0,2,2,2,2,2,2,3,3,3,3,3,3,4,4,4,4,4,4,5,5,5,5,5,5,6,6,6,6,6,6,7,7,7,7,7,7,8,8,8,8,8,8,2,2,2,2,2,2,3,3,3,3,3,3,4,4,4,4,4,4,5,5,5,5,5,5,6,6,6,6,6,6,7,7,7,7,7,7,8,8,8,8,8,8,2,2,2,2,2,2,3,3,3,3,3,3,4,4,4,4,4,4,5,5,5,5,5,5,6,6,6,6,6,6,7,7,7,7,7,7,8,8,8,8,8,8,0,0,0,0,
4, 0, 0, 5, 0, 0, 4, 0, 0, 4, 0, 0, 5, 0, 0, 4, 0, 0, 5, 0, 0, 4, 0, 0, 5, 0, 0, 5, 0, 0, 4, 0, 0, 4, 0, 0, 5, 0, 0, 4, 0, 0, 5, 0, 0, 4, 0, 0, 4, 0, 0, 4, 0, 0, 4, 0, 0, 4, 0, 0, 5, 0, 0, 5, 0, 0, 5, 0, 0, 5, 0, 0, 4, 0, 0, 4, 0, 0, 5, 0, 0, 5, 0, 0, 4, 0, 0, 5, 0, 0, 5, 0, 0, 5, 0, 0, 5, 0, 0, 4, 0, 0, 5, 0, 0, 4, 0, 0, 5, 0, 0, 5, 0, 0, 5, 0, 0, 5, 0, 0, 4, 0, 0, 4, 0, 0, 2, 120, 1500, 3, 130, 2000, 2, 120, 1500, 2, 120, 1500, 3, 130, 2000, 2, 120, 1500, 3, 130, 2000, 2, 120, 1500, 3, 130, 2000, 3, 130, 2000, 2, 120, 1500, 2, 120, 1500, 3, 130, 2000, 2, 120, 1500, 3, 130, 2000, 2, 120, 1500, 2, 120, 1500, 2, 120, 1500, 2, 120, 1500, 2, 120, 1500, 3, 130, 2000, 3, 130, 2000, 3, 130, 2000, 3, 130, 2000, 2, 120, 1500, 2, 120, 1500, 3, 130, 2000, 3, 130, 2000, 2, 120, 1500, 3, 130, 2000, 3, 130, 2000, 3, 130, 2000, 3, 130, 2000, 2, 120, 1500, 3, 130, 2000, 2, 120, 1500, 3, 130, 2000, 3, 130, 2000, 3, 130, 2000, 3, 130, 2000, 2, 120, 1500, 2, 120, 1500, 0, 10, 1000, 1, 12, 500, 0, 10, 1000, 0, 10, 1000, 1, 12, 500, 0, 10, 1000, 1, 12, 500, 0, 10, 1000, 1, 12, 500, 1, 12, 500, 0, 10, 1000, 0, 10, 1000, 1, 12, 500, 0, 10, 1000, 1, 12, 500, 0, 10, 1000, 0, 10, 1000, 0, 10, 1000, 0, 10, 1000, 0, 10, 1000, 1, 12, 500, 1, 12, 500, 1, 12, 500, 1, 12, 500, 0, 10, 1000, 0, 10, 1000, 1, 12, 500, 1, 12, 500, 0, 10, 1000, 1, 12, 500, 1, 12, 500, 1, 12, 500, 1, 12, 500, 0, 10, 1000, 1, 12, 500, 0, 10, 1000, 1, 12, 500, 1, 12, 500, 1, 12, 500, 1, 12, 500, 0, 10, 1000, 0, 10, 1000,  0 , 0, 0, 0 , 0, 0, 0 , 0, 0, 0 , 0, 0,2,2,2,2,2,2,3,3,3,3,3,3,4,4,4,4,4,4,5,5,5,5,5,5,6,6,6,6,6,6,7,7,7,7,7,7,8,8,8,8,8,8,2,2,2,2,2,2,3,3,3,3,3,3,4,4,4,4,4,4,5,5,5,5,5,5,6,6,6,6,6,6,7,7,7,7,7,7,8,8,8,8,8,8,2,2,2,2,2,2,3,3,3,3,3,3,4,4,4,4,4,4,5,5,5,5,5,5,6,6,6,6,6,6,7,7,7,7,7,7,8,8,8,8,8,8,0,0,0,0,
4, 0, 0, 5, 0, 0, 4, 0, 0, 4, 0, 0, 5, 0, 0, 4, 0, 0, 5, 0, 0, 4, 0, 0, 5, 0, 0, 5, 0, 0, 4, 0, 0, 4, 0, 0, 5, 0, 0, 4, 0, 0, 5, 0, 0, 4, 0, 0, 4, 0, 0, 4, 0, 0, 4, 0, 0, 4, 0, 0, 5, 0, 0, 5, 0, 0, 5, 0, 0, 5, 0, 0, 4, 0, 0, 4, 0, 0, 5, 0, 0, 5, 0, 0, 4, 0, 0, 5, 0, 0, 5, 0, 0, 5, 0, 0, 5, 0, 0, 4, 0, 0, 5, 0, 0, 4, 0, 0, 5, 0, 0, 5, 0, 0, 5, 0, 0, 5, 0, 0, 4, 0, 0, 4, 0, 0, 2, 120, 1500, 3, 130, 2000, 2, 120, 1500, 2, 120, 1500, 3, 130, 2000, 2, 120, 1500, 3, 130, 2000, 2, 120, 1500, 3, 130, 2000, 3, 130, 2000, 2, 120, 1500, 2, 120, 1500, 3, 130, 2000, 2, 120, 1500, 3, 130, 2000, 2, 120, 1500, 2, 120, 1500, 2, 120, 1500, 2, 120, 1500, 2, 120, 1500, 3, 130, 2000, 3, 130, 2000, 3, 130, 2000, 3, 130, 2000, 2, 120, 1500, 2, 120, 1500, 3, 130, 2000, 3, 130, 2000, 2, 120, 1500, 3, 130, 2000, 3, 130, 2000, 3, 130, 2000, 3, 130, 2000, 2, 120, 1500, 3, 130, 2000, 2, 120, 1500, 3, 130, 2000, 3, 130, 2000, 3, 130, 2000, 3, 130, 2000, 2, 120, 1500, 2, 120, 1500, 0, 10, 1000, 1, 12, 500, 0, 10, 1000, 0, 10, 1000, 1, 12, 500, 0, 10, 1000, 1, 12, 500, 0, 10, 1000, 1, 12, 500, 1, 12, 500, 0, 10, 1000, 0, 10, 1000, 1, 12, 500, 0, 10, 1000, 1, 12, 500, 0, 10, 1000, 0, 10, 1000, 0, 10, 1000, 0, 10, 1000, 0, 10, 1000, 1, 12, 500, 1, 12, 500, 1, 12, 500, 1, 12, 500, 0, 10, 1000, 0, 10, 1000, 1, 12, 500, 1, 12, 500, 0, 10, 1000, 1, 12, 500, 1, 12, 500, 1, 12, 500, 1, 12, 500, 0, 10, 1000, 1, 12, 500, 0, 10, 1000, 1, 12, 500, 1, 12, 500, 1, 12, 500, 1, 12, 500, 0, 10, 1000, 0, 10, 1000,  0 , 0, 0, 0 , 0, 0, 0 , 0, 0, 0 , 0, 0,2,2,2,2,2,2,3,3,3,3,3,3,4,4,4,4,4,4,5,5,5,5,5,5,6,6,6,6,6,6,7,7,7,7,7,7,8,8,8,8,8,8,2,2,2,2,2,2,3,3,3,3,3,3,4,4,4,4,4,4,5,5,5,5,5,5,6,6,6,6,6,6,7,7,7,7,7,7,8,8,8,8,8,8,2,2,2,2,2,2,3,3,3,3,3,3,4,4,4,4,4,4,5,5,5,5,5,5,6,6,6,6,6,6,7,7,7,7,7,7,8,8,8,8,8,8,0,0,0,0,
4, 0, 0, 5, 0, 0, 4, 0, 0, 4, 0, 0, 5, 0, 0, 4, 0, 0, 5, 0, 0, 4, 0, 0, 5, 0, 0, 5, 0, 0, 4, 0, 0, 4, 0, 0, 5, 0, 0, 4, 0, 0, 5, 0, 0, 4, 0, 0, 4, 0, 0, 4, 0, 0, 4, 0, 0, 4, 0, 0, 5, 0, 0, 5, 0, 0, 5, 0, 0, 5, 0, 0, 4, 0, 0, 4, 0, 0, 5, 0, 0, 5, 0, 0, 4, 0, 0, 5, 0, 0, 5, 0, 0, 5, 0, 0, 5, 0, 0, 4, 0, 0, 5, 0, 0, 4, 0, 0, 5, 0, 0, 5, 0, 0, 5, 0, 0, 5, 0, 0, 4, 0, 0, 4, 0, 0, 2, 120, 1500, 3, 130, 2000, 2, 120, 1500, 2, 120, 1500, 3, 130, 2000, 2, 120, 1500, 3, 130, 2000, 2, 120, 1500, 3, 130, 2000, 3, 130, 2000, 2, 120, 1500, 2, 120, 1500, 3, 130, 2000, 2, 120, 1500, 3, 130, 2000, 2, 120, 1500, 2, 120, 1500, 2, 120, 1500, 2, 120, 1500, 2, 120, 1500, 3, 130, 2000, 3, 130, 2000, 3, 130, 2000, 3, 130, 2000, 2, 120, 1500, 2, 120, 1500, 3, 130, 2000, 3, 130, 2000, 2, 120, 1500, 3, 130, 2000, 3, 130, 2000, 3, 130, 2000, 3, 130, 2000, 2, 120, 1500, 3, 130, 2000, 2, 120, 1500, 3, 130, 2000, 3, 130, 2000, 3, 130, 2000, 3, 130, 2000, 2, 120, 1500, 2, 120, 1500, 0, 10, 1000, 1, 12, 500, 0, 10, 1000, 0, 10, 1000, 1, 12, 500, 0, 10, 1000, 1, 12, 500, 0, 10, 1000, 1, 12, 500, 1, 12, 500, 0, 10, 1000, 0, 10, 1000, 1, 12, 500, 0, 10, 1000, 1, 12, 500, 0, 10, 1000, 0, 10, 1000, 0, 10, 1000, 0, 10, 1000, 0, 10, 1000, 1, 12, 500, 1, 12, 500, 1, 12, 500, 1, 12, 500, 0, 10, 1000, 0, 10, 1000, 1, 12, 500, 1, 12, 500, 0, 10, 1000, 1, 12, 500, 1, 12, 500, 1, 12, 500, 1, 12, 500, 0, 10, 1000, 1, 12, 500, 0, 10, 1000, 1, 12, 500, 1, 12, 500, 1, 12, 500, 1, 12, 500, 0, 10, 1000, 0, 10, 1000,  0 , 0, 0, 0 , 0, 0, 0 , 0, 0, 0 , 0, 0,2,2,2,2,2,2,3,3,3,3,3,3,4,4,4,4,4,4,5,5,5,5,5,5,6,6,6,6,6,6,7,7,7,7,7,7,8,8,8,8,8,8,2,2,2,2,2,2,3,3,3,3,3,3,4,4,4,4,4,4,5,5,5,5,5,5,6,6,6,6,6,6,7,7,7,7,7,7,8,8,8,8,8,8,2,2,2,2,2,2,3,3,3,3,3,3,4,4,4,4,4,4,5,5,5,5,5,5,6,6,6,6,6,6,7,7,7,7,7,7,8,8,8,8,8,8,0,0,0,0,
4, 0, 0, 5, 0, 0, 4, 0, 0, 4, 0, 0, 5, 0, 0, 4, 0, 0, 5, 0, 0, 4, 0, 0, 5, 0, 0, 5, 0, 0, 4, 0, 0, 4, 0, 0, 5, 0, 0, 4, 0, 0, 5, 0, 0, 4, 0, 0, 4, 0, 0, 4, 0, 0, 4, 0, 0, 4, 0, 0, 5, 0, 0, 5, 0, 0, 5, 0, 0, 5, 0, 0, 4, 0, 0, 4, 0, 0, 5, 0, 0, 5, 0, 0, 4, 0, 0, 5, 0, 0, 5, 0, 0, 5, 0, 0, 5, 0, 0, 4, 0, 0, 5, 0, 0, 4, 0, 0, 5, 0, 0, 5, 0, 0, 5, 0, 0, 5, 0, 0, 4, 0, 0, 4, 0, 0, 2, 120, 1500, 3, 130, 2000, 2, 120, 1500, 2, 120, 1500, 3, 130, 2000, 2, 120, 1500, 3, 130, 2000, 2, 120, 1500, 3, 130, 2000, 3, 130, 2000, 2, 120, 1500, 2, 120, 1500, 3, 130, 2000, 2, 120, 1500, 3, 130, 2000, 2, 120, 1500, 2, 120, 1500, 2, 120, 1500, 2, 120, 1500, 2, 120, 1500, 3, 130, 2000, 3, 130, 2000, 3, 130, 2000, 3, 130, 2000, 2, 120, 1500, 2, 120, 1500, 3, 130, 2000, 3, 130, 2000, 2, 120, 1500, 3, 130, 2000, 3, 130, 2000, 3, 130, 2000, 3, 130, 2000, 2, 120, 1500, 3, 130, 2000, 2, 120, 1500, 3, 130, 2000, 3, 130, 2000, 3, 130, 2000, 3, 130, 2000, 2, 120, 1500, 2, 120, 1500, 0, 10, 1000, 1, 12, 500, 0, 10, 1000, 0, 10, 1000, 1, 12, 500, 0, 10, 1000, 1, 12, 500, 0, 10, 1000, 1, 12, 500, 1, 12, 500, 0, 10, 1000, 0, 10, 1000, 1, 12, 500, 0, 10, 1000, 1, 12, 500, 0, 10, 1000, 0, 10, 1000, 0, 10, 1000, 0, 10, 1000, 0, 10, 1000, 1, 12, 500, 1, 12, 500, 1, 12, 500, 1, 12, 500, 0, 10, 1000, 0, 10, 1000, 1, 12, 500, 1, 12, 500, 0, 10, 1000, 1, 12, 500, 1, 12, 500, 1, 12, 500, 1, 12, 500, 0, 10, 1000, 1, 12, 500, 0, 10, 1000, 1, 12, 500, 1, 12, 500, 1, 12, 500, 1, 12, 500, 0, 10, 1000, 0, 10, 1000,  0 , 0, 0, 0 , 0, 0, 0 , 0, 0, 0 , 0, 0,2,2,2,2,2,2,3,3,3,3,3,3,4,4,4,4,4,4,5,5,5,5,5,5,6,6,6,6,6,6,7,7,7,7,7,7,8,8,8,8,8,8,2,2,2,2,2,2,3,3,3,3,3,3,4,4,4,4,4,4,5,5,5,5,5,5,6,6,6,6,6,6,7,7,7,7,7,7,8,8,8,8,8,8,2,2,2,2,2,2,3,3,3,3,3,3,4,4,4,4,4,4,5,5,5,5,5,5,6,6,6,6,6,6,7,7,7,7,7,7,8,8,8,8,8,8,0,0,0,0,
4, 0, 0, 5, 0, 0, 4, 0, 0, 4, 0, 0, 5, 0, 0, 4, 0, 0, 5, 0, 0, 4, 0, 0, 5, 0, 0, 5, 0, 0, 4, 0, 0, 4, 0, 0, 5, 0, 0, 4, 0, 0, 5, 0, 0, 4, 0, 0, 4, 0, 0, 4, 0, 0, 4, 0, 0, 4, 0, 0, 5, 0, 0, 5, 0, 0, 5, 0, 0, 5, 0, 0, 4, 0, 0, 4, 0, 0, 5, 0, 0, 5, 0, 0, 4, 0, 0, 5, 0, 0, 5, 0, 0, 5, 0, 0, 5, 0, 0, 4, 0, 0, 5, 0, 0, 4, 0, 0, 5, 0, 0, 5, 0, 0, 5, 0, 0, 5, 0, 0, 4, 0, 0, 4, 0, 0, 2, 120, 1500, 3, 130, 2000, 2, 120, 1500, 2, 120, 1500, 3, 130, 2000, 2, 120, 1500, 3, 130, 2000, 2, 120, 1500, 3, 130, 2000, 3, 130, 2000, 2, 120, 1500, 2, 120, 1500, 3, 130, 2000, 2, 120, 1500, 3, 130, 2000, 2, 120, 1500, 2, 120, 1500, 2, 120, 1500, 2, 120, 1500, 2, 120, 1500, 3, 130, 2000, 3, 130, 2000, 3, 130, 2000, 3, 130, 2000, 2, 120, 1500, 2, 120, 1500, 3, 130, 2000, 3, 130, 2000, 2, 120, 1500, 3, 130, 2000, 3, 130, 2000, 3, 130, 2000, 3, 130, 2000, 2, 120, 1500, 3, 130, 2000, 2, 120, 1500, 3, 130, 2000, 3, 130, 2000, 3, 130, 2000, 3, 130, 2000, 2, 120, 1500, 2, 120, 1500, 0, 10, 1000, 1, 12, 500, 0, 10, 1000, 0, 10, 1000, 1, 12, 500, 0, 10, 1000, 1, 12, 500, 0, 10, 1000, 1, 12, 500, 1, 12, 500, 0, 10, 1000, 0, 10, 1000, 1, 12, 500, 0, 10, 1000, 1, 12, 500, 0, 10, 1000, 0, 10, 1000, 0, 10, 1000, 0, 10, 1000, 0, 10, 1000, 1, 12, 500, 1, 12, 500, 1, 12, 500, 1, 12, 500, 0, 10, 1000, 0, 10, 1000, 1, 12, 500, 1, 12, 500, 0, 10, 1000, 1, 12, 500, 1, 12, 500, 1, 12, 500, 1, 12, 500, 0, 10, 1000, 1, 12, 500, 0, 10, 1000, 1, 12, 500, 1, 12, 500, 1, 12, 500, 1, 12, 500, 0, 10, 1000, 0, 10, 1000,  0 , 0, 0, 0 , 0, 0, 0 , 0, 0, 0 , 0, 0,2,2,2,2,2,2,3,3,3,3,3,3,4,4,4,4,4,4,5,5,5,5,5,5,6,6,6,6,6,6,7,7,7,7,7,7,8,8,8,8,8,8,2,2,2,2,2,2,3,3,3,3,3,3,4,4,4,4,4,4,5,5,5,5,5,5,6,6,6,6,6,6,7,7,7,7,7,7,8,8,8,8,8,8,2,2,2,2,2,2,3,3,3,3,3,3,4,4,4,4,4,4,5,5,5,5,5,5,6,6,6,6,6,6,7,7,7,7,7,7,8,8,8,8,8,8,0,0,0,0,
4, 0, 0, 5, 0, 0, 4, 0, 0, 4, 0, 0, 5, 0, 0, 4, 0, 0, 5, 0, 0, 4, 0, 0, 5, 0, 0, 5, 0, 0, 4, 0, 0, 4, 0, 0, 5, 0, 0, 4, 0, 0, 5, 0, 0, 4, 0, 0, 4, 0, 0, 4, 0, 0, 4, 0, 0, 4, 0, 0, 5, 0, 0, 5, 0, 0, 5, 0, 0, 5, 0, 0, 4, 0, 0, 4, 0, 0, 5, 0, 0, 5, 0, 0, 4, 0, 0, 5, 0, 0, 5, 0, 0, 5, 0, 0, 5, 0, 0, 4, 0, 0, 5, 0, 0, 4, 0, 0, 5, 0, 0, 5, 0, 0, 5, 0, 0, 5, 0, 0, 4, 0, 0, 4, 0, 0, 2, 120, 1500, 3, 130, 2000, 2, 120, 1500, 2, 120, 1500, 3, 130, 2000, 2, 120, 1500, 3, 130, 2000, 2, 120, 1500, 3, 130, 2000, 3, 130, 2000, 2, 120, 1500, 2, 120, 1500, 3, 130, 2000, 2, 120, 1500, 3, 130, 2000, 2, 120, 1500, 2, 120, 1500, 2, 120, 1500, 2, 120, 1500, 2, 120, 1500, 3, 130, 2000, 3, 130, 2000, 3, 130, 2000, 3, 130, 2000, 2, 120, 1500, 2, 120, 1500, 3, 130, 2000, 3, 130, 2000, 2, 120, 1500, 3, 130, 2000, 3, 130, 2000, 3, 130, 2000, 3, 130, 2000, 2, 120, 1500, 3, 130, 2000, 2, 120, 1500, 3, 130, 2000, 3, 130, 2000, 3, 130, 2000, 3, 130, 2000, 2, 120, 1500, 2, 120, 1500, 0, 10, 1000, 1, 12, 500, 0, 10, 1000, 0, 10, 1000, 1, 12, 500, 0, 10, 1000, 1, 12, 500, 0, 10, 1000, 1, 12, 500, 1, 12, 500, 0, 10, 1000, 0, 10, 1000, 1, 12, 500, 0, 10, 1000, 1, 12, 500, 0, 10, 1000, 0, 10, 1000, 0, 10, 1000, 0, 10, 1000, 0, 10, 1000, 1, 12, 500, 1, 12, 500, 1, 12, 500, 1, 12, 500, 0, 10, 1000, 0, 10, 1000, 1, 12, 500, 1, 12, 500, 0, 10, 1000, 1, 12, 500, 1, 12, 500, 1, 12, 500, 1, 12, 500, 0, 10, 1000, 1, 12, 500, 0, 10, 1000, 1, 12, 500, 1, 12, 500, 1, 12, 500, 1, 12, 500, 0, 10, 1000, 0, 10, 1000,  0 , 0, 0, 0 , 0, 0, 0 , 0, 0, 0 , 0, 0,2,2,2,2,2,2,3,3,3,3,3,3,4,4,4,4,4,4,5,5,5,5,5,5,6,6,6,6,6,6,7,7,7,7,7,7,8,8,8,8,8,8,2,2,2,2,2,2,3,3,3,3,3,3,4,4,4,4,4,4,5,5,5,5,5,5,6,6,6,6,6,6,7,7,7,7,7,7,8,8,8,8,8,8,2,2,2,2,2,2,3,3,3,3,3,3,4,4,4,4,4,4,5,5,5,5,5,5,6,6,6,6,6,6,7,7,7,7,7,7,8,8,8,8,8,8,0,0,0,0,
4, 0, 0, 5, 0, 0, 4, 0, 0, 4, 0, 0, 5, 0, 0, 4, 0, 0, 5, 0, 0, 4, 0, 0, 5, 0, 0, 5, 0, 0, 4, 0, 0, 4, 0, 0, 5, 0, 0, 4, 0, 0, 5, 0, 0, 4, 0, 0, 4, 0, 0, 4, 0, 0, 4, 0, 0, 4, 0, 0, 5, 0, 0, 5, 0, 0, 5, 0, 0, 5, 0, 0, 4, 0, 0, 4, 0, 0, 5, 0, 0, 5, 0, 0, 4, 0, 0, 5, 0, 0, 5, 0, 0, 5, 0, 0, 5, 0, 0, 4, 0, 0, 5, 0, 0, 4, 0, 0, 5, 0, 0, 5, 0, 0, 5, 0, 0, 5, 0, 0, 4, 0, 0, 4, 0, 0, 2, 120, 1500, 3, 130, 2000, 2, 120, 1500, 2, 120, 1500, 3, 130, 2000, 2, 120, 1500, 3, 130, 2000, 2, 120, 1500, 3, 130, 2000, 3, 130, 2000, 2, 120, 1500, 2, 120, 1500, 3, 130, 2000, 2, 120, 1500, 3, 130, 2000, 2, 120, 1500, 2, 120, 1500, 2, 120, 1500, 2, 120, 1500, 2, 120, 1500, 3, 130, 2000, 3, 130, 2000, 3, 130, 2000, 3, 130, 2000, 2, 120, 1500, 2, 120, 1500, 3, 130, 2000, 3, 130, 2000, 2, 120, 1500, 3, 130, 2000, 3, 130, 2000, 3, 130, 2000, 3, 130, 2000, 2, 120, 1500, 3, 130, 2000, 2, 120, 1500, 3, 130, 2000, 3, 130, 2000, 3, 130, 2000, 3, 130, 2000, 2, 120, 1500, 2, 120, 1500, 0, 10, 1000, 1, 12, 500, 0, 10, 1000, 0, 10, 1000, 1, 12, 500, 0, 10, 1000, 1, 12, 500, 0, 10, 1000, 1, 12, 500, 1, 12, 500, 0, 10, 1000, 0, 10, 1000, 1, 12, 500, 0, 10, 1000, 1, 12, 500, 0, 10, 1000, 0, 10, 1000, 0, 10, 1000, 0, 10, 1000, 0, 10, 1000, 1, 12, 500, 1, 12, 500, 1, 12, 500, 1, 12, 500, 0, 10, 1000, 0, 10, 1000, 1, 12, 500, 1, 12, 500, 0, 10, 1000, 1, 12, 500, 1, 12, 500, 1, 12, 500, 1, 12, 500, 0, 10, 1000, 1, 12, 500, 0, 10, 1000, 1, 12, 500, 1, 12, 500, 1, 12, 500, 1, 12, 500, 0, 10, 1000, 0, 10, 1000,  0 , 0, 0, 0 , 0, 0, 0 , 0, 0, 0 , 0, 0,2,2,2,2,2,2,3,3,3,3,3,3,4,4,4,4,4,4,5,5,5,5,5,5,6,6,6,6,6,6,7,7,7,7,7,7,8,8,8,8,8,8,2,2,2,2,2,2,3,3,3,3,3,3,4,4,4,4,4,4,5,5,5,5,5,5,6,6,6,6,6,6,7,7,7,7,7,7,8,8,8,8,8,8,2,2,2,2,2,2,3,3,3,3,3,3,4,4,4,4,4,4,5,5,5,5,5,5,6,6,6,6,6,6,7,7,7,7,7,7,8,8,8,8,8,8,0,0,0,0,
4, 0, 0, 5, 0, 0, 4, 0, 0, 4, 0, 0, 5, 0, 0, 4, 0, 0, 5, 0, 0, 4, 0, 0, 5, 0, 0, 5, 0, 0, 4, 0, 0, 4, 0, 0, 5, 0, 0, 4, 0, 0, 5, 0, 0, 4, 0, 0, 4, 0, 0, 4, 0, 0, 4, 0, 0, 4, 0, 0, 5, 0, 0, 5, 0, 0, 5, 0, 0, 5, 0, 0, 4, 0, 0, 4, 0, 0, 5, 0, 0, 5, 0, 0, 4, 0, 0, 5, 0, 0, 5, 0, 0, 5, 0, 0, 5, 0, 0, 4, 0, 0, 5, 0, 0, 4, 0, 0, 5, 0, 0, 5, 0, 0, 5, 0, 0, 5, 0, 0, 4, 0, 0, 4, 0, 0, 2, 120, 1500, 3, 130, 2000, 2, 120, 1500, 2, 120, 1500, 3, 130, 2000, 2, 120, 1500, 3, 130, 2000, 2, 120, 1500, 3, 130, 2000, 3, 130, 2000, 2, 120, 1500, 2, 120, 1500, 3, 130, 2000, 2, 120, 1500, 3, 130, 2000, 2, 120, 1500, 2, 120, 1500, 2, 120, 1500, 2, 120, 1500, 2, 120, 1500, 3, 130, 2000, 3, 130, 2000, 3, 130, 2000, 3, 130, 2000, 2, 120, 1500, 2, 120, 1500, 3, 130, 2000, 3, 130, 2000, 2, 120, 1500, 3, 130, 2000, 3, 130, 2000, 3, 130, 2000, 3, 130, 2000, 2, 120, 1500, 3, 130, 2000, 2, 120, 1500, 3, 130, 2000, 3, 130, 2000, 3, 130, 2000, 3, 130, 2000, 2, 120, 1500, 2, 120, 1500, 0, 10, 1000, 1, 12, 500, 0, 10, 1000, 0, 10, 1000, 1, 12, 500, 0, 10, 1000, 1, 12, 500, 0, 10, 1000, 1, 12, 500, 1, 12, 500, 0, 10, 1000, 0, 10, 1000, 1, 12, 500, 0, 10, 1000, 1, 12, 500, 0, 10, 1000, 0, 10, 1000, 0, 10, 1000, 0, 10, 1000, 0, 10, 1000, 1, 12, 500, 1, 12, 500, 1, 12, 500, 1, 12, 500, 0, 10, 1000, 0, 10, 1000, 1, 12, 500, 1, 12, 500, 0, 10, 1000, 1, 12, 500, 1, 12, 500, 1, 12, 500, 1, 12, 500, 0, 10, 1000, 1, 12, 500, 0, 10, 1000, 1, 12, 500, 1, 12, 500, 1, 12, 500, 1, 12, 500, 0, 10, 1000, 0, 10, 1000,  0 , 0, 0, 0 , 0, 0, 0 , 0, 0, 0 , 0, 0,2,2,2,2,2,2,3,3,3,3,3,3,4,4,4,4,4,4,5,5,5,5,5,5,6,6,6,6,6,6,7,7,7,7,7,7,8,8,8,8,8,8,2,2,2,2,2,2,3,3,3,3,3,3,4,4,4,4,4,4,5,5,5,5,5,5,6,6,6,6,6,6,7,7,7,7,7,7,8,8,8,8,8,8,2,2,2,2,2,2,3,3,3,3,3,3,4,4,4,4,4,4,5,5,5,5,5,5,6,6,6,6,6,6,7,7,7,7,7,7,8,8,8,8,8,8,0,0,0,0,
4, 0, 0, 5, 0, 0, 4, 0, 0, 4, 0, 0, 5, 0, 0, 4, 0, 0, 5, 0, 0, 4, 0, 0, 5, 0, 0, 5, 0, 0, 4, 0, 0, 4, 0, 0, 5, 0, 0, 4, 0, 0, 5, 0, 0, 4, 0, 0, 4, 0, 0, 4, 0, 0, 4, 0, 0, 4, 0, 0, 5, 0, 0, 5, 0, 0, 5, 0, 0, 5, 0, 0, 4, 0, 0, 4, 0, 0, 5, 0, 0, 5, 0, 0, 4, 0, 0, 5, 0, 0, 5, 0, 0, 5, 0, 0, 5, 0, 0, 4, 0, 0, 5, 0, 0, 4, 0, 0, 5, 0, 0, 5, 0, 0, 5, 0, 0, 5, 0, 0, 4, 0, 0, 4, 0, 0, 2, 120, 1500, 3, 130, 2000, 2, 120, 1500, 2, 120, 1500, 3, 130, 2000, 2, 120, 1500, 3, 130, 2000, 2, 120, 1500, 3, 130, 2000, 3, 130, 2000, 2, 120, 1500, 2, 120, 1500, 3, 130, 2000, 2, 120, 1500, 3, 130, 2000, 2, 120, 1500, 2, 120, 1500, 2, 120, 1500, 2, 120, 1500, 2, 120, 1500, 3, 130, 2000, 3, 130, 2000, 3, 130, 2000, 3, 130, 2000, 2, 120, 1500, 2, 120, 1500, 3, 130, 2000, 3, 130, 2000, 2, 120, 1500, 3, 130, 2000, 3, 130, 2000, 3, 130, 2000, 3, 130, 2000, 2, 120, 1500, 3, 130, 2000, 2, 120, 1500, 3, 130, 2000, 3, 130, 2000, 3, 130, 2000, 3, 130, 2000, 2, 120, 1500, 2, 120, 1500, 0, 10, 1000, 1, 12, 500, 0, 10, 1000, 0, 10, 1000, 1, 12, 500, 0, 10, 1000, 1, 12, 500, 0, 10, 1000, 1, 12, 500, 1, 12, 500, 0, 10, 1000, 0, 10, 1000, 1, 12, 500, 0, 10, 1000, 1, 12, 500, 0, 10, 1000, 0, 10, 1000, 0, 10, 1000, 0, 10, 1000, 0, 10, 1000, 1, 12, 500, 1, 12, 500, 1, 12, 500, 1, 12, 500, 0, 10, 1000, 0, 10, 1000, 1, 12, 500, 1, 12, 500, 0, 10, 1000, 1, 12, 500, 1, 12, 500, 1, 12, 500, 1, 12, 500, 0, 10, 1000, 1, 12, 500, 0, 10, 1000, 1, 12, 500, 1, 12, 500, 1, 12, 500, 1, 12, 500, 0, 10, 1000, 0, 10, 1000,  0 , 0, 0, 0 , 0, 0, 0 , 0, 0, 0 , 0, 0,2,2,2,2,2,2,3,3,3,3,3,3,4,4,4,4,4,4,5,5,5,5,5,5,6,6,6,6,6,6,7,7,7,7,7,7,8,8,8,8,8,8,2,2,2,2,2,2,3,3,3,3,3,3,4,4,4,4,4,4,5,5,5,5,5,5,6,6,6,6,6,6,7,7,7,7,7,7,8,8,8,8,8,8,2,2,2,2,2,2,3,3,3,3,3,3,4,4,4,4,4,4,5,5,5,5,5,5,6,6,6,6,6,6,7,7,7,7,7,7,8,8,8,8,8,8,0,0,0,0,
4, 0, 0, 5, 0, 0, 4, 0, 0, 4, 0, 0, 5, 0, 0, 4, 0, 0, 5, 0, 0, 4, 0, 0, 5, 0, 0, 5, 0, 0, 4, 0, 0, 4, 0, 0, 5, 0, 0, 4, 0, 0, 5, 0, 0, 4, 0, 0, 4, 0, 0, 4, 0, 0, 4, 0, 0, 4, 0, 0, 5, 0, 0, 5, 0, 0, 5, 0, 0, 5, 0, 0, 4, 0, 0, 4, 0, 0, 5, 0, 0, 5, 0, 0, 4, 0, 0, 5, 0, 0, 5, 0, 0, 5, 0, 0, 5, 0, 0, 4, 0, 0, 5, 0, 0, 4, 0, 0, 5, 0, 0, 5, 0, 0, 5, 0, 0, 5, 0, 0, 4, 0, 0, 4, 0, 0, 2, 120, 1500, 3, 130, 2000, 2, 120, 1500, 2, 120, 1500, 3, 130, 2000, 2, 120, 1500, 3, 130, 2000, 2, 120, 1500, 3, 130, 2000, 3, 130, 2000, 2, 120, 1500, 2, 120, 1500, 3, 130, 2000, 2, 120, 1500, 3, 130, 2000, 2, 120, 1500, 2, 120, 1500, 2, 120, 1500, 2, 120, 1500, 2, 120, 1500, 3, 130, 2000, 3, 130, 2000, 3, 130, 2000, 3, 130, 2000, 2, 120, 1500, 2, 120, 1500, 3, 130, 2000, 3, 130, 2000, 2, 120, 1500, 3, 130, 2000, 3, 130, 2000, 3, 130, 2000, 3, 130, 2000, 2, 120, 1500, 3, 130, 2000, 2, 120, 1500, 3, 130, 2000, 3, 130, 2000, 3, 130, 2000, 3, 130, 2000, 2, 120, 1500, 2, 120, 1500, 0, 10, 1000, 1, 12, 500, 0, 10, 1000, 0, 10, 1000, 1, 12, 500, 0, 10, 1000, 1, 12, 500, 0, 10, 1000, 1, 12, 500, 1, 12, 500, 0, 10, 1000, 0, 10, 1000, 1, 12, 500, 0, 10, 1000, 1, 12, 500, 0, 10, 1000, 0, 10, 1000, 0, 10, 1000, 0, 10, 1000, 0, 10, 1000, 1, 12, 500, 1, 12, 500, 1, 12, 500, 1, 12, 500, 0, 10, 1000, 0, 10, 1000, 1, 12, 500, 1, 12, 500, 0, 10, 1000, 1, 12, 500, 1, 12, 500, 1, 12, 500, 1, 12, 500, 0, 10, 1000, 1, 12, 500, 0, 10, 1000, 1, 12, 500, 1, 12, 500, 1, 12, 500, 1, 12, 500, 0, 10, 1000, 0, 10, 1000,  0 , 0, 0, 0 , 0, 0, 0 , 0, 0, 0 , 0, 0,2,2,2,2,2,2,3,3,3,3,3,3,4,4,4,4,4,4,5,5,5,5,5,5,6,6,6,6,6,6,7,7,7,7,7,7,8,8,8,8,8,8,2,2,2,2,2,2,3,3,3,3,3,3,4,4,4,4,4,4,5,5,5,5,5,5,6,6,6,6,6,6,7,7,7,7,7,7,8,8,8,8,8,8,2,2,2,2,2,2,3,3,3,3,3,3,4,4,4,4,4,4,5,5,5,5,5,5,6,6,6,6,6,6,7,7,7,7,7,7,8,8,8,8,8,8,0,0,0,0,
4, 0, 0, 5, 0, 0, 4, 0, 0, 4, 0, 0, 5, 0, 0, 4, 0, 0, 5, 0, 0, 4, 0, 0, 5, 0, 0, 5, 0, 0, 4, 0, 0, 4, 0, 0, 5, 0, 0, 4, 0, 0, 5, 0, 0, 4, 0, 0, 4, 0, 0, 4, 0, 0, 4, 0, 0, 4, 0, 0, 5, 0, 0, 5, 0, 0, 5, 0, 0, 5, 0, 0, 4, 0, 0, 4, 0, 0, 5, 0, 0, 5, 0, 0, 4, 0, 0, 5, 0, 0, 5, 0, 0, 5, 0, 0, 5, 0, 0, 4, 0, 0, 5, 0, 0, 4, 0, 0, 5, 0, 0, 5, 0, 0, 5, 0, 0, 5, 0, 0, 4, 0, 0, 4, 0, 0, 2, 120, 1500, 3, 130, 2000, 2, 120, 1500, 2, 120, 1500, 3, 130, 2000, 2, 120, 1500, 3, 130, 2000, 2, 120, 1500, 3, 130, 2000, 3, 130, 2000, 2, 120, 1500, 2, 120, 1500, 3, 130, 2000, 2, 120, 1500, 3, 130, 2000, 2, 120, 1500, 2, 120, 1500, 2, 120, 1500, 2, 120, 1500, 2, 120, 1500, 3, 130, 2000, 3, 130, 2000, 3, 130, 2000, 3, 130, 2000, 2, 120, 1500, 2, 120, 1500, 3, 130, 2000, 3, 130, 2000, 2, 120, 1500, 3, 130, 2000, 3, 130, 2000, 3, 130, 2000, 3, 130, 2000, 2, 120, 1500, 3, 130, 2000, 2, 120, 1500, 3, 130, 2000, 3, 130, 2000, 3, 130, 2000, 3, 130, 2000, 2, 120, 1500, 2, 120, 1500, 0, 10, 1000, 1, 12, 500, 0, 10, 1000, 0, 10, 1000, 1, 12, 500, 0, 10, 1000, 1, 12, 500, 0, 10, 1000, 1, 12, 500, 1, 12, 500, 0, 10, 1000, 0, 10, 1000, 1, 12, 500, 0, 10, 1000, 1, 12, 500, 0, 10, 1000, 0, 10, 1000, 0, 10, 1000, 0, 10, 1000, 0, 10, 1000, 1, 12, 500, 1, 12, 500, 1, 12, 500, 1, 12, 500, 0, 10, 1000, 0, 10, 1000, 1, 12, 500, 1, 12, 500, 0, 10, 1000, 1, 12, 500, 1, 12, 500, 1, 12, 500, 1, 12, 500, 0, 10, 1000, 1, 12, 500, 0, 10, 1000, 1, 12, 500, 1, 12, 500, 1, 12, 500, 1, 12, 500, 0, 10, 1000, 0, 10, 1000,  0 , 0, 0, 0 , 0, 0, 0 , 0, 0, 0 , 0, 0,2,2,2,2,2,2,3,3,3,3,3,3,4,4,4,4,4,4,5,5,5,5,5,5,6,6,6,6,6,6,7,7,7,7,7,7,8,8,8,8,8,8,2,2,2,2,2,2,3,3,3,3,3,3,4,4,4,4,4,4,5,5,5,5,5,5,6,6,6,6,6,6,7,7,7,7,7,7,8,8,8,8,8,8,2,2,2,2,2,2,3,3,3,3,3,3,4,4,4,4,4,4,5,5,5,5,5,5,6,6,6,6,6,6,7,7,7,7,7,7,8,8,8,8,8,8,0,0,0,0,
4, 0, 0, 5, 0, 0, 4, 0, 0, 4, 0, 0, 5, 0, 0, 4, 0, 0, 5, 0, 0, 4, 0, 0, 5, 0, 0, 5, 0, 0, 4, 0, 0, 4, 0, 0, 5, 0, 0, 4, 0, 0, 5, 0, 0, 4, 0, 0, 4, 0, 0, 4, 0, 0, 4, 0, 0, 4, 0, 0, 5, 0, 0, 5, 0, 0, 5, 0, 0, 5, 0, 0, 4, 0, 0, 4, 0, 0, 5, 0, 0, 5, 0, 0, 4, 0, 0, 5, 0, 0, 5, 0, 0, 5, 0, 0, 5, 0, 0, 4, 0, 0, 5, 0, 0, 4, 0, 0, 5, 0, 0, 5, 0, 0, 5, 0, 0, 5, 0, 0, 4, 0, 0, 4, 0, 0, 2, 120, 1500, 3, 130, 2000, 2, 120, 1500, 2, 120, 1500, 3, 130, 2000, 2, 120, 1500, 3, 130, 2000, 2, 120, 1500, 3, 130, 2000, 3, 130, 2000, 2, 120, 1500, 2, 120, 1500, 3, 130, 2000, 2, 120, 1500, 3, 130, 2000, 2, 120, 1500, 2, 120, 1500, 2, 120, 1500, 2, 120, 1500, 2, 120, 1500, 3, 130, 2000, 3, 130, 2000, 3, 130, 2000, 3, 130, 2000, 2, 120, 1500, 2, 120, 1500, 3, 130, 2000, 3, 130, 2000, 2, 120, 1500, 3, 130, 2000, 3, 130, 2000, 3, 130, 2000, 3, 130, 2000, 2, 120, 1500, 3, 130, 2000, 2, 120, 1500, 3, 130, 2000, 3, 130, 2000, 3, 130, 2000, 3, 130, 2000, 2, 120, 1500, 2, 120, 1500, 0, 10, 1000, 1, 12, 500, 0, 10, 1000, 0, 10, 1000, 1, 12, 500, 0, 10, 1000, 1, 12, 500, 0, 10, 1000, 1, 12, 500, 1, 12, 500, 0, 10, 1000, 0, 10, 1000, 1, 12, 500, 0, 10, 1000, 1, 12, 500, 0, 10, 1000, 0, 10, 1000, 0, 10, 1000, 0, 10, 1000, 0, 10, 1000, 1, 12, 500, 1, 12, 500, 1, 12, 500, 1, 12, 500, 0, 10, 1000, 0, 10, 1000, 1, 12, 500, 1, 12, 500, 0, 10, 1000, 1, 12, 500, 1, 12, 500, 1, 12, 500, 1, 12, 500, 0, 10, 1000, 1, 12, 500, 0, 10, 1000, 1, 12, 500, 1, 12, 500, 1, 12, 500, 1, 12, 500, 0, 10, 1000, 0, 10, 1000,  0 , 0, 0, 0 , 0, 0, 0 , 0, 0, 0 , 0, 0,2,2,2,2,2,2,3,3,3,3,3,3,4,4,4,4,4,4,5,5,5,5,5,5,6,6,6,6,6,6,7,7,7,7,7,7,8,8,8,8,8,8,2,2,2,2,2,2,3,3,3,3,3,3,4,4,4,4,4,4,5,5,5,5,5,5,6,6,6,6,6,6,7,7,7,7,7,7,8,8,8,8,8,8,2,2,2,2,2,2,3,3,3,3,3,3,4,4,4,4,4,4,5,5,5,5,5,5,6,6,6,6,6,6,7,7,7,7,7,7,8,8,8,8,8,8,0,0,0,0,
4, 0, 0, 5, 0, 0, 4, 0, 0, 4, 0, 0, 5, 0, 0, 4, 0, 0, 5, 0, 0, 4, 0, 0, 5, 0, 0, 5, 0, 0, 4, 0, 0, 4, 0, 0, 5, 0, 0, 4, 0, 0, 5, 0, 0, 4, 0, 0, 4, 0, 0, 4, 0, 0, 4, 0, 0, 4, 0, 0, 5, 0, 0, 5, 0, 0, 5, 0, 0, 5, 0, 0, 4, 0, 0, 4, 0, 0, 5, 0, 0, 5, 0, 0, 4, 0, 0, 5, 0, 0, 5, 0, 0, 5, 0, 0, 5, 0, 0, 4, 0, 0, 5, 0, 0, 4, 0, 0, 5, 0, 0, 5, 0, 0, 5, 0, 0, 5, 0, 0, 4, 0, 0, 4, 0, 0, 2, 120, 1500, 3, 130, 2000, 2, 120, 1500, 2, 120, 1500, 3, 130, 2000, 2, 120, 1500, 3, 130, 2000, 2, 120, 1500, 3, 130, 2000, 3, 130, 2000, 2, 120, 1500, 2, 120, 1500, 3, 130, 2000, 2, 120, 1500, 3, 130, 2000, 2, 120, 1500, 2, 120, 1500, 2, 120, 1500, 2, 120, 1500, 2, 120, 1500, 3, 130, 2000, 3, 130, 2000, 3, 130, 2000, 3, 130, 2000, 2, 120, 1500, 2, 120, 1500, 3, 130, 2000, 3, 130, 2000, 2, 120, 1500, 3, 130, 2000, 3, 130, 2000, 3, 130, 2000, 3, 130, 2000, 2, 120, 1500, 3, 130, 2000, 2, 120, 1500, 3, 130, 2000, 3, 130, 2000, 3, 130, 2000, 3, 130, 2000, 2, 120, 1500, 2, 120, 1500, 0, 10, 1000, 1, 12, 500, 0, 10, 1000, 0, 10, 1000, 1, 12, 500, 0, 10, 1000, 1, 12, 500, 0, 10, 1000, 1, 12, 500, 1, 12, 500, 0, 10, 1000, 0, 10, 1000, 1, 12, 500, 0, 10, 1000, 1, 12, 500, 0, 10, 1000, 0, 10, 1000, 0, 10, 1000, 0, 10, 1000, 0, 10, 1000, 1, 12, 500, 1, 12, 500, 1, 12, 500, 1, 12, 500, 0, 10, 1000, 0, 10, 1000, 1, 12, 500, 1, 12, 500, 0, 10, 1000, 1, 12, 500, 1, 12, 500, 1, 12, 500, 1, 12, 500, 0, 10, 1000, 1, 12, 500, 0, 10, 1000, 1, 12, 500, 1, 12, 500, 1, 12, 500, 1, 12, 500, 0, 10, 1000, 0, 10, 1000,  0 , 0, 0, 0 , 0, 0, 0 , 0, 0, 0 , 0, 0,2,2,2,2,2,2,3,3,3,3,3,3,4,4,4,4,4,4,5,5,5,5,5,5,6,6,6,6,6,6,7,7,7,7,7,7,8,8,8,8,8,8,2,2,2,2,2,2,3,3,3,3,3,3,4,4,4,4,4,4,5,5,5,5,5,5,6,6,6,6,6,6,7,7,7,7,7,7,8,8,8,8,8,8,2,2,2,2,2,2,3,3,3,3,3,3,4,4,4,4,4,4,5,5,5,5,5,5,6,6,6,6,6,6,7,7,7,7,7,7,8,8,8,8,8,8,0,0,0,0,
4, 0, 0, 5, 0, 0, 4, 0, 0, 4, 0, 0, 5, 0, 0, 4, 0, 0, 5, 0, 0, 4, 0, 0, 5, 0, 0, 5, 0, 0, 4, 0, 0, 4, 0, 0, 5, 0, 0, 4, 0, 0, 5, 0, 0, 4, 0, 0, 4, 0, 0, 4, 0, 0, 4, 0, 0, 4, 0, 0, 5, 0, 0, 5, 0, 0, 5, 0, 0, 5, 0, 0, 4, 0, 0, 4, 0, 0, 5, 0, 0, 5, 0, 0, 4, 0, 0, 5, 0, 0, 5, 0, 0, 5, 0, 0, 5, 0, 0, 4, 0, 0, 5, 0, 0, 4, 0, 0, 5, 0, 0, 5, 0, 0, 5, 0, 0, 5, 0, 0, 4, 0, 0, 4, 0, 0, 2, 120, 1500, 3, 130, 2000, 2, 120, 1500, 2, 120, 1500, 3, 130, 2000, 2, 120, 1500, 3, 130, 2000, 2, 120, 1500, 3, 130, 2000, 3, 130, 2000, 2, 120, 1500, 2, 120, 1500, 3, 130, 2000, 2, 120, 1500, 3, 130, 2000, 2, 120, 1500, 2, 120, 1500, 2, 120, 1500, 2, 120, 1500, 2, 120, 1500, 3, 130, 2000, 3, 130, 2000, 3, 130, 2000, 3, 130, 2000, 2, 120, 1500, 2, 120, 1500, 3, 130, 2000, 3, 130, 2000, 2, 120, 1500, 3, 130, 2000, 3, 130, 2000, 3, 130, 2000, 3, 130, 2000, 2, 120, 1500, 3, 130, 2000, 2, 120, 1500, 3, 130, 2000, 3, 130, 2000, 3, 130, 2000, 3, 130, 2000, 2, 120, 1500, 2, 120, 1500, 0, 10, 1000, 1, 12, 500, 0, 10, 1000, 0, 10, 1000, 1, 12, 500, 0, 10, 1000, 1, 12, 500, 0, 10, 1000, 1, 12, 500, 1, 12, 500, 0, 10, 1000, 0, 10, 1000, 1, 12, 500, 0, 10, 1000, 1, 12, 500, 0, 10, 1000, 0, 10, 1000, 0, 10, 1000, 0, 10, 1000, 0, 10, 1000, 1, 12, 500, 1, 12, 500, 1, 12, 500, 1, 12, 500, 0, 10, 1000, 0, 10, 1000, 1, 12, 500, 1, 12, 500, 0, 10, 1000, 1, 12, 500, 1, 12, 500, 1, 12, 500, 1, 12, 500, 0, 10, 1000, 1, 12, 500, 0, 10, 1000, 1, 12, 500, 1, 12, 500, 1, 12, 500, 1, 12, 500, 0, 10, 1000, 0, 10, 1000,  0 , 0, 0, 0 , 0, 0, 0 , 0, 0, 0 , 0, 0,2,2,2,2,2,2,3,3,3,3,3,3,4,4,4,4,4,4,5,5,5,5,5,5,6,6,6,6,6,6,7,7,7,7,7,7,8,8,8,8,8,8,2,2,2,2,2,2,3,3,3,3,3,3,4,4,4,4,4,4,5,5,5,5,5,5,6,6,6,6,6,6,7,7,7,7,7,7,8,8,8,8,8,8,2,2,2,2,2,2,3,3,3,3,3,3,4,4,4,4,4,4,5,5,5,5,5,5,6,6,6,6,6,6,7,7,7,7,7,7,8,8,8,8,8,8,0,0,0,0,
4, 0, 0, 5, 0, 0, 4, 0, 0, 4, 0, 0, 5, 0, 0, 4, 0, 0, 5, 0, 0, 4, 0, 0, 5, 0, 0, 5, 0, 0, 4, 0, 0, 4, 0, 0, 5, 0, 0, 4, 0, 0, 5, 0, 0, 4, 0, 0, 4, 0, 0, 4, 0, 0, 4, 0, 0, 4, 0, 0, 5, 0, 0, 5, 0, 0, 5, 0, 0, 5, 0, 0, 4, 0, 0, 4, 0, 0, 5, 0, 0, 5, 0, 0, 4, 0, 0, 5, 0, 0, 5, 0, 0, 5, 0, 0, 5, 0, 0, 4, 0, 0, 5, 0, 0, 4, 0, 0, 5, 0, 0, 5, 0, 0, 5, 0, 0, 5, 0, 0, 4, 0, 0, 4, 0, 0, 2, 120, 1500, 3, 130, 2000, 2, 120, 1500, 2, 120, 1500, 3, 130, 2000, 2, 120, 1500, 3, 130, 2000, 2, 120, 1500, 3, 130, 2000, 3, 130, 2000, 2, 120, 1500, 2, 120, 1500, 3, 130, 2000, 2, 120, 1500, 3, 130, 2000, 2, 120, 1500, 2, 120, 1500, 2, 120, 1500, 2, 120, 1500, 2, 120, 1500, 3, 130, 2000, 3, 130, 2000, 3, 130, 2000, 3, 130, 2000, 2, 120, 1500, 2, 120, 1500, 3, 130, 2000, 3, 130, 2000, 2, 120, 1500, 3, 130, 2000, 3, 130, 2000, 3, 130, 2000, 3, 130, 2000, 2, 120, 1500, 3, 130, 2000, 2, 120, 1500, 3, 130, 2000, 3, 130, 2000, 3, 130, 2000, 3, 130, 2000, 2, 120, 1500, 2, 120, 1500, 0, 10, 1000, 1, 12, 500, 0, 10, 1000, 0, 10, 1000, 1, 12, 500, 0, 10, 1000, 1, 12, 500, 0, 10, 1000, 1, 12, 500, 1, 12, 500, 0, 10, 1000, 0, 10, 1000, 1, 12, 500, 0, 10, 1000, 1, 12, 500, 0, 10, 1000, 0, 10, 1000, 0, 10, 1000, 0, 10, 1000, 0, 10, 1000, 1, 12, 500, 1, 12, 500, 1, 12, 500, 1, 12, 500, 0, 10, 1000, 0, 10, 1000, 1, 12, 500, 1, 12, 500, 0, 10, 1000, 1, 12, 500, 1, 12, 500, 1, 12, 500, 1, 12, 500, 0, 10, 1000, 1, 12, 500, 0, 10, 1000, 1, 12, 500, 1, 12, 500, 1, 12, 500, 1, 12, 500, 0, 10, 1000, 0, 10, 1000,  0 , 0, 0, 0 , 0, 0, 0 , 0, 0, 0 , 0, 0,2,2,2,2,2,2,3,3,3,3,3,3,4,4,4,4,4,4,5,5,5,5,5,5,6,6,6,6,6,6,7,7,7,7,7,7,8,8,8,8,8,8,2,2,2,2,2,2,3,3,3,3,3,3,4,4,4,4,4,4,5,5,5,5,5,5,6,6,6,6,6,6,7,7,7,7,7,7,8,8,8,8,8,8,2,2,2,2,2,2,3,3,3,3,3,3,4,4,4,4,4,4,5,5,5,5,5,5,6,6,6,6,6,6,7,7,7,7,7,7,8,8,8,8,8,8,0,0,0,0,
4, 0, 0, 5, 0, 0, 4, 0, 0, 4, 0, 0, 5, 0, 0, 4, 0, 0, 5, 0, 0, 4, 0, 0, 5, 0, 0, 5, 0, 0, 4, 0, 0, 4, 0, 0, 5, 0, 0, 4, 0, 0, 5, 0, 0, 4, 0, 0, 4, 0, 0, 4, 0, 0, 4, 0, 0, 4, 0, 0, 5, 0, 0, 5, 0, 0, 5, 0, 0, 5, 0, 0, 4, 0, 0, 4, 0, 0, 5, 0, 0, 5, 0, 0, 4, 0, 0, 5, 0, 0, 5, 0, 0, 5, 0, 0, 5, 0, 0, 4, 0, 0, 5, 0, 0, 4, 0, 0, 5, 0, 0, 5, 0, 0, 5, 0, 0, 5, 0, 0, 4, 0, 0, 4, 0, 0, 2, 120, 1500, 3, 130, 2000, 2, 120, 1500, 2, 120, 1500, 3, 130, 2000, 2, 120, 1500, 3, 130, 2000, 2, 120, 1500, 3, 130, 2000, 3, 130, 2000, 2, 120, 1500, 2, 120, 1500, 3, 130, 2000, 2, 120, 1500, 3, 130, 2000, 2, 120, 1500, 2, 120, 1500, 2, 120, 1500, 2, 120, 1500, 2, 120, 1500, 3, 130, 2000, 3, 130, 2000, 3, 130, 2000, 3, 130, 2000, 2, 120, 1500, 2, 120, 1500, 3, 130, 2000, 3, 130, 2000, 2, 120, 1500, 3, 130, 2000, 3, 130, 2000, 3, 130, 2000, 3, 130, 2000, 2, 120, 1500, 3, 130, 2000, 2, 120, 1500, 3, 130, 2000, 3, 130, 2000, 3, 130, 2000, 3, 130, 2000, 2, 120, 1500, 2, 120, 1500, 0, 10, 1000, 1, 12, 500, 0, 10, 1000, 0, 10, 1000, 1, 12, 500, 0, 10, 1000, 1, 12, 500, 0, 10, 1000, 1, 12, 500, 1, 12, 500, 0, 10, 1000, 0, 10, 1000, 1, 12, 500, 0, 10, 1000, 1, 12, 500, 0, 10, 1000, 0, 10, 1000, 0, 10, 1000, 0, 10, 1000, 0, 10, 1000, 1, 12, 500, 1, 12, 500, 1, 12, 500, 1, 12, 500, 0, 10, 1000, 0, 10, 1000, 1, 12, 500, 1, 12, 500, 0, 10, 1000, 1, 12, 500, 1, 12, 500, 1, 12, 500, 1, 12, 500, 0, 10, 1000, 1, 12, 500, 0, 10, 1000, 1, 12, 500, 1, 12, 500, 1, 12, 500, 1, 12, 500, 0, 10, 1000, 0, 10, 1000,  0 , 0, 0, 0 , 0, 0, 0 , 0, 0, 0 , 0, 0,2,2,2,2,2,2,3,3,3,3,3,3,4,4,4,4,4,4,5,5,5,5,5,5,6,6,6,6,6,6,7,7,7,7,7,7,8,8,8,8,8,8,2,2,2,2,2,2,3,3,3,3,3,3,4,4,4,4,4,4,5,5,5,5,5,5,6,6,6,6,6,6,7,7,7,7,7,7,8,8,8,8,8,8,2,2,2,2,2,2,3,3,3,3,3,3,4,4,4,4,4,4,5,5,5,5,5,5,6,6,6,6,6,6,7,7,7,7,7,7,8,8,8,8,8,8,0,0,0,0,
4, 0, 0, 5, 0, 0, 4, 0, 0, 4, 0, 0, 5, 0, 0, 4, 0, 0, 5, 0, 0, 4, 0, 0, 5, 0, 0, 5, 0, 0, 4, 0, 0, 4, 0, 0, 5, 0, 0, 4, 0, 0, 5, 0, 0, 4, 0, 0, 4, 0, 0, 4, 0, 0, 4, 0, 0, 4, 0, 0, 5, 0, 0, 5, 0, 0, 5, 0, 0, 5, 0, 0, 4, 0, 0, 4, 0, 0, 5, 0, 0, 5, 0, 0, 4, 0, 0, 5, 0, 0, 5, 0, 0, 5, 0, 0, 5, 0, 0, 4, 0, 0, 5, 0, 0, 4, 0, 0, 5, 0, 0, 5, 0, 0, 5, 0, 0, 5, 0, 0, 4, 0, 0, 4, 0, 0, 2, 120, 1500, 3, 130, 2000, 2, 120, 1500, 2, 120, 1500, 3, 130, 2000, 2, 120, 1500, 3, 130, 2000, 2, 120, 1500, 3, 130, 2000, 3, 130, 2000, 2, 120, 1500, 2, 120, 1500, 3, 130, 2000, 2, 120, 1500, 3, 130, 2000, 2, 120, 1500, 2, 120, 1500, 2, 120, 1500, 2, 120, 1500, 2, 120, 1500, 3, 130, 2000, 3, 130, 2000, 3, 130, 2000, 3, 130, 2000, 2, 120, 1500, 2, 120, 1500, 3, 130, 2000, 3, 130, 2000, 2, 120, 1500, 3, 130, 2000, 3, 130, 2000, 3, 130, 2000, 3, 130, 2000, 2, 120, 1500, 3, 130, 2000, 2, 120, 1500, 3, 130, 2000, 3, 130, 2000, 3, 130, 2000, 3, 130, 2000, 2, 120, 1500, 2, 120, 1500, 0, 10, 1000, 1, 12, 500, 0, 10, 1000, 0, 10, 1000, 1, 12, 500, 0, 10, 1000, 1, 12, 500, 0, 10, 1000, 1, 12, 500, 1, 12, 500, 0, 10, 1000, 0, 10, 1000, 1, 12, 500, 0, 10, 1000, 1, 12, 500, 0, 10, 1000, 0, 10, 1000, 0, 10, 1000, 0, 10, 1000, 0, 10, 1000, 1, 12, 500, 1, 12, 500, 1, 12, 500, 1, 12, 500, 0, 10, 1000, 0, 10, 1000, 1, 12, 500, 1, 12, 500, 0, 10, 1000, 1, 12, 500, 1, 12, 500, 1, 12, 500, 1, 12, 500, 0, 10, 1000, 1, 12, 500, 0, 10, 1000, 1, 12, 500, 1, 12, 500, 1, 12, 500, 1, 12, 500, 0, 10, 1000, 0, 10, 1000,  0 , 0, 0, 0 , 0, 0, 0 , 0, 0, 0 , 0, 0,2,2,2,2,2,2,3,3,3,3,3,3,4,4,4,4,4,4,5,5,5,5,5,5,6,6,6,6,6,6,7,7,7,7,7,7,8,8,8,8,8,8,2,2,2,2,2,2,3,3,3,3,3,3,4,4,4,4,4,4,5,5,5,5,5,5,6,6,6,6,6,6,7,7,7,7,7,7,8,8,8,8,8,8,2,2,2,2,2,2,3,3,3,3,3,3,4,4,4,4,4,4,5,5,5,5,5,5,6,6,6,6,6,6,7,7,7,7,7,7,8,8,8,8,8,8,0,0,0,0,
4, 0, 0, 5, 0, 0, 4, 0, 0, 4, 0, 0, 5, 0, 0, 4, 0, 0, 5, 0, 0, 4, 0, 0, 5, 0, 0, 5, 0, 0, 4, 0, 0, 4, 0, 0, 5, 0, 0, 4, 0, 0, 5, 0, 0, 4, 0, 0, 4, 0, 0, 4, 0, 0, 4, 0, 0, 4, 0, 0, 5, 0, 0, 5, 0, 0, 5, 0, 0, 5, 0, 0, 4, 0, 0, 4, 0, 0, 5, 0, 0, 5, 0, 0, 4, 0, 0, 5, 0, 0, 5, 0, 0, 5, 0, 0, 5, 0, 0, 4, 0, 0, 5, 0, 0, 4, 0, 0, 5, 0, 0, 5, 0, 0, 5, 0, 0, 5, 0, 0, 4, 0, 0, 4, 0, 0, 2, 120, 1500, 3, 130, 2000, 2, 120, 1500, 2, 120, 1500, 3, 130, 2000, 2, 120, 1500, 3, 130, 2000, 2, 120, 1500, 3, 130, 2000, 3, 130, 2000, 2, 120, 1500, 2, 120, 1500, 3, 130, 2000, 2, 120, 1500, 3, 130, 2000, 2, 120, 1500, 2, 120, 1500, 2, 120, 1500, 2, 120, 1500, 2, 120, 1500, 3, 130, 2000, 3, 130, 2000, 3, 130, 2000, 3, 130, 2000, 2, 120, 1500, 2, 120, 1500, 3, 130, 2000, 3, 130, 2000, 2, 120, 1500, 3, 130, 2000, 3, 130, 2000, 3, 130, 2000, 3, 130, 2000, 2, 120, 1500, 3, 130, 2000, 2, 120, 1500, 3, 130, 2000, 3, 130, 2000, 3, 130, 2000, 3, 130, 2000, 2, 120, 1500, 2, 120, 1500, 0, 10, 1000, 1, 12, 500, 0, 10, 1000, 0, 10, 1000, 1, 12, 500, 0, 10, 1000, 1, 12, 500, 0, 10, 1000, 1, 12, 500, 1, 12, 500, 0, 10, 1000, 0, 10, 1000, 1, 12, 500, 0, 10, 1000, 1, 12, 500, 0, 10, 1000, 0, 10, 1000, 0, 10, 1000, 0, 10, 1000, 0, 10, 1000, 1, 12, 500, 1, 12, 500, 1, 12, 500, 1, 12, 500, 0, 10, 1000, 0, 10, 1000, 1, 12, 500, 1, 12, 500, 0, 10, 1000, 1, 12, 500, 1, 12, 500, 1, 12, 500, 1, 12, 500, 0, 10, 1000, 1, 12, 500, 0, 10, 1000, 1, 12, 500, 1, 12, 500, 1, 12, 500, 1, 12, 500, 0, 10, 1000, 0, 10, 1000,  0 , 0, 0, 0 , 0, 0, 0 , 0, 0, 0 , 0, 0,2,2,2,2,2,2,3,3,3,3,3,3,4,4,4,4,4,4,5,5,5,5,5,5,6,6,6,6,6,6,7,7,7,7,7,7,8,8,8,8,8,8,2,2,2,2,2,2,3,3,3,3,3,3,4,4,4,4,4,4,5,5,5,5,5,5,6,6,6,6,6,6,7,7,7,7,7,7,8,8,8,8,8,8,2,2,2,2,2,2,3,3,3,3,3,3,4,4,4,4,4,4,5,5,5,5,5,5,6,6,6,6,6,6,7,7,7,7,7,7,8,8,8,8,8,8,0,0,0,0,
4, 0, 0, 5, 0, 0, 4, 0, 0, 4, 0, 0, 5, 0, 0, 4, 0, 0, 5, 0, 0, 4, 0, 0, 5, 0, 0, 5, 0, 0, 4, 0, 0, 4, 0, 0, 5, 0, 0, 4, 0, 0, 5, 0, 0, 4, 0, 0, 4, 0, 0, 4, 0, 0, 4, 0, 0, 4, 0, 0, 5, 0, 0, 5, 0, 0, 5, 0, 0, 5, 0, 0, 4, 0, 0, 4, 0, 0, 5, 0, 0, 5, 0, 0, 4, 0, 0, 5, 0, 0, 5, 0, 0, 5, 0, 0, 5, 0, 0, 4, 0, 0, 5, 0, 0, 4, 0, 0, 5, 0, 0, 5, 0, 0, 5, 0, 0, 5, 0, 0, 4, 0, 0, 4, 0, 0, 2, 120, 1500, 3, 130, 2000, 2, 120, 1500, 2, 120, 1500, 3, 130, 2000, 2, 120, 1500, 3, 130, 2000, 2, 120, 1500, 3, 130, 2000, 3, 130, 2000, 2, 120, 1500, 2, 120, 1500, 3, 130, 2000, 2, 120, 1500, 3, 130, 2000, 2, 120, 1500, 2, 120, 1500, 2, 120, 1500, 2, 120, 1500, 2, 120, 1500, 3, 130, 2000, 3, 130, 2000, 3, 130, 2000, 3, 130, 2000, 2, 120, 1500, 2, 120, 1500, 3, 130, 2000, 3, 130, 2000, 2, 120, 1500, 3, 130, 2000, 3, 130, 2000, 3, 130, 2000, 3, 130, 2000, 2, 120, 1500, 3, 130, 2000, 2, 120, 1500, 3, 130, 2000, 3, 130, 2000, 3, 130, 2000, 3, 130, 2000, 2, 120, 1500, 2, 120, 1500, 0, 10, 1000, 1, 12, 500, 0, 10, 1000, 0, 10, 1000, 1, 12, 500, 0, 10, 1000, 1, 12, 500, 0, 10, 1000, 1, 12, 500, 1, 12, 500, 0, 10, 1000, 0, 10, 1000, 1, 12, 500, 0, 10, 1000, 1, 12, 500, 0, 10, 1000, 0, 10, 1000, 0, 10, 1000, 0, 10, 1000, 0, 10, 1000, 1, 12, 500, 1, 12, 500, 1, 12, 500, 1, 12, 500, 0, 10, 1000, 0, 10, 1000, 1, 12, 500, 1, 12, 500, 0, 10, 1000, 1, 12, 500, 1, 12, 500, 1, 12, 500, 1, 12, 500, 0, 10, 1000, 1, 12, 500, 0, 10, 1000, 1, 12, 500, 1, 12, 500, 1, 12, 500, 1, 12, 500, 0, 10, 1000, 0, 10, 1000,  0 , 0, 0, 0 , 0, 0, 0 , 0, 0, 0 , 0, 0,2,2,2,2,2,2,3,3,3,3,3,3,4,4,4,4,4,4,5,5,5,5,5,5,6,6,6,6,6,6,7,7,7,7,7,7,8,8,8,8,8,8,2,2,2,2,2,2,3,3,3,3,3,3,4,4,4,4,4,4,5,5,5,5,5,5,6,6,6,6,6,6,7,7,7,7,7,7,8,8,8,8,8,8,2,2,2,2,2,2,3,3,3,3,3,3,4,4,4,4,4,4,5,5,5,5,5,5,6,6,6,6,6,6,7,7,7,7,7,7,8,8,8,8,8,8,0,0,0,0,
4, 0, 0, 5, 0, 0, 4, 0, 0, 4, 0, 0, 5, 0, 0, 4, 0, 0, 5, 0, 0, 4, 0, 0, 5, 0, 0, 5, 0, 0, 4, 0, 0, 4, 0, 0, 5, 0, 0, 4, 0, 0, 5, 0, 0, 4, 0, 0, 4, 0, 0, 4, 0, 0, 4, 0, 0, 4, 0, 0, 5, 0, 0, 5, 0, 0, 5, 0, 0, 5, 0, 0, 4, 0, 0, 4, 0, 0, 5, 0, 0, 5, 0, 0, 4, 0, 0, 5, 0, 0, 5, 0, 0, 5, 0, 0, 5, 0, 0, 4, 0, 0, 5, 0, 0, 4, 0, 0, 5, 0, 0, 5, 0, 0, 5, 0, 0, 5, 0, 0, 4, 0, 0, 4, 0, 0, 2, 120, 1500, 3, 130, 2000, 2, 120, 1500, 2, 120, 1500, 3, 130, 2000, 2, 120, 1500, 3, 130, 2000, 2, 120, 1500, 3, 130, 2000, 3, 130, 2000, 2, 120, 1500, 2, 120, 1500, 3, 130, 2000, 2, 120, 1500, 3, 130, 2000, 2, 120, 1500, 2, 120, 1500, 2, 120, 1500, 2, 120, 1500, 2, 120, 1500, 3, 130, 2000, 3, 130, 2000, 3, 130, 2000, 3, 130, 2000, 2, 120, 1500, 2, 120, 1500, 3, 130, 2000, 3, 130, 2000, 2, 120, 1500, 3, 130, 2000, 3, 130, 2000, 3, 130, 2000, 3, 130, 2000, 2, 120, 1500, 3, 130, 2000, 2, 120, 1500, 3, 130, 2000, 3, 130, 2000, 3, 130, 2000, 3, 130, 2000, 2, 120, 1500, 2, 120, 1500, 0, 10, 1000, 1, 12, 500, 0, 10, 1000, 0, 10, 1000, 1, 12, 500, 0, 10, 1000, 1, 12, 500, 0, 10, 1000, 1, 12, 500, 1, 12, 500, 0, 10, 1000, 0, 10, 1000, 1, 12, 500, 0, 10, 1000, 1, 12, 500, 0, 10, 1000, 0, 10, 1000, 0, 10, 1000, 0, 10, 1000, 0, 10, 1000, 1, 12, 500, 1, 12, 500, 1, 12, 500, 1, 12, 500, 0, 10, 1000, 0, 10, 1000, 1, 12, 500, 1, 12, 500, 0, 10, 1000, 1, 12, 500, 1, 12, 500, 1, 12, 500, 1, 12, 500, 0, 10, 1000, 1, 12, 500, 0, 10, 1000, 1, 12, 500, 1, 12, 500, 1, 12, 500, 1, 12, 500, 0, 10, 1000, 0, 10, 1000,  0 , 0, 0, 0 , 0, 0, 0 , 0, 0, 0 , 0, 0,2,2,2,2,2,2,3,3,3,3,3,3,4,4,4,4,4,4,5,5,5,5,5,5,6,6,6,6,6,6,7,7,7,7,7,7,8,8,8,8,8,8,2,2,2,2,2,2,3,3,3,3,3,3,4,4,4,4,4,4,5,5,5,5,5,5,6,6,6,6,6,6,7,7,7,7,7,7,8,8,8,8,8,8,2,2,2,2,2,2,3,3,3,3,3,3,4,4,4,4,4,4,5,5,5,5,5,5,6,6,6,6,6,6,7,7,7,7,7,7,8,8,8,8,8,8,0,0,0,0,
4, 0, 0, 5, 0, 0, 4, 0, 0, 4, 0, 0, 5, 0, 0, 4, 0, 0, 5, 0, 0, 4, 0, 0, 5, 0, 0, 5, 0, 0, 4, 0, 0, 4, 0, 0, 5, 0, 0, 4, 0, 0, 5, 0, 0, 4, 0, 0, 4, 0, 0, 4, 0, 0, 4, 0, 0, 4, 0, 0, 5, 0, 0, 5, 0, 0, 5, 0, 0, 5, 0, 0, 4, 0, 0, 4, 0, 0, 5, 0, 0, 5, 0, 0, 4, 0, 0, 5, 0, 0, 5, 0, 0, 5, 0, 0, 5, 0, 0, 4, 0, 0, 5, 0, 0, 4, 0, 0, 5, 0, 0, 5, 0, 0, 5, 0, 0, 5, 0, 0, 4, 0, 0, 4, 0, 0, 2, 120, 1500, 3, 130, 2000, 2, 120, 1500, 2, 120, 1500, 3, 130, 2000, 2, 120, 1500, 3, 130, 2000, 2, 120, 1500, 3, 130, 2000, 3, 130, 2000, 2, 120, 1500, 2, 120, 1500, 3, 130, 2000, 2, 120, 1500, 3, 130, 2000, 2, 120, 1500, 2, 120, 1500, 2, 120, 1500, 2, 120, 1500, 2, 120, 1500, 3, 130, 2000, 3, 130, 2000, 3, 130, 2000, 3, 130, 2000, 2, 120, 1500, 2, 120, 1500, 3, 130, 2000, 3, 130, 2000, 2, 120, 1500, 3, 130, 2000, 3, 130, 2000, 3, 130, 2000, 3, 130, 2000, 2, 120, 1500, 3, 130, 2000, 2, 120, 1500, 3, 130, 2000, 3, 130, 2000, 3, 130, 2000, 3, 130, 2000, 2, 120, 1500, 2, 120, 1500, 0, 10, 1000, 1, 12, 500, 0, 10, 1000, 0, 10, 1000, 1, 12, 500, 0, 10, 1000, 1, 12, 500, 0, 10, 1000, 1, 12, 500, 1, 12, 500, 0, 10, 1000, 0, 10, 1000, 1, 12, 500, 0, 10, 1000, 1, 12, 500, 0, 10, 1000, 0, 10, 1000, 0, 10, 1000, 0, 10, 1000, 0, 10, 1000, 1, 12, 500, 1, 12, 500, 1, 12, 500, 1, 12, 500, 0, 10, 1000, 0, 10, 1000, 1, 12, 500, 1, 12, 500, 0, 10, 1000, 1, 12, 500, 1, 12, 500, 1, 12, 500, 1, 12, 500, 0, 10, 1000, 1, 12, 500, 0, 10, 1000, 1, 12, 500, 1, 12, 500, 1, 12, 500, 1, 12, 500, 0, 10, 1000, 0, 10, 1000,  0 , 0, 0, 0 , 0, 0, 0 , 0, 0, 0 , 0, 0,2,2,2,2,2,2,3,3,3,3,3,3,4,4,4,4,4,4,5,5,5,5,5,5,6,6,6,6,6,6,7,7,7,7,7,7,8,8,8,8,8,8,2,2,2,2,2,2,3,3,3,3,3,3,4,4,4,4,4,4,5,5,5,5,5,5,6,6,6,6,6,6,7,7,7,7,7,7,8,8,8,8,8,8,2,2,2,2,2,2,3,3,3,3,3,3,4,4,4,4,4,4,5,5,5,5,5,5,6,6,6,6,6,6,7,7,7,7,7,7,8,8,8,8,8,8,0,0,0,0,
4, 0, 0, 5, 0, 0, 4, 0, 0, 4, 0, 0, 5, 0, 0, 4, 0, 0, 5, 0, 0, 4, 0, 0, 5, 0, 0, 5, 0, 0, 4, 0, 0, 4, 0, 0, 5, 0, 0, 4, 0, 0, 5, 0, 0, 4, 0, 0, 4, 0, 0, 4, 0, 0, 4, 0, 0, 4, 0, 0, 5, 0, 0, 5, 0, 0, 5, 0, 0, 5, 0, 0, 4, 0, 0, 4, 0, 0, 5, 0, 0, 5, 0, 0, 4, 0, 0, 5, 0, 0, 5, 0, 0, 5, 0, 0, 5, 0, 0, 4, 0, 0, 5, 0, 0, 4, 0, 0, 5, 0, 0, 5, 0, 0, 5, 0, 0, 5, 0, 0, 4, 0, 0, 4, 0, 0, 2, 120, 1500, 3, 130, 2000, 2, 120, 1500, 2, 120, 1500, 3, 130, 2000, 2, 120, 1500, 3, 130, 2000, 2, 120, 1500, 3, 130, 2000, 3, 130, 2000, 2, 120, 1500, 2, 120, 1500, 3, 130, 2000, 2, 120, 1500, 3, 130, 2000, 2, 120, 1500, 2, 120, 1500, 2, 120, 1500, 2, 120, 1500, 2, 120, 1500, 3, 130, 2000, 3, 130, 2000, 3, 130, 2000, 3, 130, 2000, 2, 120, 1500, 2, 120, 1500, 3, 130, 2000, 3, 130, 2000, 2, 120, 1500, 3, 130, 2000, 3, 130, 2000, 3, 130, 2000, 3, 130, 2000, 2, 120, 1500, 3, 130, 2000, 2, 120, 1500, 3, 130, 2000, 3, 130, 2000, 3, 130, 2000, 3, 130, 2000, 2, 120, 1500, 2, 120, 1500, 0, 10, 1000, 1, 12, 500, 0, 10, 1000, 0, 10, 1000, 1, 12, 500, 0, 10, 1000, 1, 12, 500, 0, 10, 1000, 1, 12, 500, 1, 12, 500, 0, 10, 1000, 0, 10, 1000, 1, 12, 500, 0, 10, 1000, 1, 12, 500, 0, 10, 1000, 0, 10, 1000, 0, 10, 1000, 0, 10, 1000, 0, 10, 1000, 1, 12, 500, 1, 12, 500, 1, 12, 500, 1, 12, 500, 0, 10, 1000, 0, 10, 1000, 1, 12, 500, 1, 12, 500, 0, 10, 1000, 1, 12, 500, 1, 12, 500, 1, 12, 500, 1, 12, 500, 0, 10, 1000, 1, 12, 500, 0, 10, 1000, 1, 12, 500, 1, 12, 500, 1, 12, 500, 1, 12, 500, 0, 10, 1000, 0, 10, 1000,  0 , 0, 0, 0 , 0, 0, 0 , 0, 0, 0 , 0, 0,2,2,2,2,2,2,3,3,3,3,3,3,4,4,4,4,4,4,5,5,5,5,5,5,6,6,6,6,6,6,7,7,7,7,7,7,8,8,8,8,8,8,2,2,2,2,2,2,3,3,3,3,3,3,4,4,4,4,4,4,5,5,5,5,5,5,6,6,6,6,6,6,7,7,7,7,7,7,8,8,8,8,8,8,2,2,2,2,2,2,3,3,3,3,3,3,4,4,4,4,4,4,5,5,5,5,5,5,6,6,6,6,6,6,7,7,7,7,7,7,8,8,8,8,8,8,0,0,0,0,
4, 0, 0, 5, 0, 0, 4, 0, 0, 4, 0, 0, 5, 0, 0, 4, 0, 0, 5, 0, 0, 4, 0, 0, 5, 0, 0, 5, 0, 0, 4, 0, 0, 4, 0, 0, 5, 0, 0, 4, 0, 0, 5, 0, 0, 4, 0, 0, 4, 0, 0, 4, 0, 0, 4, 0, 0, 4, 0, 0, 5, 0, 0, 5, 0, 0, 5, 0, 0, 5, 0, 0, 4, 0, 0, 4, 0, 0, 5, 0, 0, 5, 0, 0, 4, 0, 0, 5, 0, 0, 5, 0, 0, 5, 0, 0, 5, 0, 0, 4, 0, 0, 5, 0, 0, 4, 0, 0, 5, 0, 0, 5, 0, 0, 5, 0, 0, 5, 0, 0, 4, 0, 0, 4, 0, 0, 2, 120, 1500, 3, 130, 2000, 2, 120, 1500, 2, 120, 1500, 3, 130, 2000, 2, 120, 1500, 3, 130, 2000, 2, 120, 1500, 3, 130, 2000, 3, 130, 2000, 2, 120, 1500, 2, 120, 1500, 3, 130, 2000, 2, 120, 1500, 3, 130, 2000, 2, 120, 1500, 2, 120, 1500, 2, 120, 1500, 2, 120, 1500, 2, 120, 1500, 3, 130, 2000, 3, 130, 2000, 3, 130, 2000, 3, 130, 2000, 2, 120, 1500, 2, 120, 1500, 3, 130, 2000, 3, 130, 2000, 2, 120, 1500, 3, 130, 2000, 3, 130, 2000, 3, 130, 2000, 3, 130, 2000, 2, 120, 1500, 3, 130, 2000, 2, 120, 1500, 3, 130, 2000, 3, 130, 2000, 3, 130, 2000, 3, 130, 2000, 2, 120, 1500, 2, 120, 1500, 0, 10, 1000, 1, 12, 500, 0, 10, 1000, 0, 10, 1000, 1, 12, 500, 0, 10, 1000, 1, 12, 500, 0, 10, 1000, 1, 12, 500, 1, 12, 500, 0, 10, 1000, 0, 10, 1000, 1, 12, 500, 0, 10, 1000, 1, 12, 500, 0, 10, 1000, 0, 10, 1000, 0, 10, 1000, 0, 10, 1000, 0, 10, 1000, 1, 12, 500, 1, 12, 500, 1, 12, 500, 1, 12, 500, 0, 10, 1000, 0, 10, 1000, 1, 12, 500, 1, 12, 500, 0, 10, 1000, 1, 12, 500, 1, 12, 500, 1, 12, 500, 1, 12, 500, 0, 10, 1000, 1, 12, 500, 0, 10, 1000, 1, 12, 500, 1, 12, 500, 1, 12, 500, 1, 12, 500, 0, 10, 1000, 0, 10, 1000,  0 , 0, 0, 0 , 0, 0, 0 , 0, 0, 0 , 0, 0,2,2,2,2,2,2,3,3,3,3,3,3,4,4,4,4,4,4,5,5,5,5,5,5,6,6,6,6,6,6,7,7,7,7,7,7,8,8,8,8,8,8,2,2,2,2,2,2,3,3,3,3,3,3,4,4,4,4,4,4,5,5,5,5,5,5,6,6,6,6,6,6,7,7,7,7,7,7,8,8,8,8,8,8,2,2,2,2,2,2,3,3,3,3,3,3,4,4,4,4,4,4,5,5,5,5,5,5,6,6,6,6,6,6,7,7,7,7,7,7,8,8,8,8,8,8,0,0,0,0,
4, 0, 0, 5, 0, 0, 4, 0, 0, 4, 0, 0, 5, 0, 0, 4, 0, 0, 5, 0, 0, 4, 0, 0, 5, 0, 0, 5, 0, 0, 4, 0, 0, 4, 0, 0, 5, 0, 0, 4, 0, 0, 5, 0, 0, 4, 0, 0, 4, 0, 0, 4, 0, 0, 4, 0, 0, 4, 0, 0, 5, 0, 0, 5, 0, 0, 5, 0, 0, 5, 0, 0, 4, 0, 0, 4, 0, 0, 5, 0, 0, 5, 0, 0, 4, 0, 0, 5, 0, 0, 5, 0, 0, 5, 0, 0, 5, 0, 0, 4, 0, 0, 5, 0, 0, 4, 0, 0, 5, 0, 0, 5, 0, 0, 5, 0, 0, 5, 0, 0, 4, 0, 0, 4, 0, 0, 2, 120, 1500, 3, 130, 2000, 2, 120, 1500, 2, 120, 1500, 3, 130, 2000, 2, 120, 1500, 3, 130, 2000, 2, 120, 1500, 3, 130, 2000, 3, 130, 2000, 2, 120, 1500, 2, 120, 1500, 3, 130, 2000, 2, 120, 1500, 3, 130, 2000, 2, 120, 1500, 2, 120, 1500, 2, 120, 1500, 2, 120, 1500, 2, 120, 1500, 3, 130, 2000, 3, 130, 2000, 3, 130, 2000, 3, 130, 2000, 2, 120, 1500, 2, 120, 1500, 3, 130, 2000, 3, 130, 2000, 2, 120, 1500, 3, 130, 2000, 3, 130, 2000, 3, 130, 2000, 3, 130, 2000, 2, 120, 1500, 3, 130, 2000, 2, 120, 1500, 3, 130, 2000, 3, 130, 2000, 3, 130, 2000, 3, 130, 2000, 2, 120, 1500, 2, 120, 1500, 0, 10, 1000, 1, 12, 500, 0, 10, 1000, 0, 10, 1000, 1, 12, 500, 0, 10, 1000, 1, 12, 500, 0, 10, 1000, 1, 12, 500, 1, 12, 500, 0, 10, 1000, 0, 10, 1000, 1, 12, 500, 0, 10, 1000, 1, 12, 500, 0, 10, 1000, 0, 10, 1000, 0, 10, 1000, 0, 10, 1000, 0, 10, 1000, 1, 12, 500, 1, 12, 500, 1, 12, 500, 1, 12, 500, 0, 10, 1000, 0, 10, 1000, 1, 12, 500, 1, 12, 500, 0, 10, 1000, 1, 12, 500, 1, 12, 500, 1, 12, 500, 1, 12, 500, 0, 10, 1000, 1, 12, 500, 0, 10, 1000, 1, 12, 500, 1, 12, 500, 1, 12, 500, 1, 12, 500, 0, 10, 1000, 0, 10, 1000,  0 , 0, 0, 0 , 0, 0, 0 , 0, 0, 0 , 0, 0,2,2,2,2,2,2,3,3,3,3,3,3,4,4,4,4,4,4,5,5,5,5,5,5,6,6,6,6,6,6,7,7,7,7,7,7,8,8,8,8,8,8,2,2,2,2,2,2,3,3,3,3,3,3,4,4,4,4,4,4,5,5,5,5,5,5,6,6,6,6,6,6,7,7,7,7,7,7,8,8,8,8,8,8,2,2,2,2,2,2,3,3,3,3,3,3,4,4,4,4,4,4,5,5,5,5,5,5,6,6,6,6,6,6,7,7,7,7,7,7,8,8,8,8,8,8,0,0,0,0,
4, 0, 0, 5, 0, 0, 4, 0, 0, 4, 0, 0, 5, 0, 0, 4, 0, 0, 5, 0, 0, 4, 0, 0, 5, 0, 0, 5, 0, 0, 4, 0, 0, 4, 0, 0, 5, 0, 0, 4, 0, 0, 5, 0, 0, 4, 0, 0, 4, 0, 0, 4, 0, 0, 4, 0, 0, 4, 0, 0, 5, 0, 0, 5, 0, 0, 5, 0, 0, 5, 0, 0, 4, 0, 0, 4, 0, 0, 5, 0, 0, 5, 0, 0, 4, 0, 0, 5, 0, 0, 5, 0, 0, 5, 0, 0, 5, 0, 0, 4, 0, 0, 5, 0, 0, 4, 0, 0, 5, 0, 0, 5, 0, 0, 5, 0, 0, 5, 0, 0, 4, 0, 0, 4, 0, 0, 2, 120, 1500, 3, 130, 2000, 2, 120, 1500, 2, 120, 1500, 3, 130, 2000, 2, 120, 1500, 3, 130, 2000, 2, 120, 1500, 3, 130, 2000, 3, 130, 2000, 2, 120, 1500, 2, 120, 1500, 3, 130, 2000, 2, 120, 1500, 3, 130, 2000, 2, 120, 1500, 2, 120, 1500, 2, 120, 1500, 2, 120, 1500, 2, 120, 1500, 3, 130, 2000, 3, 130, 2000, 3, 130, 2000, 3, 130, 2000, 2, 120, 1500, 2, 120, 1500, 3, 130, 2000, 3, 130, 2000, 2, 120, 1500, 3, 130, 2000, 3, 130, 2000, 3, 130, 2000, 3, 130, 2000, 2, 120, 1500, 3, 130, 2000, 2, 120, 1500, 3, 130, 2000, 3, 130, 2000, 3, 130, 2000, 3, 130, 2000, 2, 120, 1500, 2, 120, 1500, 0, 10, 1000, 1, 12, 500, 0, 10, 1000, 0, 10, 1000, 1, 12, 500, 0, 10, 1000, 1, 12, 500, 0, 10, 1000, 1, 12, 500, 1, 12, 500, 0, 10, 1000, 0, 10, 1000, 1, 12, 500, 0, 10, 1000, 1, 12, 500, 0, 10, 1000, 0, 10, 1000, 0, 10, 1000, 0, 10, 1000, 0, 10, 1000, 1, 12, 500, 1, 12, 500, 1, 12, 500, 1, 12, 500, 0, 10, 1000, 0, 10, 1000, 1, 12, 500, 1, 12, 500, 0, 10, 1000, 1, 12, 500, 1, 12, 500, 1, 12, 500, 1, 12, 500, 0, 10, 1000, 1, 12, 500, 0, 10, 1000, 1, 12, 500, 1, 12, 500, 1, 12, 500, 1, 12, 500, 0, 10, 1000, 0, 10, 1000,  0 , 0, 0, 0 , 0, 0, 0 , 0, 0, 0 , 0, 0,2,2,2,2,2,2,3,3,3,3,3,3,4,4,4,4,4,4,5,5,5,5,5,5,6,6,6,6,6,6,7,7,7,7,7,7,8,8,8,8,8,8,2,2,2,2,2,2,3,3,3,3,3,3,4,4,4,4,4,4,5,5,5,5,5,5,6,6,6,6,6,6,7,7,7,7,7,7,8,8,8,8,8,8,2,2,2,2,2,2,3,3,3,3,3,3,4,4,4,4,4,4,5,5,5,5,5,5,6,6,6,6,6,6,7,7,7,7,7,7,8,8,8,8,8,8,0,0,0,0,
4, 0, 0, 5, 0, 0, 4, 0, 0, 4, 0, 0, 5, 0, 0, 4, 0, 0, 5, 0, 0, 4, 0, 0, 5, 0, 0, 5, 0, 0, 4, 0, 0, 4, 0, 0, 5, 0, 0, 4, 0, 0, 5, 0, 0, 4, 0, 0, 4, 0, 0, 4, 0, 0, 4, 0, 0, 4, 0, 0, 5, 0, 0, 5, 0, 0, 5, 0, 0, 5, 0, 0, 4, 0, 0, 4, 0, 0, 5, 0, 0, 5, 0, 0, 4, 0, 0, 5, 0, 0, 5, 0, 0, 5, 0, 0, 5, 0, 0, 4, 0, 0, 5, 0, 0, 4, 0, 0, 5, 0, 0, 5, 0, 0, 5, 0, 0, 5, 0, 0, 4, 0, 0, 4, 0, 0, 2, 120, 1500, 3, 130, 2000, 2, 120, 1500, 2, 120, 1500, 3, 130, 2000, 2, 120, 1500, 3, 130, 2000, 2, 120, 1500, 3, 130, 2000, 3, 130, 2000, 2, 120, 1500, 2, 120, 1500, 3, 130, 2000, 2, 120, 1500, 3, 130, 2000, 2, 120, 1500, 2, 120, 1500, 2, 120, 1500, 2, 120, 1500, 2, 120, 1500, 3, 130, 2000, 3, 130, 2000, 3, 130, 2000, 3, 130, 2000, 2, 120, 1500, 2, 120, 1500, 3, 130, 2000, 3, 130, 2000, 2, 120, 1500, 3, 130, 2000, 3, 130, 2000, 3, 130, 2000, 3, 130, 2000, 2, 120, 1500, 3, 130, 2000, 2, 120, 1500, 3, 130, 2000, 3, 130, 2000, 3, 130, 2000, 3, 130, 2000, 2, 120, 1500, 2, 120, 1500, 0, 10, 1000, 1, 12, 500, 0, 10, 1000, 0, 10, 1000, 1, 12, 500, 0, 10, 1000, 1, 12, 500, 0, 10, 1000, 1, 12, 500, 1, 12, 500, 0, 10, 1000, 0, 10, 1000, 1, 12, 500, 0, 10, 1000, 1, 12, 500, 0, 10, 1000, 0, 10, 1000, 0, 10, 1000, 0, 10, 1000, 0, 10, 1000, 1, 12, 500, 1, 12, 500, 1, 12, 500, 1, 12, 500, 0, 10, 1000, 0, 10, 1000, 1, 12, 500, 1, 12, 500, 0, 10, 1000, 1, 12, 500, 1, 12, 500, 1, 12, 500, 1, 12, 500, 0, 10, 1000, 1, 12, 500, 0, 10, 1000, 1, 12, 500, 1, 12, 500, 1, 12, 500, 1, 12, 500, 0, 10, 1000, 0, 10, 1000,  0 , 0, 0, 0 , 0, 0, 0 , 0, 0, 0 , 0, 0,2,2,2,2,2,2,3,3,3,3,3,3,4,4,4,4,4,4,5,5,5,5,5,5,6,6,6,6,6,6,7,7,7,7,7,7,8,8,8,8,8,8,2,2,2,2,2,2,3,3,3,3,3,3,4,4,4,4,4,4,5,5,5,5,5,5,6,6,6,6,6,6,7,7,7,7,7,7,8,8,8,8,8,8,2,2,2,2,2,2,3,3,3,3,3,3,4,4,4,4,4,4,5,5,5,5,5,5,6,6,6,6,6,6,7,7,7,7,7,7,8,8,8,8,8,8,0,0,0,0,
4, 0, 0, 5, 0, 0, 4, 0, 0, 4, 0, 0, 5, 0, 0, 4, 0, 0, 5, 0, 0, 4, 0, 0, 5, 0, 0, 5, 0, 0, 4, 0, 0, 4, 0, 0, 5, 0, 0, 4, 0, 0, 5, 0, 0, 4, 0, 0, 4, 0, 0, 4, 0, 0, 4, 0, 0, 4, 0, 0, 5, 0, 0, 5, 0, 0, 5, 0, 0, 5, 0, 0, 4, 0, 0, 4, 0, 0, 5, 0, 0, 5, 0, 0, 4, 0, 0, 5, 0, 0, 5, 0, 0, 5, 0, 0, 5, 0, 0, 4, 0, 0, 5, 0, 0, 4, 0, 0, 5, 0, 0, 5, 0, 0, 5, 0, 0, 5, 0, 0, 4, 0, 0, 4, 0, 0, 2, 120, 1500, 3, 130, 2000, 2, 120, 1500, 2, 120, 1500, 3, 130, 2000, 2, 120, 1500, 3, 130, 2000, 2, 120, 1500, 3, 130, 2000, 3, 130, 2000, 2, 120, 1500, 2, 120, 1500, 3, 130, 2000, 2, 120, 1500, 3, 130, 2000, 2, 120, 1500, 2, 120, 1500, 2, 120, 1500, 2, 120, 1500, 2, 120, 1500, 3, 130, 2000, 3, 130, 2000, 3, 130, 2000, 3, 130, 2000, 2, 120, 1500, 2, 120, 1500, 3, 130, 2000, 3, 130, 2000, 2, 120, 1500, 3, 130, 2000, 3, 130, 2000, 3, 130, 2000, 3, 130, 2000, 2, 120, 1500, 3, 130, 2000, 2, 120, 1500, 3, 130, 2000, 3, 130, 2000, 3, 130, 2000, 3, 130, 2000, 2, 120, 1500, 2, 120, 1500, 0, 10, 1000, 1, 12, 500, 0, 10, 1000, 0, 10, 1000, 1, 12, 500, 0, 10, 1000, 1, 12, 500, 0, 10, 1000, 1, 12, 500, 1, 12, 500, 0, 10, 1000, 0, 10, 1000, 1, 12, 500, 0, 10, 1000, 1, 12, 500, 0, 10, 1000, 0, 10, 1000, 0, 10, 1000, 0, 10, 1000, 0, 10, 1000, 1, 12, 500, 1, 12, 500, 1, 12, 500, 1, 12, 500, 0, 10, 1000, 0, 10, 1000, 1, 12, 500, 1, 12, 500, 0, 10, 1000, 1, 12, 500, 1, 12, 500, 1, 12, 500, 1, 12, 500, 0, 10, 1000, 1, 12, 500, 0, 10, 1000, 1, 12, 500, 1, 12, 500, 1, 12, 500, 1, 12, 500, 0, 10, 1000, 0, 10, 1000,  0 , 0, 0, 0 , 0, 0, 0 , 0, 0, 0 , 0, 0,2,2,2,2,2,2,3,3,3,3,3,3,4,4,4,4,4,4,5,5,5,5,5,5,6,6,6,6,6,6,7,7,7,7,7,7,8,8,8,8,8,8,2,2,2,2,2,2,3,3,3,3,3,3,4,4,4,4,4,4,5,5,5,5,5,5,6,6,6,6,6,6,7,7,7,7,7,7,8,8,8,8,8,8,2,2,2,2,2,2,3,3,3,3,3,3,4,4,4,4,4,4,5,5,5,5,5,5,6,6,6,6,6,6,7,7,7,7,7,7,8,8,8,8,8,8,0,0,0,0,
4, 0, 0, 5, 0, 0, 4, 0, 0, 4, 0, 0, 5, 0, 0, 4, 0, 0, 5, 0, 0, 4, 0, 0, 5, 0, 0, 5, 0, 0, 4, 0, 0, 4, 0, 0, 5, 0, 0, 4, 0, 0, 5, 0, 0, 4, 0, 0, 4, 0, 0, 4, 0, 0, 4, 0, 0, 4, 0, 0, 5, 0, 0, 5, 0, 0, 5, 0, 0, 5, 0, 0, 4, 0, 0, 4, 0, 0, 5, 0, 0, 5, 0, 0, 4, 0, 0, 5, 0, 0, 5, 0, 0, 5, 0, 0, 5, 0, 0, 4, 0, 0, 5, 0, 0, 4, 0, 0, 5, 0, 0, 5, 0, 0, 5, 0, 0, 5, 0, 0, 4, 0, 0, 4, 0, 0, 2, 120, 1500, 3, 130, 2000, 2, 120, 1500, 2, 120, 1500, 3, 130, 2000, 2, 120, 1500, 3, 130, 2000, 2, 120, 1500, 3, 130, 2000, 3, 130, 2000, 2, 120, 1500, 2, 120, 1500, 3, 130, 2000, 2, 120, 1500, 3, 130, 2000, 2, 120, 1500, 2, 120, 1500, 2, 120, 1500, 2, 120, 1500, 2, 120, 1500, 3, 130, 2000, 3, 130, 2000, 3, 130, 2000, 3, 130, 2000, 2, 120, 1500, 2, 120, 1500, 3, 130, 2000, 3, 130, 2000, 2, 120, 1500, 3, 130, 2000, 3, 130, 2000, 3, 130, 2000, 3, 130, 2000, 2, 120, 1500, 3, 130, 2000, 2, 120, 1500, 3, 130, 2000, 3, 130, 2000, 3, 130, 2000, 3, 130, 2000, 2, 120, 1500, 2, 120, 1500, 0, 10, 1000, 1, 12, 500, 0, 10, 1000, 0, 10, 1000, 1, 12, 500, 0, 10, 1000, 1, 12, 500, 0, 10, 1000, 1, 12, 500, 1, 12, 500, 0, 10, 1000, 0, 10, 1000, 1, 12, 500, 0, 10, 1000, 1, 12, 500, 0, 10, 1000, 0, 10, 1000, 0, 10, 1000, 0, 10, 1000, 0, 10, 1000, 1, 12, 500, 1, 12, 500, 1, 12, 500, 1, 12, 500, 0, 10, 1000, 0, 10, 1000, 1, 12, 500, 1, 12, 500, 0, 10, 1000, 1, 12, 500, 1, 12, 500, 1, 12, 500, 1, 12, 500, 0, 10, 1000, 1, 12, 500, 0, 10, 1000, 1, 12, 500, 1, 12, 500, 1, 12, 500, 1, 12, 500, 0, 10, 1000, 0, 10, 1000,  0 , 0, 0, 0 , 0, 0, 0 , 0, 0, 0 , 0, 0,2,2,2,2,2,2,3,3,3,3,3,3,4,4,4,4,4,4,5,5,5,5,5,5,6,6,6,6,6,6,7,7,7,7,7,7,8,8,8,8,8,8,2,2,2,2,2,2,3,3,3,3,3,3,4,4,4,4,4,4,5,5,5,5,5,5,6,6,6,6,6,6,7,7,7,7,7,7,8,8,8,8,8,8,2,2,2,2,2,2,3,3,3,3,3,3,4,4,4,4,4,4,5,5,5,5,5,5,6,6,6,6,6,6,7,7,7,7,7,7,8,8,8,8,8,8,0,0,0,0,
4, 0, 0, 5, 0, 0, 4, 0, 0, 4, 0, 0, 5, 0, 0, 4, 0, 0, 5, 0, 0, 4, 0, 0, 5, 0, 0, 5, 0, 0, 4, 0, 0, 4, 0, 0, 5, 0, 0, 4, 0, 0, 5, 0, 0, 4, 0, 0, 4, 0, 0, 4, 0, 0, 4, 0, 0, 4, 0, 0, 5, 0, 0, 5, 0, 0, 5, 0, 0, 5, 0, 0, 4, 0, 0, 4, 0, 0, 5, 0, 0, 5, 0, 0, 4, 0, 0, 5, 0, 0, 5, 0, 0, 5, 0, 0, 5, 0, 0, 4, 0, 0, 5, 0, 0, 4, 0, 0, 5, 0, 0, 5, 0, 0, 5, 0, 0, 5, 0, 0, 4, 0, 0, 4, 0, 0, 2, 120, 1500, 3, 130, 2000, 2, 120, 1500, 2, 120, 1500, 3, 130, 2000, 2, 120, 1500, 3, 130, 2000, 2, 120, 1500, 3, 130, 2000, 3, 130, 2000, 2, 120, 1500, 2, 120, 1500, 3, 130, 2000, 2, 120, 1500, 3, 130, 2000, 2, 120, 1500, 2, 120, 1500, 2, 120, 1500, 2, 120, 1500, 2, 120, 1500, 3, 130, 2000, 3, 130, 2000, 3, 130, 2000, 3, 130, 2000, 2, 120, 1500, 2, 120, 1500, 3, 130, 2000, 3, 130, 2000, 2, 120, 1500, 3, 130, 2000, 3, 130, 2000, 3, 130, 2000, 3, 130, 2000, 2, 120, 1500, 3, 130, 2000, 2, 120, 1500, 3, 130, 2000, 3, 130, 2000, 3, 130, 2000, 3, 130, 2000, 2, 120, 1500, 2, 120, 1500, 0, 10, 1000, 1, 12, 500, 0, 10, 1000, 0, 10, 1000, 1, 12, 500, 0, 10, 1000, 1, 12, 500, 0, 10, 1000, 1, 12, 500, 1, 12, 500, 0, 10, 1000, 0, 10, 1000, 1, 12, 500, 0, 10, 1000, 1, 12, 500, 0, 10, 1000, 0, 10, 1000, 0, 10, 1000, 0, 10, 1000, 0, 10, 1000, 1, 12, 500, 1, 12, 500, 1, 12, 500, 1, 12, 500, 0, 10, 1000, 0, 10, 1000, 1, 12, 500, 1, 12, 500, 0, 10, 1000, 1, 12, 500, 1, 12, 500, 1, 12, 500, 1, 12, 500, 0, 10, 1000, 1, 12, 500, 0, 10, 1000, 1, 12, 500, 1, 12, 500, 1, 12, 500, 1, 12, 500, 0, 10, 1000, 0, 10, 1000,  0 , 0, 0, 0 , 0, 0, 0 , 0, 0, 0 , 0, 0,2,2,2,2,2,2,3,3,3,3,3,3,4,4,4,4,4,4,5,5,5,5,5,5,6,6,6,6,6,6,7,7,7,7,7,7,8,8,8,8,8,8,2,2,2,2,2,2,3,3,3,3,3,3,4,4,4,4,4,4,5,5,5,5,5,5,6,6,6,6,6,6,7,7,7,7,7,7,8,8,8,8,8,8,2,2,2,2,2,2,3,3,3,3,3,3,4,4,4,4,4,4,5,5,5,5,5,5,6,6,6,6,6,6,7,7,7,7,7,7,8,8,8,8,8,8,0,0,0,0,
4, 0, 0, 5, 0, 0, 4, 0, 0, 4, 0, 0, 5, 0, 0, 4, 0, 0, 5, 0, 0, 4, 0, 0, 5, 0, 0, 5, 0, 0, 4, 0, 0, 4, 0, 0, 5, 0, 0, 4, 0, 0, 5, 0, 0, 4, 0, 0, 4, 0, 0, 4, 0, 0, 4, 0, 0, 4, 0, 0, 5, 0, 0, 5, 0, 0, 5, 0, 0, 5, 0, 0, 4, 0, 0, 4, 0, 0, 5, 0, 0, 5, 0, 0, 4, 0, 0, 5, 0, 0, 5, 0, 0, 5, 0, 0, 5, 0, 0, 4, 0, 0, 5, 0, 0, 4, 0, 0, 5, 0, 0, 5, 0, 0, 5, 0, 0, 5, 0, 0, 4, 0, 0, 4, 0, 0, 2, 120, 1500, 3, 130, 2000, 2, 120, 1500, 2, 120, 1500, 3, 130, 2000, 2, 120, 1500, 3, 130, 2000, 2, 120, 1500, 3, 130, 2000, 3, 130, 2000, 2, 120, 1500, 2, 120, 1500, 3, 130, 2000, 2, 120, 1500, 3, 130, 2000, 2, 120, 1500, 2, 120, 1500, 2, 120, 1500, 2, 120, 1500, 2, 120, 1500, 3, 130, 2000, 3, 130, 2000, 3, 130, 2000, 3, 130, 2000, 2, 120, 1500, 2, 120, 1500, 3, 130, 2000, 3, 130, 2000, 2, 120, 1500, 3, 130, 2000, 3, 130, 2000, 3, 130, 2000, 3, 130, 2000, 2, 120, 1500, 3, 130, 2000, 2, 120, 1500, 3, 130, 2000, 3, 130, 2000, 3, 130, 2000, 3, 130, 2000, 2, 120, 1500, 2, 120, 1500, 0, 10, 1000, 1, 12, 500, 0, 10, 1000, 0, 10, 1000, 1, 12, 500, 0, 10, 1000, 1, 12, 500, 0, 10, 1000, 1, 12, 500, 1, 12, 500, 0, 10, 1000, 0, 10, 1000, 1, 12, 500, 0, 10, 1000, 1, 12, 500, 0, 10, 1000, 0, 10, 1000, 0, 10, 1000, 0, 10, 1000, 0, 10, 1000, 1, 12, 500, 1, 12, 500, 1, 12, 500, 1, 12, 500, 0, 10, 1000, 0, 10, 1000, 1, 12, 500, 1, 12, 500, 0, 10, 1000, 1, 12, 500, 1, 12, 500, 1, 12, 500, 1, 12, 500, 0, 10, 1000, 1, 12, 500, 0, 10, 1000, 1, 12, 500, 1, 12, 500, 1, 12, 500, 1, 12, 500, 0, 10, 1000, 0, 10, 1000,  0 , 0, 0, 0 , 0, 0, 0 , 0, 0, 0 , 0, 0,2,2,2,2,2,2,3,3,3,3,3,3,4,4,4,4,4,4,5,5,5,5,5,5,6,6,6,6,6,6,7,7,7,7,7,7,8,8,8,8,8,8,2,2,2,2,2,2,3,3,3,3,3,3,4,4,4,4,4,4,5,5,5,5,5,5,6,6,6,6,6,6,7,7,7,7,7,7,8,8,8,8,8,8,2,2,2,2,2,2,3,3,3,3,3,3,4,4,4,4,4,4,5,5,5,5,5,5,6,6,6,6,6,6,7,7,7,7,7,7,8,8,8,8,8,8,0,0,0,0,
4, 0, 0, 5, 0, 0, 4, 0, 0, 4, 0, 0, 5, 0, 0, 4, 0, 0, 5, 0, 0, 4, 0, 0, 5, 0, 0, 5, 0, 0, 4, 0, 0, 4, 0, 0, 5, 0, 0, 4, 0, 0, 5, 0, 0, 4, 0, 0, 4, 0, 0, 4, 0, 0, 4, 0, 0, 4, 0, 0, 5, 0, 0, 5, 0, 0, 5, 0, 0, 5, 0, 0, 4, 0, 0, 4, 0, 0, 5, 0, 0, 5, 0, 0, 4, 0, 0, 5, 0, 0, 5, 0, 0, 5, 0, 0, 5, 0, 0, 4, 0, 0, 5, 0, 0, 4, 0, 0, 5, 0, 0, 5, 0, 0, 5, 0, 0, 5, 0, 0, 4, 0, 0, 4, 0, 0, 2, 120, 1500, 3, 130, 2000, 2, 120, 1500, 2, 120, 1500, 3, 130, 2000, 2, 120, 1500, 3, 130, 2000, 2, 120, 1500, 3, 130, 2000, 3, 130, 2000, 2, 120, 1500, 2, 120, 1500, 3, 130, 2000, 2, 120, 1500, 3, 130, 2000, 2, 120, 1500, 2, 120, 1500, 2, 120, 1500, 2, 120, 1500, 2, 120, 1500, 3, 130, 2000, 3, 130, 2000, 3, 130, 2000, 3, 130, 2000, 2, 120, 1500, 2, 120, 1500, 3, 130, 2000, 3, 130, 2000, 2, 120, 1500, 3, 130, 2000, 3, 130, 2000, 3, 130, 2000, 3, 130, 2000, 2, 120, 1500, 3, 130, 2000, 2, 120, 1500, 3, 130, 2000, 3, 130, 2000, 3, 130, 2000, 3, 130, 2000, 2, 120, 1500, 2, 120, 1500, 0, 10, 1000, 1, 12, 500, 0, 10, 1000, 0, 10, 1000, 1, 12, 500, 0, 10, 1000, 1, 12, 500, 0, 10, 1000, 1, 12, 500, 1, 12, 500, 0, 10, 1000, 0, 10, 1000, 1, 12, 500, 0, 10, 1000, 1, 12, 500, 0, 10, 1000, 0, 10, 1000, 0, 10, 1000, 0, 10, 1000, 0, 10, 1000, 1, 12, 500, 1, 12, 500, 1, 12, 500, 1, 12, 500, 0, 10, 1000, 0, 10, 1000, 1, 12, 500, 1, 12, 500, 0, 10, 1000, 1, 12, 500, 1, 12, 500, 1, 12, 500, 1, 12, 500, 0, 10, 1000, 1, 12, 500, 0, 10, 1000, 1, 12, 500, 1, 12, 500, 1, 12, 500, 1, 12, 500, 0, 10, 1000, 0, 10, 1000,  0 , 0, 0, 0 , 0, 0, 0 , 0, 0, 0 , 0, 0,2,2,2,2,2,2,3,3,3,3,3,3,4,4,4,4,4,4,5,5,5,5,5,5,6,6,6,6,6,6,7,7,7,7,7,7,8,8,8,8,8,8,2,2,2,2,2,2,3,3,3,3,3,3,4,4,4,4,4,4,5,5,5,5,5,5,6,6,6,6,6,6,7,7,7,7,7,7,8,8,8,8,8,8,2,2,2,2,2,2,3,3,3,3,3,3,4,4,4,4,4,4,5,5,5,5,5,5,6,6,6,6,6,6,7,7,7,7,7,7,8,8,8,8,8,8,0,0,0,0,
4, 0, 0, 5, 0, 0, 4, 0, 0, 4, 0, 0, 5, 0, 0, 4, 0, 0, 5, 0, 0, 4, 0, 0, 5, 0, 0, 5, 0, 0, 4, 0, 0, 4, 0, 0, 5, 0, 0, 4, 0, 0, 5, 0, 0, 4, 0, 0, 4, 0, 0, 4, 0, 0, 4, 0, 0, 4, 0, 0, 5, 0, 0, 5, 0, 0, 5, 0, 0, 5, 0, 0, 4, 0, 0, 4, 0, 0, 5, 0, 0, 5, 0, 0, 4, 0, 0, 5, 0, 0, 5, 0, 0, 5, 0, 0, 5, 0, 0, 4, 0, 0, 5, 0, 0, 4, 0, 0, 5, 0, 0, 5, 0, 0, 5, 0, 0, 5, 0, 0, 4, 0, 0, 4, 0, 0, 2, 120, 1500, 3, 130, 2000, 2, 120, 1500, 2, 120, 1500, 3, 130, 2000, 2, 120, 1500, 3, 130, 2000, 2, 120, 1500, 3, 130, 2000, 3, 130, 2000, 2, 120, 1500, 2, 120, 1500, 3, 130, 2000, 2, 120, 1500, 3, 130, 2000, 2, 120, 1500, 2, 120, 1500, 2, 120, 1500, 2, 120, 1500, 2, 120, 1500, 3, 130, 2000, 3, 130, 2000, 3, 130, 2000, 3, 130, 2000, 2, 120, 1500, 2, 120, 1500, 3, 130, 2000, 3, 130, 2000, 2, 120, 1500, 3, 130, 2000, 3, 130, 2000, 3, 130, 2000, 3, 130, 2000, 2, 120, 1500, 3, 130, 2000, 2, 120, 1500, 3, 130, 2000, 3, 130, 2000, 3, 130, 2000, 3, 130, 2000, 2, 120, 1500, 2, 120, 1500, 0, 10, 1000, 1, 12, 500, 0, 10, 1000, 0, 10, 1000, 1, 12, 500, 0, 10, 1000, 1, 12, 500, 0, 10, 1000, 1, 12, 500, 1, 12, 500, 0, 10, 1000, 0, 10, 1000, 1, 12, 500, 0, 10, 1000, 1, 12, 500, 0, 10, 1000, 0, 10, 1000, 0, 10, 1000, 0, 10, 1000, 0, 10, 1000, 1, 12, 500, 1, 12, 500, 1, 12, 500, 1, 12, 500, 0, 10, 1000, 0, 10, 1000, 1, 12, 500, 1, 12, 500, 0, 10, 1000, 1, 12, 500, 1, 12, 500, 1, 12, 500, 1, 12, 500, 0, 10, 1000, 1, 12, 500, 0, 10, 1000, 1, 12, 500, 1, 12, 500, 1, 12, 500, 1, 12, 500, 0, 10, 1000, 0, 10, 1000,  0 , 0, 0, 0 , 0, 0, 0 , 0, 0, 0 , 0, 0,2,2,2,2,2,2,3,3,3,3,3,3,4,4,4,4,4,4,5,5,5,5,5,5,6,6,6,6,6,6,7,7,7,7,7,7,8,8,8,8,8,8,2,2,2,2,2,2,3,3,3,3,3,3,4,4,4,4,4,4,5,5,5,5,5,5,6,6,6,6,6,6,7,7,7,7,7,7,8,8,8,8,8,8,2,2,2,2,2,2,3,3,3,3,3,3,4,4,4,4,4,4,5,5,5,5,5,5,6,6,6,6,6,6,7,7,7,7,7,7,8,8,8,8,8,8,0,0,0,0,
4, 0, 0, 5, 0, 0, 4, 0, 0, 4, 0, 0, 5, 0, 0, 4, 0, 0, 5, 0, 0, 4, 0, 0, 5, 0, 0, 5, 0, 0, 4, 0, 0, 4, 0, 0, 5, 0, 0, 4, 0, 0, 5, 0, 0, 4, 0, 0, 4, 0, 0, 4, 0, 0, 4, 0, 0, 4, 0, 0, 5, 0, 0, 5, 0, 0, 5, 0, 0, 5, 0, 0, 4, 0, 0, 4, 0, 0, 5, 0, 0, 5, 0, 0, 4, 0, 0, 5, 0, 0, 5, 0, 0, 5, 0, 0, 5, 0, 0, 4, 0, 0, 5, 0, 0, 4, 0, 0, 5, 0, 0, 5, 0, 0, 5, 0, 0, 5, 0, 0, 4, 0, 0, 4, 0, 0, 2, 120, 1500, 3, 130, 2000, 2, 120, 1500, 2, 120, 1500, 3, 130, 2000, 2, 120, 1500, 3, 130, 2000, 2, 120, 1500, 3, 130, 2000, 3, 130, 2000, 2, 120, 1500, 2, 120, 1500, 3, 130, 2000, 2, 120, 1500, 3, 130, 2000, 2, 120, 1500, 2, 120, 1500, 2, 120, 1500, 2, 120, 1500, 2, 120, 1500, 3, 130, 2000, 3, 130, 2000, 3, 130, 2000, 3, 130, 2000, 2, 120, 1500, 2, 120, 1500, 3, 130, 2000, 3, 130, 2000, 2, 120, 1500, 3, 130, 2000, 3, 130, 2000, 3, 130, 2000, 3, 130, 2000, 2, 120, 1500, 3, 130, 2000, 2, 120, 1500, 3, 130, 2000, 3, 130, 2000, 3, 130, 2000, 3, 130, 2000, 2, 120, 1500, 2, 120, 1500, 0, 10, 1000, 1, 12, 500, 0, 10, 1000, 0, 10, 1000, 1, 12, 500, 0, 10, 1000, 1, 12, 500, 0, 10, 1000, 1, 12, 500, 1, 12, 500, 0, 10, 1000, 0, 10, 1000, 1, 12, 500, 0, 10, 1000, 1, 12, 500, 0, 10, 1000, 0, 10, 1000, 0, 10, 1000, 0, 10, 1000, 0, 10, 1000, 1, 12, 500, 1, 12, 500, 1, 12, 500, 1, 12, 500, 0, 10, 1000, 0, 10, 1000, 1, 12, 500, 1, 12, 500, 0, 10, 1000, 1, 12, 500, 1, 12, 500, 1, 12, 500, 1, 12, 500, 0, 10, 1000, 1, 12, 500, 0, 10, 1000, 1, 12, 500, 1, 12, 500, 1, 12, 500, 1, 12, 500, 0, 10, 1000, 0, 10, 1000,  0 , 0, 0, 0 , 0, 0, 0 , 0, 0, 0 , 0, 0,2,2,2,2,2,2,3,3,3,3,3,3,4,4,4,4,4,4,5,5,5,5,5,5,6,6,6,6,6,6,7,7,7,7,7,7,8,8,8,8,8,8,2,2,2,2,2,2,3,3,3,3,3,3,4,4,4,4,4,4,5,5,5,5,5,5,6,6,6,6,6,6,7,7,7,7,7,7,8,8,8,8,8,8,2,2,2,2,2,2,3,3,3,3,3,3,4,4,4,4,4,4,5,5,5,5,5,5,6,6,6,6,6,6,7,7,7,7,7,7,8,8,8,8,8,8,0,0,0,0,
4, 0, 0, 5, 0, 0, 4, 0, 0, 4, 0, 0, 5, 0, 0, 4, 0, 0, 5, 0, 0, 4, 0, 0, 5, 0, 0, 5, 0, 0, 4, 0, 0, 4, 0, 0, 5, 0, 0, 4, 0, 0, 5, 0, 0, 4, 0, 0, 4, 0, 0, 4, 0, 0, 4, 0, 0, 4, 0, 0, 5, 0, 0, 5, 0, 0, 5, 0, 0, 5, 0, 0, 4, 0, 0, 4, 0, 0, 5, 0, 0, 5, 0, 0, 4, 0, 0, 5, 0, 0, 5, 0, 0, 5, 0, 0, 5, 0, 0, 4, 0, 0, 5, 0, 0, 4, 0, 0, 5, 0, 0, 5, 0, 0, 5, 0, 0, 5, 0, 0, 4, 0, 0, 4, 0, 0, 2, 120, 1500, 3, 130, 2000, 2, 120, 1500, 2, 120, 1500, 3, 130, 2000, 2, 120, 1500, 3, 130, 2000, 2, 120, 1500, 3, 130, 2000, 3, 130, 2000, 2, 120, 1500, 2, 120, 1500, 3, 130, 2000, 2, 120, 1500, 3, 130, 2000, 2, 120, 1500, 2, 120, 1500, 2, 120, 1500, 2, 120, 1500, 2, 120, 1500, 3, 130, 2000, 3, 130, 2000, 3, 130, 2000, 3, 130, 2000, 2, 120, 1500, 2, 120, 1500, 3, 130, 2000, 3, 130, 2000, 2, 120, 1500, 3, 130, 2000, 3, 130, 2000, 3, 130, 2000, 3, 130, 2000, 2, 120, 1500, 3, 130, 2000, 2, 120, 1500, 3, 130, 2000, 3, 130, 2000, 3, 130, 2000, 3, 130, 2000, 2, 120, 1500, 2, 120, 1500, 0, 10, 1000, 1, 12, 500, 0, 10, 1000, 0, 10, 1000, 1, 12, 500, 0, 10, 1000, 1, 12, 500, 0, 10, 1000, 1, 12, 500, 1, 12, 500, 0, 10, 1000, 0, 10, 1000, 1, 12, 500, 0, 10, 1000, 1, 12, 500, 0, 10, 1000, 0, 10, 1000, 0, 10, 1000, 0, 10, 1000, 0, 10, 1000, 1, 12, 500, 1, 12, 500, 1, 12, 500, 1, 12, 500, 0, 10, 1000, 0, 10, 1000, 1, 12, 500, 1, 12, 500, 0, 10, 1000, 1, 12, 500, 1, 12, 500, 1, 12, 500, 1, 12, 500, 0, 10, 1000, 1, 12, 500, 0, 10, 1000, 1, 12, 500, 1, 12, 500, 1, 12, 500, 1, 12, 500, 0, 10, 1000, 0, 10, 1000,  0 , 0, 0, 0 , 0, 0, 0 , 0, 0, 0 , 0, 0,2,2,2,2,2,2,3,3,3,3,3,3,4,4,4,4,4,4,5,5,5,5,5,5,6,6,6,6,6,6,7,7,7,7,7,7,8,8,8,8,8,8,2,2,2,2,2,2,3,3,3,3,3,3,4,4,4,4,4,4,5,5,5,5,5,5,6,6,6,6,6,6,7,7,7,7,7,7,8,8,8,8,8,8,2,2,2,2,2,2,3,3,3,3,3,3,4,4,4,4,4,4,5,5,5,5,5,5,6,6,6,6,6,6,7,7,7,7,7,7,8,8,8,8,8,8,0,0,0,0,
4, 0, 0, 5, 0, 0, 4, 0, 0, 4, 0, 0, 5, 0, 0, 4, 0, 0, 5, 0, 0, 4, 0, 0, 5, 0, 0, 5, 0, 0, 4, 0, 0, 4, 0, 0, 5, 0, 0, 4, 0, 0, 5, 0, 0, 4, 0, 0, 4, 0, 0, 4, 0, 0, 4, 0, 0, 4, 0, 0, 5, 0, 0, 5, 0, 0, 5, 0, 0, 5, 0, 0, 4, 0, 0, 4, 0, 0, 5, 0, 0, 5, 0, 0, 4, 0, 0, 5, 0, 0, 5, 0, 0, 5, 0, 0, 5, 0, 0, 4, 0, 0, 5, 0, 0, 4, 0, 0, 5, 0, 0, 5, 0, 0, 5, 0, 0, 5, 0, 0, 4, 0, 0, 4, 0, 0, 2, 120, 1500, 3, 130, 2000, 2, 120, 1500, 2, 120, 1500, 3, 130, 2000, 2, 120, 1500, 3, 130, 2000, 2, 120, 1500, 3, 130, 2000, 3, 130, 2000, 2, 120, 1500, 2, 120, 1500, 3, 130, 2000, 2, 120, 1500, 3, 130, 2000, 2, 120, 1500, 2, 120, 1500, 2, 120, 1500, 2, 120, 1500, 2, 120, 1500, 3, 130, 2000, 3, 130, 2000, 3, 130, 2000, 3, 130, 2000, 2, 120, 1500, 2, 120, 1500, 3, 130, 2000, 3, 130, 2000, 2, 120, 1500, 3, 130, 2000, 3, 130, 2000, 3, 130, 2000, 3, 130, 2000, 2, 120, 1500, 3, 130, 2000, 2, 120, 1500, 3, 130, 2000, 3, 130, 2000, 3, 130, 2000, 3, 130, 2000, 2, 120, 1500, 2, 120, 1500, 0, 10, 1000, 1, 12, 500, 0, 10, 1000, 0, 10, 1000, 1, 12, 500, 0, 10, 1000, 1, 12, 500, 0, 10, 1000, 1, 12, 500, 1, 12, 500, 0, 10, 1000, 0, 10, 1000, 1, 12, 500, 0, 10, 1000, 1, 12, 500, 0, 10, 1000, 0, 10, 1000, 0, 10, 1000, 0, 10, 1000, 0, 10, 1000, 1, 12, 500, 1, 12, 500, 1, 12, 500, 1, 12, 500, 0, 10, 1000, 0, 10, 1000, 1, 12, 500, 1, 12, 500, 0, 10, 1000, 1, 12, 500, 1, 12, 500, 1, 12, 500, 1, 12, 500, 0, 10, 1000, 1, 12, 500, 0, 10, 1000, 1, 12, 500, 1, 12, 500, 1, 12, 500, 1, 12, 500, 0, 10, 1000, 0, 10, 1000,  0 , 0, 0, 0 , 0, 0, 0 , 0, 0, 0 , 0, 0,2,2,2,2,2,2,3,3,3,3,3,3,4,4,4,4,4,4,5,5,5,5,5,5,6,6,6,6,6,6,7,7,7,7,7,7,8,8,8,8,8,8,2,2,2,2,2,2,3,3,3,3,3,3,4,4,4,4,4,4,5,5,5,5,5,5,6,6,6,6,6,6,7,7,7,7,7,7,8,8,8,8,8,8,2,2,2,2,2,2,3,3,3,3,3,3,4,4,4,4,4,4,5,5,5,5,5,5,6,6,6,6,6,6,7,7,7,7,7,7,8,8,8,8,8,8,0,0,0,0,
4, 0, 0, 5, 0, 0, 4, 0, 0, 4, 0, 0, 5, 0, 0, 4, 0, 0, 5, 0, 0, 4, 0, 0, 5, 0, 0, 5, 0, 0, 4, 0, 0, 4, 0, 0, 5, 0, 0, 4, 0, 0, 5, 0, 0, 4, 0, 0, 4, 0, 0, 4, 0, 0, 4, 0, 0, 4, 0, 0, 5, 0, 0, 5, 0, 0, 5, 0, 0, 5, 0, 0, 4, 0, 0, 4, 0, 0, 5, 0, 0, 5, 0, 0, 4, 0, 0, 5, 0, 0, 5, 0, 0, 5, 0, 0, 5, 0, 0, 4, 0, 0, 5, 0, 0, 4, 0, 0, 5, 0, 0, 5, 0, 0, 5, 0, 0, 5, 0, 0, 4, 0, 0, 4, 0, 0, 2, 120, 1500, 3, 130, 2000, 2, 120, 1500, 2, 120, 1500, 3, 130, 2000, 2, 120, 1500, 3, 130, 2000, 2, 120, 1500, 3, 130, 2000, 3, 130, 2000, 2, 120, 1500, 2, 120, 1500, 3, 130, 2000, 2, 120, 1500, 3, 130, 2000, 2, 120, 1500, 2, 120, 1500, 2, 120, 1500, 2, 120, 1500, 2, 120, 1500, 3, 130, 2000, 3, 130, 2000, 3, 130, 2000, 3, 130, 2000, 2, 120, 1500, 2, 120, 1500, 3, 130, 2000, 3, 130, 2000, 2, 120, 1500, 3, 130, 2000, 3, 130, 2000, 3, 130, 2000, 3, 130, 2000, 2, 120, 1500, 3, 130, 2000, 2, 120, 1500, 3, 130, 2000, 3, 130, 2000, 3, 130, 2000, 3, 130, 2000, 2, 120, 1500, 2, 120, 1500, 0, 10, 1000, 1, 12, 500, 0, 10, 1000, 0, 10, 1000, 1, 12, 500, 0, 10, 1000, 1, 12, 500, 0, 10, 1000, 1, 12, 500, 1, 12, 500, 0, 10, 1000, 0, 10, 1000, 1, 12, 500, 0, 10, 1000, 1, 12, 500, 0, 10, 1000, 0, 10, 1000, 0, 10, 1000, 0, 10, 1000, 0, 10, 1000, 1, 12, 500, 1, 12, 500, 1, 12, 500, 1, 12, 500, 0, 10, 1000, 0, 10, 1000, 1, 12, 500, 1, 12, 500, 0, 10, 1000, 1, 12, 500, 1, 12, 500, 1, 12, 500, 1, 12, 500, 0, 10, 1000, 1, 12, 500, 0, 10, 1000, 1, 12, 500, 1, 12, 500, 1, 12, 500, 1, 12, 500, 0, 10, 1000, 0, 10, 1000,  0 , 0, 0, 0 , 0, 0, 0 , 0, 0, 0 , 0, 0,2,2,2,2,2,2,3,3,3,3,3,3,4,4,4,4,4,4,5,5,5,5,5,5,6,6,6,6,6,6,7,7,7,7,7,7,8,8,8,8,8,8,2,2,2,2,2,2,3,3,3,3,3,3,4,4,4,4,4,4,5,5,5,5,5,5,6,6,6,6,6,6,7,7,7,7,7,7,8,8,8,8,8,8,2,2,2,2,2,2,3,3,3,3,3,3,4,4,4,4,4,4,5,5,5,5,5,5,6,6,6,6,6,6,7,7,7,7,7,7,8,8,8,8,8,8,0,0,0,0,
4, 0, 0, 5, 0, 0, 4, 0, 0, 4, 0, 0, 5, 0, 0, 4, 0, 0, 5, 0, 0, 4, 0, 0, 5, 0, 0, 5, 0, 0, 4, 0, 0, 4, 0, 0, 5, 0, 0, 4, 0, 0, 5, 0, 0, 4, 0, 0, 4, 0, 0, 4, 0, 0, 4, 0, 0, 4, 0, 0, 5, 0, 0, 5, 0, 0, 5, 0, 0, 5, 0, 0, 4, 0, 0, 4, 0, 0, 5, 0, 0, 5, 0, 0, 4, 0, 0, 5, 0, 0, 5, 0, 0, 5, 0, 0, 5, 0, 0, 4, 0, 0, 5, 0, 0, 4, 0, 0, 5, 0, 0, 5, 0, 0, 5, 0, 0, 5, 0, 0, 4, 0, 0, 4, 0, 0, 2, 120, 1500, 3, 130, 2000, 2, 120, 1500, 2, 120, 1500, 3, 130, 2000, 2, 120, 1500, 3, 130, 2000, 2, 120, 1500, 3, 130, 2000, 3, 130, 2000, 2, 120, 1500, 2, 120, 1500, 3, 130, 2000, 2, 120, 1500, 3, 130, 2000, 2, 120, 1500, 2, 120, 1500, 2, 120, 1500, 2, 120, 1500, 2, 120, 1500, 3, 130, 2000, 3, 130, 2000, 3, 130, 2000, 3, 130, 2000, 2, 120, 1500, 2, 120, 1500, 3, 130, 2000, 3, 130, 2000, 2, 120, 1500, 3, 130, 2000, 3, 130, 2000, 3, 130, 2000, 3, 130, 2000, 2, 120, 1500, 3, 130, 2000, 2, 120, 1500, 3, 130, 2000, 3, 130, 2000, 3, 130, 2000, 3, 130, 2000, 2, 120, 1500, 2, 120, 1500, 0, 10, 1000, 1, 12, 500, 0, 10, 1000, 0, 10, 1000, 1, 12, 500, 0, 10, 1000, 1, 12, 500, 0, 10, 1000, 1, 12, 500, 1, 12, 500, 0, 10, 1000, 0, 10, 1000, 1, 12, 500, 0, 10, 1000, 1, 12, 500, 0, 10, 1000, 0, 10, 1000, 0, 10, 1000, 0, 10, 1000, 0, 10, 1000, 1, 12, 500, 1, 12, 500, 1, 12, 500, 1, 12, 500, 0, 10, 1000, 0, 10, 1000, 1, 12, 500, 1, 12, 500, 0, 10, 1000, 1, 12, 500, 1, 12, 500, 1, 12, 500, 1, 12, 500, 0, 10, 1000, 1, 12, 500, 0, 10, 1000, 1, 12, 500, 1, 12, 500, 1, 12, 500, 1, 12, 500, 0, 10, 1000, 0, 10, 1000,  0 , 0, 0, 0 , 0, 0, 0 , 0, 0, 0 , 0, 0,2,2,2,2,2,2,3,3,3,3,3,3,4,4,4,4,4,4,5,5,5,5,5,5,6,6,6,6,6,6,7,7,7,7,7,7,8,8,8,8,8,8,2,2,2,2,2,2,3,3,3,3,3,3,4,4,4,4,4,4,5,5,5,5,5,5,6,6,6,6,6,6,7,7,7,7,7,7,8,8,8,8,8,8,2,2,2,2,2,2,3,3,3,3,3,3,4,4,4,4,4,4,5,5,5,5,5,5,6,6,6,6,6,6,7,7,7,7,7,7,8,8,8,8,8,8,0,0,0,0,
4, 0, 0, 5, 0, 0, 4, 0, 0, 4, 0, 0, 5, 0, 0, 4, 0, 0, 5, 0, 0, 4, 0, 0, 5, 0, 0, 5, 0, 0, 4, 0, 0, 4, 0, 0, 5, 0, 0, 4, 0, 0, 5, 0, 0, 4, 0, 0, 4, 0, 0, 4, 0, 0, 4, 0, 0, 4, 0, 0, 5, 0, 0, 5, 0, 0, 5, 0, 0, 5, 0, 0, 4, 0, 0, 4, 0, 0, 5, 0, 0, 5, 0, 0, 4, 0, 0, 5, 0, 0, 5, 0, 0, 5, 0, 0, 5, 0, 0, 4, 0, 0, 5, 0, 0, 4, 0, 0, 5, 0, 0, 5, 0, 0, 5, 0, 0, 5, 0, 0, 4, 0, 0, 4, 0, 0, 2, 120, 1500, 3, 130, 2000, 2, 120, 1500, 2, 120, 1500, 3, 130, 2000, 2, 120, 1500, 3, 130, 2000, 2, 120, 1500, 3, 130, 2000, 3, 130, 2000, 2, 120, 1500, 2, 120, 1500, 3, 130, 2000, 2, 120, 1500, 3, 130, 2000, 2, 120, 1500, 2, 120, 1500, 2, 120, 1500, 2, 120, 1500, 2, 120, 1500, 3, 130, 2000, 3, 130, 2000, 3, 130, 2000, 3, 130, 2000, 2, 120, 1500, 2, 120, 1500, 3, 130, 2000, 3, 130, 2000, 2, 120, 1500, 3, 130, 2000, 3, 130, 2000, 3, 130, 2000, 3, 130, 2000, 2, 120, 1500, 3, 130, 2000, 2, 120, 1500, 3, 130, 2000, 3, 130, 2000, 3, 130, 2000, 3, 130, 2000, 2, 120, 1500, 2, 120, 1500, 0, 10, 1000, 1, 12, 500, 0, 10, 1000, 0, 10, 1000, 1, 12, 500, 0, 10, 1000, 1, 12, 500, 0, 10, 1000, 1, 12, 500, 1, 12, 500, 0, 10, 1000, 0, 10, 1000, 1, 12, 500, 0, 10, 1000, 1, 12, 500, 0, 10, 1000, 0, 10, 1000, 0, 10, 1000, 0, 10, 1000, 0, 10, 1000, 1, 12, 500, 1, 12, 500, 1, 12, 500, 1, 12, 500, 0, 10, 1000, 0, 10, 1000, 1, 12, 500, 1, 12, 500, 0, 10, 1000, 1, 12, 500, 1, 12, 500, 1, 12, 500, 1, 12, 500, 0, 10, 1000, 1, 12, 500, 0, 10, 1000, 1, 12, 500, 1, 12, 500, 1, 12, 500, 1, 12, 500, 0, 10, 1000, 0, 10, 1000,  0 , 0, 0, 0 , 0, 0, 0 , 0, 0, 0 , 0, 0,2,2,2,2,2,2,3,3,3,3,3,3,4,4,4,4,4,4,5,5,5,5,5,5,6,6,6,6,6,6,7,7,7,7,7,7,8,8,8,8,8,8,2,2,2,2,2,2,3,3,3,3,3,3,4,4,4,4,4,4,5,5,5,5,5,5,6,6,6,6,6,6,7,7,7,7,7,7,8,8,8,8,8,8,2,2,2,2,2,2,3,3,3,3,3,3,4,4,4,4,4,4,5,5,5,5,5,5,6,6,6,6,6,6,7,7,7,7,7,7,8,8,8,8,8,8,0,0,0,0,
4, 0, 0, 5, 0, 0, 4, 0, 0, 4, 0, 0, 5, 0, 0, 4, 0, 0, 5, 0, 0, 4, 0, 0, 5, 0, 0, 5, 0, 0, 4, 0, 0, 4, 0, 0, 5, 0, 0, 4, 0, 0, 5, 0, 0, 4, 0, 0, 4, 0, 0, 4, 0, 0, 4, 0, 0, 4, 0, 0, 5, 0, 0, 5, 0, 0, 5, 0, 0, 5, 0, 0, 4, 0, 0, 4, 0, 0, 5, 0, 0, 5, 0, 0, 4, 0, 0, 5, 0, 0, 5, 0, 0, 5, 0, 0, 5, 0, 0, 4, 0, 0, 5, 0, 0, 4, 0, 0, 5, 0, 0, 5, 0, 0, 5, 0, 0, 5, 0, 0, 4, 0, 0, 4, 0, 0, 2, 120, 1500, 3, 130, 2000, 2, 120, 1500, 2, 120, 1500, 3, 130, 2000, 2, 120, 1500, 3, 130, 2000, 2, 120, 1500, 3, 130, 2000, 3, 130, 2000, 2, 120, 1500, 2, 120, 1500, 3, 130, 2000, 2, 120, 1500, 3, 130, 2000, 2, 120, 1500, 2, 120, 1500, 2, 120, 1500, 2, 120, 1500, 2, 120, 1500, 3, 130, 2000, 3, 130, 2000, 3, 130, 2000, 3, 130, 2000, 2, 120, 1500, 2, 120, 1500, 3, 130, 2000, 3, 130, 2000, 2, 120, 1500, 3, 130, 2000, 3, 130, 2000, 3, 130, 2000, 3, 130, 2000, 2, 120, 1500, 3, 130, 2000, 2, 120, 1500, 3, 130, 2000, 3, 130, 2000, 3, 130, 2000, 3, 130, 2000, 2, 120, 1500, 2, 120, 1500, 0, 10, 1000, 1, 12, 500, 0, 10, 1000, 0, 10, 1000, 1, 12, 500, 0, 10, 1000, 1, 12, 500, 0, 10, 1000, 1, 12, 500, 1, 12, 500, 0, 10, 1000, 0, 10, 1000, 1, 12, 500, 0, 10, 1000, 1, 12, 500, 0, 10, 1000, 0, 10, 1000, 0, 10, 1000, 0, 10, 1000, 0, 10, 1000, 1, 12, 500, 1, 12, 500, 1, 12, 500, 1, 12, 500, 0, 10, 1000, 0, 10, 1000, 1, 12, 500, 1, 12, 500, 0, 10, 1000, 1, 12, 500, 1, 12, 500, 1, 12, 500, 1, 12, 500, 0, 10, 1000, 1, 12, 500, 0, 10, 1000, 1, 12, 500, 1, 12, 500, 1, 12, 500, 1, 12, 500, 0, 10, 1000, 0, 10, 1000,  0 , 0, 0, 0 , 0, 0, 0 , 0, 0, 0 , 0, 0,2,2,2,2,2,2,3,3,3,3,3,3,4,4,4,4,4,4,5,5,5,5,5,5,6,6,6,6,6,6,7,7,7,7,7,7,8,8,8,8,8,8,2,2,2,2,2,2,3,3,3,3,3,3,4,4,4,4,4,4,5,5,5,5,5,5,6,6,6,6,6,6,7,7,7,7,7,7,8,8,8,8,8,8,2,2,2,2,2,2,3,3,3,3,3,3,4,4,4,4,4,4,5,5,5,5,5,5,6,6,6,6,6,6,7,7,7,7,7,7,8,8,8,8,8,8,0,0,0,0,
4, 0, 0, 5, 0, 0, 4, 0, 0, 4, 0, 0, 5, 0, 0, 4, 0, 0, 5, 0, 0, 4, 0, 0, 5, 0, 0, 5, 0, 0, 4, 0, 0, 4, 0, 0, 5, 0, 0, 4, 0, 0, 5, 0, 0, 4, 0, 0, 4, 0, 0, 4, 0, 0, 4, 0, 0, 4, 0, 0, 5, 0, 0, 5, 0, 0, 5, 0, 0, 5, 0, 0, 4, 0, 0, 4, 0, 0, 5, 0, 0, 5, 0, 0, 4, 0, 0, 5, 0, 0, 5, 0, 0, 5, 0, 0, 5, 0, 0, 4, 0, 0, 5, 0, 0, 4, 0, 0, 5, 0, 0, 5, 0, 0, 5, 0, 0, 5, 0, 0, 4, 0, 0, 4, 0, 0, 2, 120, 1500, 3, 130, 2000, 2, 120, 1500, 2, 120, 1500, 3, 130, 2000, 2, 120, 1500, 3, 130, 2000, 2, 120, 1500, 3, 130, 2000, 3, 130, 2000, 2, 120, 1500, 2, 120, 1500, 3, 130, 2000, 2, 120, 1500, 3, 130, 2000, 2, 120, 1500, 2, 120, 1500, 2, 120, 1500, 2, 120, 1500, 2, 120, 1500, 3, 130, 2000, 3, 130, 2000, 3, 130, 2000, 3, 130, 2000, 2, 120, 1500, 2, 120, 1500, 3, 130, 2000, 3, 130, 2000, 2, 120, 1500, 3, 130, 2000, 3, 130, 2000, 3, 130, 2000, 3, 130, 2000, 2, 120, 1500, 3, 130, 2000, 2, 120, 1500, 3, 130, 2000, 3, 130, 2000, 3, 130, 2000, 3, 130, 2000, 2, 120, 1500, 2, 120, 1500, 0, 10, 1000, 1, 12, 500, 0, 10, 1000, 0, 10, 1000, 1, 12, 500, 0, 10, 1000, 1, 12, 500, 0, 10, 1000, 1, 12, 500, 1, 12, 500, 0, 10, 1000, 0, 10, 1000, 1, 12, 500, 0, 10, 1000, 1, 12, 500, 0, 10, 1000, 0, 10, 1000, 0, 10, 1000, 0, 10, 1000, 0, 10, 1000, 1, 12, 500, 1, 12, 500, 1, 12, 500, 1, 12, 500, 0, 10, 1000, 0, 10, 1000, 1, 12, 500, 1, 12, 500, 0, 10, 1000, 1, 12, 500, 1, 12, 500, 1, 12, 500, 1, 12, 500, 0, 10, 1000, 1, 12, 500, 0, 10, 1000, 1, 12, 500, 1, 12, 500, 1, 12, 500, 1, 12, 500, 0, 10, 1000, 0, 10, 1000,  0 , 0, 0, 0 , 0, 0, 0 , 0, 0, 0 , 0, 0,2,2,2,2,2,2,3,3,3,3,3,3,4,4,4,4,4,4,5,5,5,5,5,5,6,6,6,6,6,6,7,7,7,7,7,7,8,8,8,8,8,8,2,2,2,2,2,2,3,3,3,3,3,3,4,4,4,4,4,4,5,5,5,5,5,5,6,6,6,6,6,6,7,7,7,7,7,7,8,8,8,8,8,8,2,2,2,2,2,2,3,3,3,3,3,3,4,4,4,4,4,4,5,5,5,5,5,5,6,6,6,6,6,6,7,7,7,7,7,7,8,8,8,8,8,8,0,0,0,0,
4, 0, 0, 5, 0, 0, 4, 0, 0, 4, 0, 0, 5, 0, 0, 4, 0, 0, 5, 0, 0, 4, 0, 0, 5, 0, 0, 5, 0, 0, 4, 0, 0, 4, 0, 0, 5, 0, 0, 4, 0, 0, 5, 0, 0, 4, 0, 0, 4, 0, 0, 4, 0, 0, 4, 0, 0, 4, 0, 0, 5, 0, 0, 5, 0, 0, 5, 0, 0, 5, 0, 0, 4, 0, 0, 4, 0, 0, 5, 0, 0, 5, 0, 0, 4, 0, 0, 5, 0, 0, 5, 0, 0, 5, 0, 0, 5, 0, 0, 4, 0, 0, 5, 0, 0, 4, 0, 0, 5, 0, 0, 5, 0, 0, 5, 0, 0, 5, 0, 0, 4, 0, 0, 4, 0, 0, 2, 120, 1500, 3, 130, 2000, 2, 120, 1500, 2, 120, 1500, 3, 130, 2000, 2, 120, 1500, 3, 130, 2000, 2, 120, 1500, 3, 130, 2000, 3, 130, 2000, 2, 120, 1500, 2, 120, 1500, 3, 130, 2000, 2, 120, 1500, 3, 130, 2000, 2, 120, 1500, 2, 120, 1500, 2, 120, 1500, 2, 120, 1500, 2, 120, 1500, 3, 130, 2000, 3, 130, 2000, 3, 130, 2000, 3, 130, 2000, 2, 120, 1500, 2, 120, 1500, 3, 130, 2000, 3, 130, 2000, 2, 120, 1500, 3, 130, 2000, 3, 130, 2000, 3, 130, 2000, 3, 130, 2000, 2, 120, 1500, 3, 130, 2000, 2, 120, 1500, 3, 130, 2000, 3, 130, 2000, 3, 130, 2000, 3, 130, 2000, 2, 120, 1500, 2, 120, 1500, 0, 10, 1000, 1, 12, 500, 0, 10, 1000, 0, 10, 1000, 1, 12, 500, 0, 10, 1000, 1, 12, 500, 0, 10, 1000, 1, 12, 500, 1, 12, 500, 0, 10, 1000, 0, 10, 1000, 1, 12, 500, 0, 10, 1000, 1, 12, 500, 0, 10, 1000, 0, 10, 1000, 0, 10, 1000, 0, 10, 1000, 0, 10, 1000, 1, 12, 500, 1, 12, 500, 1, 12, 500, 1, 12, 500, 0, 10, 1000, 0, 10, 1000, 1, 12, 500, 1, 12, 500, 0, 10, 1000, 1, 12, 500, 1, 12, 500, 1, 12, 500, 1, 12, 500, 0, 10, 1000, 1, 12, 500, 0, 10, 1000, 1, 12, 500, 1, 12, 500, 1, 12, 500, 1, 12, 500, 0, 10, 1000, 0, 10, 1000,  0 , 0, 0, 0 , 0, 0, 0 , 0, 0, 0 , 0, 0,2,2,2,2,2,2,3,3,3,3,3,3,4,4,4,4,4,4,5,5,5,5,5,5,6,6,6,6,6,6,7,7,7,7,7,7,8,8,8,8,8,8,2,2,2,2,2,2,3,3,3,3,3,3,4,4,4,4,4,4,5,5,5,5,5,5,6,6,6,6,6,6,7,7,7,7,7,7,8,8,8,8,8,8,2,2,2,2,2,2,3,3,3,3,3,3,4,4,4,4,4,4,5,5,5,5,5,5,6,6,6,6,6,6,7,7,7,7,7,7,8,8,8,8,8,8,0,0,0,0,
4, 0, 0, 5, 0, 0, 4, 0, 0, 4, 0, 0, 5, 0, 0, 4, 0, 0, 5, 0, 0, 4, 0, 0, 5, 0, 0, 5, 0, 0, 4, 0, 0, 4, 0, 0, 5, 0, 0, 4, 0, 0, 5, 0, 0, 4, 0, 0, 4, 0, 0, 4, 0, 0, 4, 0, 0, 4, 0, 0, 5, 0, 0, 5, 0, 0, 5, 0, 0, 5, 0, 0, 4, 0, 0, 4, 0, 0, 5, 0, 0, 5, 0, 0, 4, 0, 0, 5, 0, 0, 5, 0, 0, 5, 0, 0, 5, 0, 0, 4, 0, 0, 5, 0, 0, 4, 0, 0, 5, 0, 0, 5, 0, 0, 5, 0, 0, 5, 0, 0, 4, 0, 0, 4, 0, 0, 2, 120, 1500, 3, 130, 2000, 2, 120, 1500, 2, 120, 1500, 3, 130, 2000, 2, 120, 1500, 3, 130, 2000, 2, 120, 1500, 3, 130, 2000, 3, 130, 2000, 2, 120, 1500, 2, 120, 1500, 3, 130, 2000, 2, 120, 1500, 3, 130, 2000, 2, 120, 1500, 2, 120, 1500, 2, 120, 1500, 2, 120, 1500, 2, 120, 1500, 3, 130, 2000, 3, 130, 2000, 3, 130, 2000, 3, 130, 2000, 2, 120, 1500, 2, 120, 1500, 3, 130, 2000, 3, 130, 2000, 2, 120, 1500, 3, 130, 2000, 3, 130, 2000, 3, 130, 2000, 3, 130, 2000, 2, 120, 1500, 3, 130, 2000, 2, 120, 1500, 3, 130, 2000, 3, 130, 2000, 3, 130, 2000, 3, 130, 2000, 2, 120, 1500, 2, 120, 1500, 0, 10, 1000, 1, 12, 500, 0, 10, 1000, 0, 10, 1000, 1, 12, 500, 0, 10, 1000, 1, 12, 500, 0, 10, 1000, 1, 12, 500, 1, 12, 500, 0, 10, 1000, 0, 10, 1000, 1, 12, 500, 0, 10, 1000, 1, 12, 500, 0, 10, 1000, 0, 10, 1000, 0, 10, 1000, 0, 10, 1000, 0, 10, 1000, 1, 12, 500, 1, 12, 500, 1, 12, 500, 1, 12, 500, 0, 10, 1000, 0, 10, 1000, 1, 12, 500, 1, 12, 500, 0, 10, 1000, 1, 12, 500, 1, 12, 500, 1, 12, 500, 1, 12, 500, 0, 10, 1000, 1, 12, 500, 0, 10, 1000, 1, 12, 500, 1, 12, 500, 1, 12, 500, 1, 12, 500, 0, 10, 1000, 0, 10, 1000,  0 , 0, 0, 0 , 0, 0, 0 , 0, 0, 0 , 0, 0,2,2,2,2,2,2,3,3,3,3,3,3,4,4,4,4,4,4,5,5,5,5,5,5,6,6,6,6,6,6,7,7,7,7,7,7,8,8,8,8,8,8,2,2,2,2,2,2,3,3,3,3,3,3,4,4,4,4,4,4,5,5,5,5,5,5,6,6,6,6,6,6,7,7,7,7,7,7,8,8,8,8,8,8,2,2,2,2,2,2,3,3,3,3,3,3,4,4,4,4,4,4,5,5,5,5,5,5,6,6,6,6,6,6,7,7,7,7,7,7,8,8,8,8,8,8,0,0,0,0,
4, 0, 0, 5, 0, 0, 4, 0, 0, 4, 0, 0, 5, 0, 0, 4, 0, 0, 5, 0, 0, 4, 0, 0, 5, 0, 0, 5, 0, 0, 4, 0, 0, 4, 0, 0, 5, 0, 0, 4, 0, 0, 5, 0, 0, 4, 0, 0, 4, 0, 0, 4, 0, 0, 4, 0, 0, 4, 0, 0, 5, 0, 0, 5, 0, 0, 5, 0, 0, 5, 0, 0, 4, 0, 0, 4, 0, 0, 5, 0, 0, 5, 0, 0, 4, 0, 0, 5, 0, 0, 5, 0, 0, 5, 0, 0, 5, 0, 0, 4, 0, 0, 5, 0, 0, 4, 0, 0, 5, 0, 0, 5, 0, 0, 5, 0, 0, 5, 0, 0, 4, 0, 0, 4, 0, 0, 2, 120, 1500, 3, 130, 2000, 2, 120, 1500, 2, 120, 1500, 3, 130, 2000, 2, 120, 1500, 3, 130, 2000, 2, 120, 1500, 3, 130, 2000, 3, 130, 2000, 2, 120, 1500, 2, 120, 1500, 3, 130, 2000, 2, 120, 1500, 3, 130, 2000, 2, 120, 1500, 2, 120, 1500, 2, 120, 1500, 2, 120, 1500, 2, 120, 1500, 3, 130, 2000, 3, 130, 2000, 3, 130, 2000, 3, 130, 2000, 2, 120, 1500, 2, 120, 1500, 3, 130, 2000, 3, 130, 2000, 2, 120, 1500, 3, 130, 2000, 3, 130, 2000, 3, 130, 2000, 3, 130, 2000, 2, 120, 1500, 3, 130, 2000, 2, 120, 1500, 3, 130, 2000, 3, 130, 2000, 3, 130, 2000, 3, 130, 2000, 2, 120, 1500, 2, 120, 1500, 0, 10, 1000, 1, 12, 500, 0, 10, 1000, 0, 10, 1000, 1, 12, 500, 0, 10, 1000, 1, 12, 500, 0, 10, 1000, 1, 12, 500, 1, 12, 500, 0, 10, 1000, 0, 10, 1000, 1, 12, 500, 0, 10, 1000, 1, 12, 500, 0, 10, 1000, 0, 10, 1000, 0, 10, 1000, 0, 10, 1000, 0, 10, 1000, 1, 12, 500, 1, 12, 500, 1, 12, 500, 1, 12, 500, 0, 10, 1000, 0, 10, 1000, 1, 12, 500, 1, 12, 500, 0, 10, 1000, 1, 12, 500, 1, 12, 500, 1, 12, 500, 1, 12, 500, 0, 10, 1000, 1, 12, 500, 0, 10, 1000, 1, 12, 500, 1, 12, 500, 1, 12, 500, 1, 12, 500, 0, 10, 1000, 0, 10, 1000,  0 , 0, 0, 0 , 0, 0, 0 , 0, 0, 0 , 0, 0,2,2,2,2,2,2,3,3,3,3,3,3,4,4,4,4,4,4,5,5,5,5,5,5,6,6,6,6,6,6,7,7,7,7,7,7,8,8,8,8,8,8,2,2,2,2,2,2,3,3,3,3,3,3,4,4,4,4,4,4,5,5,5,5,5,5,6,6,6,6,6,6,7,7,7,7,7,7,8,8,8,8,8,8,2,2,2,2,2,2,3,3,3,3,3,3,4,4,4,4,4,4,5,5,5,5,5,5,6,6,6,6,6,6,7,7,7,7,7,7,8,8,8,8,8,8,0,0,0,0,
4, 0, 0, 5, 0, 0, 4, 0, 0, 4, 0, 0, 5, 0, 0, 4, 0, 0, 5, 0, 0, 4, 0, 0, 5, 0, 0, 5, 0, 0, 4, 0, 0, 4, 0, 0, 5, 0, 0, 4, 0, 0, 5, 0, 0, 4, 0, 0, 4, 0, 0, 4, 0, 0, 4, 0, 0, 4, 0, 0, 5, 0, 0, 5, 0, 0, 5, 0, 0, 5, 0, 0, 4, 0, 0, 4, 0, 0, 5, 0, 0, 5, 0, 0, 4, 0, 0, 5, 0, 0, 5, 0, 0, 5, 0, 0, 5, 0, 0, 4, 0, 0, 5, 0, 0, 4, 0, 0, 5, 0, 0, 5, 0, 0, 5, 0, 0, 5, 0, 0, 4, 0, 0, 4, 0, 0, 2, 120, 1500, 3, 130, 2000, 2, 120, 1500, 2, 120, 1500, 3, 130, 2000, 2, 120, 1500, 3, 130, 2000, 2, 120, 1500, 3, 130, 2000, 3, 130, 2000, 2, 120, 1500, 2, 120, 1500, 3, 130, 2000, 2, 120, 1500, 3, 130, 2000, 2, 120, 1500, 2, 120, 1500, 2, 120, 1500, 2, 120, 1500, 2, 120, 1500, 3, 130, 2000, 3, 130, 2000, 3, 130, 2000, 3, 130, 2000, 2, 120, 1500, 2, 120, 1500, 3, 130, 2000, 3, 130, 2000, 2, 120, 1500, 3, 130, 2000, 3, 130, 2000, 3, 130, 2000, 3, 130, 2000, 2, 120, 1500, 3, 130, 2000, 2, 120, 1500, 3, 130, 2000, 3, 130, 2000, 3, 130, 2000, 3, 130, 2000, 2, 120, 1500, 2, 120, 1500, 0, 10, 1000, 1, 12, 500, 0, 10, 1000, 0, 10, 1000, 1, 12, 500, 0, 10, 1000, 1, 12, 500, 0, 10, 1000, 1, 12, 500, 1, 12, 500, 0, 10, 1000, 0, 10, 1000, 1, 12, 500, 0, 10, 1000, 1, 12, 500, 0, 10, 1000, 0, 10, 1000, 0, 10, 1000, 0, 10, 1000, 0, 10, 1000, 1, 12, 500, 1, 12, 500, 1, 12, 500, 1, 12, 500, 0, 10, 1000, 0, 10, 1000, 1, 12, 500, 1, 12, 500, 0, 10, 1000, 1, 12, 500, 1, 12, 500, 1, 12, 500, 1, 12, 500, 0, 10, 1000, 1, 12, 500, 0, 10, 1000, 1, 12, 500, 1, 12, 500, 1, 12, 500, 1, 12, 500, 0, 10, 1000, 0, 10, 1000,  0 , 0, 0, 0 , 0, 0, 0 , 0, 0, 0 , 0, 0,2,2,2,2,2,2,3,3,3,3,3,3,4,4,4,4,4,4,5,5,5,5,5,5,6,6,6,6,6,6,7,7,7,7,7,7,8,8,8,8,8,8,2,2,2,2,2,2,3,3,3,3,3,3,4,4,4,4,4,4,5,5,5,5,5,5,6,6,6,6,6,6,7,7,7,7,7,7,8,8,8,8,8,8,2,2,2,2,2,2,3,3,3,3,3,3,4,4,4,4,4,4,5,5,5,5,5,5,6,6,6,6,6,6,7,7,7,7,7,7,8,8,8,8,8,8,0,0,0,0,
4, 0, 0, 5, 0, 0, 4, 0, 0, 4, 0, 0, 5, 0, 0, 4, 0, 0, 5, 0, 0, 4, 0, 0, 5, 0, 0, 5, 0, 0, 4, 0, 0, 4, 0, 0, 5, 0, 0, 4, 0, 0, 5, 0, 0, 4, 0, 0, 4, 0, 0, 4, 0, 0, 4, 0, 0, 4, 0, 0, 5, 0, 0, 5, 0, 0, 5, 0, 0, 5, 0, 0, 4, 0, 0, 4, 0, 0, 5, 0, 0, 5, 0, 0, 4, 0, 0, 5, 0, 0, 5, 0, 0, 5, 0, 0, 5, 0, 0, 4, 0, 0, 5, 0, 0, 4, 0, 0, 5, 0, 0, 5, 0, 0, 5, 0, 0, 5, 0, 0, 4, 0, 0, 4, 0, 0, 2, 120, 1500, 3, 130, 2000, 2, 120, 1500, 2, 120, 1500, 3, 130, 2000, 2, 120, 1500, 3, 130, 2000, 2, 120, 1500, 3, 130, 2000, 3, 130, 2000, 2, 120, 1500, 2, 120, 1500, 3, 130, 2000, 2, 120, 1500, 3, 130, 2000, 2, 120, 1500, 2, 120, 1500, 2, 120, 1500, 2, 120, 1500, 2, 120, 1500, 3, 130, 2000, 3, 130, 2000, 3, 130, 2000, 3, 130, 2000, 2, 120, 1500, 2, 120, 1500, 3, 130, 2000, 3, 130, 2000, 2, 120, 1500, 3, 130, 2000, 3, 130, 2000, 3, 130, 2000, 3, 130, 2000, 2, 120, 1500, 3, 130, 2000, 2, 120, 1500, 3, 130, 2000, 3, 130, 2000, 3, 130, 2000, 3, 130, 2000, 2, 120, 1500, 2, 120, 1500, 0, 10, 1000, 1, 12, 500, 0, 10, 1000, 0, 10, 1000, 1, 12, 500, 0, 10, 1000, 1, 12, 500, 0, 10, 1000, 1, 12, 500, 1, 12, 500, 0, 10, 1000, 0, 10, 1000, 1, 12, 500, 0, 10, 1000, 1, 12, 500, 0, 10, 1000, 0, 10, 1000, 0, 10, 1000, 0, 10, 1000, 0, 10, 1000, 1, 12, 500, 1, 12, 500, 1, 12, 500, 1, 12, 500, 0, 10, 1000, 0, 10, 1000, 1, 12, 500, 1, 12, 500, 0, 10, 1000, 1, 12, 500, 1, 12, 500, 1, 12, 500, 1, 12, 500, 0, 10, 1000, 1, 12, 500, 0, 10, 1000, 1, 12, 500, 1, 12, 500, 1, 12, 500, 1, 12, 500, 0, 10, 1000, 0, 10, 1000,  0 , 0, 0, 0 , 0, 0, 0 , 0, 0, 0 , 0, 0,2,2,2,2,2,2,3,3,3,3,3,3,4,4,4,4,4,4,5,5,5,5,5,5,6,6,6,6,6,6,7,7,7,7,7,7,8,8,8,8,8,8,2,2,2,2,2,2,3,3,3,3,3,3,4,4,4,4,4,4,5,5,5,5,5,5,6,6,6,6,6,6,7,7,7,7,7,7,8,8,8,8,8,8,2,2,2,2,2,2,3,3,3,3,3,3,4,4,4,4,4,4,5,5,5,5,5,5,6,6,6,6,6,6,7,7,7,7,7,7,8,8,8,8,8,8,0,0,0,0,
4, 0, 0, 5, 0, 0, 4, 0, 0, 4, 0, 0, 5, 0, 0, 4, 0, 0, 5, 0, 0, 4, 0, 0, 5, 0, 0, 5, 0, 0, 4, 0, 0, 4, 0, 0, 5, 0, 0, 4, 0, 0, 5, 0, 0, 4, 0, 0, 4, 0, 0, 4, 0, 0, 4, 0, 0, 4, 0, 0, 5, 0, 0, 5, 0, 0, 5, 0, 0, 5, 0, 0, 4, 0, 0, 4, 0, 0, 5, 0, 0, 5, 0, 0, 4, 0, 0, 5, 0, 0, 5, 0, 0, 5, 0, 0, 5, 0, 0, 4, 0, 0, 5, 0, 0, 4, 0, 0, 5, 0, 0, 5, 0, 0, 5, 0, 0, 5, 0, 0, 4, 0, 0, 4, 0, 0, 2, 120, 1500, 3, 130, 2000, 2, 120, 1500, 2, 120, 1500, 3, 130, 2000, 2, 120, 1500, 3, 130, 2000, 2, 120, 1500, 3, 130, 2000, 3, 130, 2000, 2, 120, 1500, 2, 120, 1500, 3, 130, 2000, 2, 120, 1500, 3, 130, 2000, 2, 120, 1500, 2, 120, 1500, 2, 120, 1500, 2, 120, 1500, 2, 120, 1500, 3, 130, 2000, 3, 130, 2000, 3, 130, 2000, 3, 130, 2000, 2, 120, 1500, 2, 120, 1500, 3, 130, 2000, 3, 130, 2000, 2, 120, 1500, 3, 130, 2000, 3, 130, 2000, 3, 130, 2000, 3, 130, 2000, 2, 120, 1500, 3, 130, 2000, 2, 120, 1500, 3, 130, 2000, 3, 130, 2000, 3, 130, 2000, 3, 130, 2000, 2, 120, 1500, 2, 120, 1500, 0, 10, 1000, 1, 12, 500, 0, 10, 1000, 0, 10, 1000, 1, 12, 500, 0, 10, 1000, 1, 12, 500, 0, 10, 1000, 1, 12, 500, 1, 12, 500, 0, 10, 1000, 0, 10, 1000, 1, 12, 500, 0, 10, 1000, 1, 12, 500, 0, 10, 1000, 0, 10, 1000, 0, 10, 1000, 0, 10, 1000, 0, 10, 1000, 1, 12, 500, 1, 12, 500, 1, 12, 500, 1, 12, 500, 0, 10, 1000, 0, 10, 1000, 1, 12, 500, 1, 12, 500, 0, 10, 1000, 1, 12, 500, 1, 12, 500, 1, 12, 500, 1, 12, 500, 0, 10, 1000, 1, 12, 500, 0, 10, 1000, 1, 12, 500, 1, 12, 500, 1, 12, 500, 1, 12, 500, 0, 10, 1000, 0, 10, 1000,  0 , 0, 0, 0 , 0, 0, 0 , 0, 0, 0 , 0, 0,2,2,2,2,2,2,3,3,3,3,3,3,4,4,4,4,4,4,5,5,5,5,5,5,6,6,6,6,6,6,7,7,7,7,7,7,8,8,8,8,8,8,2,2,2,2,2,2,3,3,3,3,3,3,4,4,4,4,4,4,5,5,5,5,5,5,6,6,6,6,6,6,7,7,7,7,7,7,8,8,8,8,8,8,2,2,2,2,2,2,3,3,3,3,3,3,4,4,4,4,4,4,5,5,5,5,5,5,6,6,6,6,6,6,7,7,7,7,7,7,8,8,8,8,8,8,0,0,0,0,
4, 0, 0, 5, 0, 0, 4, 0, 0, 4, 0, 0, 5, 0, 0, 4, 0, 0, 5, 0, 0, 4, 0, 0, 5, 0, 0, 5, 0, 0, 4, 0, 0, 4, 0, 0, 5, 0, 0, 4, 0, 0, 5, 0, 0, 4, 0, 0, 4, 0, 0, 4, 0, 0, 4, 0, 0, 4, 0, 0, 5, 0, 0, 5, 0, 0, 5, 0, 0, 5, 0, 0, 4, 0, 0, 4, 0, 0, 5, 0, 0, 5, 0, 0, 4, 0, 0, 5, 0, 0, 5, 0, 0, 5, 0, 0, 5, 0, 0, 4, 0, 0, 5, 0, 0, 4, 0, 0, 5, 0, 0, 5, 0, 0, 5, 0, 0, 5, 0, 0, 4, 0, 0, 4, 0, 0, 2, 120, 1500, 3, 130, 2000, 2, 120, 1500, 2, 120, 1500, 3, 130, 2000, 2, 120, 1500, 3, 130, 2000, 2, 120, 1500, 3, 130, 2000, 3, 130, 2000, 2, 120, 1500, 2, 120, 1500, 3, 130, 2000, 2, 120, 1500, 3, 130, 2000, 2, 120, 1500, 2, 120, 1500, 2, 120, 1500, 2, 120, 1500, 2, 120, 1500, 3, 130, 2000, 3, 130, 2000, 3, 130, 2000, 3, 130, 2000, 2, 120, 1500, 2, 120, 1500, 3, 130, 2000, 3, 130, 2000, 2, 120, 1500, 3, 130, 2000, 3, 130, 2000, 3, 130, 2000, 3, 130, 2000, 2, 120, 1500, 3, 130, 2000, 2, 120, 1500, 3, 130, 2000, 3, 130, 2000, 3, 130, 2000, 3, 130, 2000, 2, 120, 1500, 2, 120, 1500, 0, 10, 1000, 1, 12, 500, 0, 10, 1000, 0, 10, 1000, 1, 12, 500, 0, 10, 1000, 1, 12, 500, 0, 10, 1000, 1, 12, 500, 1, 12, 500, 0, 10, 1000, 0, 10, 1000, 1, 12, 500, 0, 10, 1000, 1, 12, 500, 0, 10, 1000, 0, 10, 1000, 0, 10, 1000, 0, 10, 1000, 0, 10, 1000, 1, 12, 500, 1, 12, 500, 1, 12, 500, 1, 12, 500, 0, 10, 1000, 0, 10, 1000, 1, 12, 500, 1, 12, 500, 0, 10, 1000, 1, 12, 500, 1, 12, 500, 1, 12, 500, 1, 12, 500, 0, 10, 1000, 1, 12, 500, 0, 10, 1000, 1, 12, 500, 1, 12, 500, 1, 12, 500, 1, 12, 500, 0, 10, 1000, 0, 10, 1000,  0 , 0, 0, 0 , 0, 0, 0 , 0, 0, 0 , 0, 0,2,2,2,2,2,2,3,3,3,3,3,3,4,4,4,4,4,4,5,5,5,5,5,5,6,6,6,6,6,6,7,7,7,7,7,7,8,8,8,8,8,8,2,2,2,2,2,2,3,3,3,3,3,3,4,4,4,4,4,4,5,5,5,5,5,5,6,6,6,6,6,6,7,7,7,7,7,7,8,8,8,8,8,8,2,2,2,2,2,2,3,3,3,3,3,3,4,4,4,4,4,4,5,5,5,5,5,5,6,6,6,6,6,6,7,7,7,7,7,7,8,8,8,8,8,8,0,0,0,0,
4, 0, 0, 5, 0, 0, 4, 0, 0, 4, 0, 0, 5, 0, 0, 4, 0, 0, 5, 0, 0, 4, 0, 0, 5, 0, 0, 5, 0, 0, 4, 0, 0, 4, 0, 0, 5, 0, 0, 4, 0, 0, 5, 0, 0, 4, 0, 0, 4, 0, 0, 4, 0, 0, 4, 0, 0, 4, 0, 0, 5, 0, 0, 5, 0, 0, 5, 0, 0, 5, 0, 0, 4, 0, 0, 4, 0, 0, 5, 0, 0, 5, 0, 0, 4, 0, 0, 5, 0, 0, 5, 0, 0, 5, 0, 0, 5, 0, 0, 4, 0, 0, 5, 0, 0, 4, 0, 0, 5, 0, 0, 5, 0, 0, 5, 0, 0, 5, 0, 0, 4, 0, 0, 4, 0, 0, 2, 120, 1500, 3, 130, 2000, 2, 120, 1500, 2, 120, 1500, 3, 130, 2000, 2, 120, 1500, 3, 130, 2000, 2, 120, 1500, 3, 130, 2000, 3, 130, 2000, 2, 120, 1500, 2, 120, 1500, 3, 130, 2000, 2, 120, 1500, 3, 130, 2000, 2, 120, 1500, 2, 120, 1500, 2, 120, 1500, 2, 120, 1500, 2, 120, 1500, 3, 130, 2000, 3, 130, 2000, 3, 130, 2000, 3, 130, 2000, 2, 120, 1500, 2, 120, 1500, 3, 130, 2000, 3, 130, 2000, 2, 120, 1500, 3, 130, 2000, 3, 130, 2000, 3, 130, 2000, 3, 130, 2000, 2, 120, 1500, 3, 130, 2000, 2, 120, 1500, 3, 130, 2000, 3, 130, 2000, 3, 130, 2000, 3, 130, 2000, 2, 120, 1500, 2, 120, 1500, 0, 10, 1000, 1, 12, 500, 0, 10, 1000, 0, 10, 1000, 1, 12, 500, 0, 10, 1000, 1, 12, 500, 0, 10, 1000, 1, 12, 500, 1, 12, 500, 0, 10, 1000, 0, 10, 1000, 1, 12, 500, 0, 10, 1000, 1, 12, 500, 0, 10, 1000, 0, 10, 1000, 0, 10, 1000, 0, 10, 1000, 0, 10, 1000, 1, 12, 500, 1, 12, 500, 1, 12, 500, 1, 12, 500, 0, 10, 1000, 0, 10, 1000, 1, 12, 500, 1, 12, 500, 0, 10, 1000, 1, 12, 500, 1, 12, 500, 1, 12, 500, 1, 12, 500, 0, 10, 1000, 1, 12, 500, 0, 10, 1000, 1, 12, 500, 1, 12, 500, 1, 12, 500, 1, 12, 500, 0, 10, 1000, 0, 10, 1000,  0 , 0, 0, 0 , 0, 0, 0 , 0, 0, 0 , 0, 0,2,2,2,2,2,2,3,3,3,3,3,3,4,4,4,4,4,4,5,5,5,5,5,5,6,6,6,6,6,6,7,7,7,7,7,7,8,8,8,8,8,8,2,2,2,2,2,2,3,3,3,3,3,3,4,4,4,4,4,4,5,5,5,5,5,5,6,6,6,6,6,6,7,7,7,7,7,7,8,8,8,8,8,8,2,2,2,2,2,2,3,3,3,3,3,3,4,4,4,4,4,4,5,5,5,5,5,5,6,6,6,6,6,6,7,7,7,7,7,7,8,8,8,8,8,8,0,0,0,0,
4, 0, 0, 5, 0, 0, 4, 0, 0, 4, 0, 0, 5, 0, 0, 4, 0, 0, 5, 0, 0, 4, 0, 0, 5, 0, 0, 5, 0, 0, 4, 0, 0, 4, 0, 0, 5, 0, 0, 4, 0, 0, 5, 0, 0, 4, 0, 0, 4, 0, 0, 4, 0, 0, 4, 0, 0, 4, 0, 0, 5, 0, 0, 5, 0, 0, 5, 0, 0, 5, 0, 0, 4, 0, 0, 4, 0, 0, 5, 0, 0, 5, 0, 0, 4, 0, 0, 5, 0, 0, 5, 0, 0, 5, 0, 0, 5, 0, 0, 4, 0, 0, 5, 0, 0, 4, 0, 0, 5, 0, 0, 5, 0, 0, 5, 0, 0, 5, 0, 0, 4, 0, 0, 4, 0, 0, 2, 120, 1500, 3, 130, 2000, 2, 120, 1500, 2, 120, 1500, 3, 130, 2000, 2, 120, 1500, 3, 130, 2000, 2, 120, 1500, 3, 130, 2000, 3, 130, 2000, 2, 120, 1500, 2, 120, 1500, 3, 130, 2000, 2, 120, 1500, 3, 130, 2000, 2, 120, 1500, 2, 120, 1500, 2, 120, 1500, 2, 120, 1500, 2, 120, 1500, 3, 130, 2000, 3, 130, 2000, 3, 130, 2000, 3, 130, 2000, 2, 120, 1500, 2, 120, 1500, 3, 130, 2000, 3, 130, 2000, 2, 120, 1500, 3, 130, 2000, 3, 130, 2000, 3, 130, 2000, 3, 130, 2000, 2, 120, 1500, 3, 130, 2000, 2, 120, 1500, 3, 130, 2000, 3, 130, 2000, 3, 130, 2000, 3, 130, 2000, 2, 120, 1500, 2, 120, 1500, 0, 10, 1000, 1, 12, 500, 0, 10, 1000, 0, 10, 1000, 1, 12, 500, 0, 10, 1000, 1, 12, 500, 0, 10, 1000, 1, 12, 500, 1, 12, 500, 0, 10, 1000, 0, 10, 1000, 1, 12, 500, 0, 10, 1000, 1, 12, 500, 0, 10, 1000, 0, 10, 1000, 0, 10, 1000, 0, 10, 1000, 0, 10, 1000, 1, 12, 500, 1, 12, 500, 1, 12, 500, 1, 12, 500, 0, 10, 1000, 0, 10, 1000, 1, 12, 500, 1, 12, 500, 0, 10, 1000, 1, 12, 500, 1, 12, 500, 1, 12, 500, 1, 12, 500, 0, 10, 1000, 1, 12, 500, 0, 10, 1000, 1, 12, 500, 1, 12, 500, 1, 12, 500, 1, 12, 500, 0, 10, 1000, 0, 10, 1000,  0 , 0, 0, 0 , 0, 0, 0 , 0, 0, 0 , 0, 0,2,2,2,2,2,2,3,3,3,3,3,3,4,4,4,4,4,4,5,5,5,5,5,5,6,6,6,6,6,6,7,7,7,7,7,7,8,8,8,8,8,8,2,2,2,2,2,2,3,3,3,3,3,3,4,4,4,4,4,4,5,5,5,5,5,5,6,6,6,6,6,6,7,7,7,7,7,7,8,8,8,8,8,8,2,2,2,2,2,2,3,3,3,3,3,3,4,4,4,4,4,4,5,5,5,5,5,5,6,6,6,6,6,6,7,7,7,7,7,7,8,8,8,8,8,8,0,0,0,0,
4, 0, 0, 5, 0, 0, 4, 0, 0, 4, 0, 0, 5, 0, 0, 4, 0, 0, 5, 0, 0, 4, 0, 0, 5, 0, 0, 5, 0, 0, 4, 0, 0, 4, 0, 0, 5, 0, 0, 4, 0, 0, 5, 0, 0, 4, 0, 0, 4, 0, 0, 4, 0, 0, 4, 0, 0, 4, 0, 0, 5, 0, 0, 5, 0, 0, 5, 0, 0, 5, 0, 0, 4, 0, 0, 4, 0, 0, 5, 0, 0, 5, 0, 0, 4, 0, 0, 5, 0, 0, 5, 0, 0, 5, 0, 0, 5, 0, 0, 4, 0, 0, 5, 0, 0, 4, 0, 0, 5, 0, 0, 5, 0, 0, 5, 0, 0, 5, 0, 0, 4, 0, 0, 4, 0, 0, 2, 120, 1500, 3, 130, 2000, 2, 120, 1500, 2, 120, 1500, 3, 130, 2000, 2, 120, 1500, 3, 130, 2000, 2, 120, 1500, 3, 130, 2000, 3, 130, 2000, 2, 120, 1500, 2, 120, 1500, 3, 130, 2000, 2, 120, 1500, 3, 130, 2000, 2, 120, 1500, 2, 120, 1500, 2, 120, 1500, 2, 120, 1500, 2, 120, 1500, 3, 130, 2000, 3, 130, 2000, 3, 130, 2000, 3, 130, 2000, 2, 120, 1500, 2, 120, 1500, 3, 130, 2000, 3, 130, 2000, 2, 120, 1500, 3, 130, 2000, 3, 130, 2000, 3, 130, 2000, 3, 130, 2000, 2, 120, 1500, 3, 130, 2000, 2, 120, 1500, 3, 130, 2000, 3, 130, 2000, 3, 130, 2000, 3, 130, 2000, 2, 120, 1500, 2, 120, 1500, 0, 10, 1000, 1, 12, 500, 0, 10, 1000, 0, 10, 1000, 1, 12, 500, 0, 10, 1000, 1, 12, 500, 0, 10, 1000, 1, 12, 500, 1, 12, 500, 0, 10, 1000, 0, 10, 1000, 1, 12, 500, 0, 10, 1000, 1, 12, 500, 0, 10, 1000, 0, 10, 1000, 0, 10, 1000, 0, 10, 1000, 0, 10, 1000, 1, 12, 500, 1, 12, 500, 1, 12, 500, 1, 12, 500, 0, 10, 1000, 0, 10, 1000, 1, 12, 500, 1, 12, 500, 0, 10, 1000, 1, 12, 500, 1, 12, 500, 1, 12, 500, 1, 12, 500, 0, 10, 1000, 1, 12, 500, 0, 10, 1000, 1, 12, 500, 1, 12, 500, 1, 12, 500, 1, 12, 500, 0, 10, 1000, 0, 10, 1000,  0 , 0, 0, 0 , 0, 0, 0 , 0, 0, 0 , 0, 0,2,2,2,2,2,2,3,3,3,3,3,3,4,4,4,4,4,4,5,5,5,5,5,5,6,6,6,6,6,6,7,7,7,7,7,7,8,8,8,8,8,8,2,2,2,2,2,2,3,3,3,3,3,3,4,4,4,4,4,4,5,5,5,5,5,5,6,6,6,6,6,6,7,7,7,7,7,7,8,8,8,8,8,8,2,2,2,2,2,2,3,3,3,3,3,3,4,4,4,4,4,4,5,5,5,5,5,5,6,6,6,6,6,6,7,7,7,7,7,7,8,8,8,8,8,8,0,0,0,0,
4, 0, 0, 5, 0, 0, 4, 0, 0, 4, 0, 0, 5, 0, 0, 4, 0, 0, 5, 0, 0, 4, 0, 0, 5, 0, 0, 5, 0, 0, 4, 0, 0, 4, 0, 0, 5, 0, 0, 4, 0, 0, 5, 0, 0, 4, 0, 0, 4, 0, 0, 4, 0, 0, 4, 0, 0, 4, 0, 0, 5, 0, 0, 5, 0, 0, 5, 0, 0, 5, 0, 0, 4, 0, 0, 4, 0, 0, 5, 0, 0, 5, 0, 0, 4, 0, 0, 5, 0, 0, 5, 0, 0, 5, 0, 0, 5, 0, 0, 4, 0, 0, 5, 0, 0, 4, 0, 0, 5, 0, 0, 5, 0, 0, 5, 0, 0, 5, 0, 0, 4, 0, 0, 4, 0, 0, 2, 120, 1500, 3, 130, 2000, 2, 120, 1500, 2, 120, 1500, 3, 130, 2000, 2, 120, 1500, 3, 130, 2000, 2, 120, 1500, 3, 130, 2000, 3, 130, 2000, 2, 120, 1500, 2, 120, 1500, 3, 130, 2000, 2, 120, 1500, 3, 130, 2000, 2, 120, 1500, 2, 120, 1500, 2, 120, 1500, 2, 120, 1500, 2, 120, 1500, 3, 130, 2000, 3, 130, 2000, 3, 130, 2000, 3, 130, 2000, 2, 120, 1500, 2, 120, 1500, 3, 130, 2000, 3, 130, 2000, 2, 120, 1500, 3, 130, 2000, 3, 130, 2000, 3, 130, 2000, 3, 130, 2000, 2, 120, 1500, 3, 130, 2000, 2, 120, 1500, 3, 130, 2000, 3, 130, 2000, 3, 130, 2000, 3, 130, 2000, 2, 120, 1500, 2, 120, 1500, 0, 10, 1000, 1, 12, 500, 0, 10, 1000, 0, 10, 1000, 1, 12, 500, 0, 10, 1000, 1, 12, 500, 0, 10, 1000, 1, 12, 500, 1, 12, 500, 0, 10, 1000, 0, 10, 1000, 1, 12, 500, 0, 10, 1000, 1, 12, 500, 0, 10, 1000, 0, 10, 1000, 0, 10, 1000, 0, 10, 1000, 0, 10, 1000, 1, 12, 500, 1, 12, 500, 1, 12, 500, 1, 12, 500, 0, 10, 1000, 0, 10, 1000, 1, 12, 500, 1, 12, 500, 0, 10, 1000, 1, 12, 500, 1, 12, 500, 1, 12, 500, 1, 12, 500, 0, 10, 1000, 1, 12, 500, 0, 10, 1000, 1, 12, 500, 1, 12, 500, 1, 12, 500, 1, 12, 500, 0, 10, 1000, 0, 10, 1000,  0 , 0, 0, 0 , 0, 0, 0 , 0, 0, 0 , 0, 0,2,2,2,2,2,2,3,3,3,3,3,3,4,4,4,4,4,4,5,5,5,5,5,5,6,6,6,6,6,6,7,7,7,7,7,7,8,8,8,8,8,8,2,2,2,2,2,2,3,3,3,3,3,3,4,4,4,4,4,4,5,5,5,5,5,5,6,6,6,6,6,6,7,7,7,7,7,7,8,8,8,8,8,8,2,2,2,2,2,2,3,3,3,3,3,3,4,4,4,4,4,4,5,5,5,5,5,5,6,6,6,6,6,6,7,7,7,7,7,7,8,8,8,8,8,8,0,0,0,0,
4, 0, 0, 5, 0, 0, 4, 0, 0, 4, 0, 0, 5, 0, 0, 4, 0, 0, 5, 0, 0, 4, 0, 0, 5, 0, 0, 5, 0, 0, 4, 0, 0, 4, 0, 0, 5, 0, 0, 4, 0, 0, 5, 0, 0, 4, 0, 0, 4, 0, 0, 4, 0, 0, 4, 0, 0, 4, 0, 0, 5, 0, 0, 5, 0, 0, 5, 0, 0, 5, 0, 0, 4, 0, 0, 4, 0, 0, 5, 0, 0, 5, 0, 0, 4, 0, 0, 5, 0, 0, 5, 0, 0, 5, 0, 0, 5, 0, 0, 4, 0, 0, 5, 0, 0, 4, 0, 0, 5, 0, 0, 5, 0, 0, 5, 0, 0, 5, 0, 0, 4, 0, 0, 4, 0, 0, 2, 120, 1500, 3, 130, 2000, 2, 120, 1500, 2, 120, 1500, 3, 130, 2000, 2, 120, 1500, 3, 130, 2000, 2, 120, 1500, 3, 130, 2000, 3, 130, 2000, 2, 120, 1500, 2, 120, 1500, 3, 130, 2000, 2, 120, 1500, 3, 130, 2000, 2, 120, 1500, 2, 120, 1500, 2, 120, 1500, 2, 120, 1500, 2, 120, 1500, 3, 130, 2000, 3, 130, 2000, 3, 130, 2000, 3, 130, 2000, 2, 120, 1500, 2, 120, 1500, 3, 130, 2000, 3, 130, 2000, 2, 120, 1500, 3, 130, 2000, 3, 130, 2000, 3, 130, 2000, 3, 130, 2000, 2, 120, 1500, 3, 130, 2000, 2, 120, 1500, 3, 130, 2000, 3, 130, 2000, 3, 130, 2000, 3, 130, 2000, 2, 120, 1500, 2, 120, 1500, 0, 10, 1000, 1, 12, 500, 0, 10, 1000, 0, 10, 1000, 1, 12, 500, 0, 10, 1000, 1, 12, 500, 0, 10, 1000, 1, 12, 500, 1, 12, 500, 0, 10, 1000, 0, 10, 1000, 1, 12, 500, 0, 10, 1000, 1, 12, 500, 0, 10, 1000, 0, 10, 1000, 0, 10, 1000, 0, 10, 1000, 0, 10, 1000, 1, 12, 500, 1, 12, 500, 1, 12, 500, 1, 12, 500, 0, 10, 1000, 0, 10, 1000, 1, 12, 500, 1, 12, 500, 0, 10, 1000, 1, 12, 500, 1, 12, 500, 1, 12, 500, 1, 12, 500, 0, 10, 1000, 1, 12, 500, 0, 10, 1000, 1, 12, 500, 1, 12, 500, 1, 12, 500, 1, 12, 500, 0, 10, 1000, 0, 10, 1000,  0 , 0, 0, 0 , 0, 0, 0 , 0, 0, 0 , 0, 0,2,2,2,2,2,2,3,3,3,3,3,3,4,4,4,4,4,4,5,5,5,5,5,5,6,6,6,6,6,6,7,7,7,7,7,7,8,8,8,8,8,8,2,2,2,2,2,2,3,3,3,3,3,3,4,4,4,4,4,4,5,5,5,5,5,5,6,6,6,6,6,6,7,7,7,7,7,7,8,8,8,8,8,8,2,2,2,2,2,2,3,3,3,3,3,3,4,4,4,4,4,4,5,5,5,5,5,5,6,6,6,6,6,6,7,7,7,7,7,7,8,8,8,8,8,8,0,0,0,0,
4, 0, 0, 5, 0, 0, 4, 0, 0, 4, 0, 0, 5, 0, 0, 4, 0, 0, 5, 0, 0, 4, 0, 0, 5, 0, 0, 5, 0, 0, 4, 0, 0, 4, 0, 0, 5, 0, 0, 4, 0, 0, 5, 0, 0, 4, 0, 0, 4, 0, 0, 4, 0, 0, 4, 0, 0, 4, 0, 0, 5, 0, 0, 5, 0, 0, 5, 0, 0, 5, 0, 0, 4, 0, 0, 4, 0, 0, 5, 0, 0, 5, 0, 0, 4, 0, 0, 5, 0, 0, 5, 0, 0, 5, 0, 0, 5, 0, 0, 4, 0, 0, 5, 0, 0, 4, 0, 0, 5, 0, 0, 5, 0, 0, 5, 0, 0, 5, 0, 0, 4, 0, 0, 4, 0, 0, 2, 120, 1500, 3, 130, 2000, 2, 120, 1500, 2, 120, 1500, 3, 130, 2000, 2, 120, 1500, 3, 130, 2000, 2, 120, 1500, 3, 130, 2000, 3, 130, 2000, 2, 120, 1500, 2, 120, 1500, 3, 130, 2000, 2, 120, 1500, 3, 130, 2000, 2, 120, 1500, 2, 120, 1500, 2, 120, 1500, 2, 120, 1500, 2, 120, 1500, 3, 130, 2000, 3, 130, 2000, 3, 130, 2000, 3, 130, 2000, 2, 120, 1500, 2, 120, 1500, 3, 130, 2000, 3, 130, 2000, 2, 120, 1500, 3, 130, 2000, 3, 130, 2000, 3, 130, 2000, 3, 130, 2000, 2, 120, 1500, 3, 130, 2000, 2, 120, 1500, 3, 130, 2000, 3, 130, 2000, 3, 130, 2000, 3, 130, 2000, 2, 120, 1500, 2, 120, 1500, 0, 10, 1000, 1, 12, 500, 0, 10, 1000, 0, 10, 1000, 1, 12, 500, 0, 10, 1000, 1, 12, 500, 0, 10, 1000, 1, 12, 500, 1, 12, 500, 0, 10, 1000, 0, 10, 1000, 1, 12, 500, 0, 10, 1000, 1, 12, 500, 0, 10, 1000, 0, 10, 1000, 0, 10, 1000, 0, 10, 1000, 0, 10, 1000, 1, 12, 500, 1, 12, 500, 1, 12, 500, 1, 12, 500, 0, 10, 1000, 0, 10, 1000, 1, 12, 500, 1, 12, 500, 0, 10, 1000, 1, 12, 500, 1, 12, 500, 1, 12, 500, 1, 12, 500, 0, 10, 1000, 1, 12, 500, 0, 10, 1000, 1, 12, 500, 1, 12, 500, 1, 12, 500, 1, 12, 500, 0, 10, 1000, 0, 10, 1000,  0 , 0, 0, 0 , 0, 0, 0 , 0, 0, 0 , 0, 0,2,2,2,2,2,2,3,3,3,3,3,3,4,4,4,4,4,4,5,5,5,5,5,5,6,6,6,6,6,6,7,7,7,7,7,7,8,8,8,8,8,8,2,2,2,2,2,2,3,3,3,3,3,3,4,4,4,4,4,4,5,5,5,5,5,5,6,6,6,6,6,6,7,7,7,7,7,7,8,8,8,8,8,8,2,2,2,2,2,2,3,3,3,3,3,3,4,4,4,4,4,4,5,5,5,5,5,5,6,6,6,6,6,6,7,7,7,7,7,7,8,8,8,8,8,8,0,0,0,0,
4, 0, 0, 5, 0, 0, 4, 0, 0, 4, 0, 0, 5, 0, 0, 4, 0, 0, 5, 0, 0, 4, 0, 0, 5, 0, 0, 5, 0, 0, 4, 0, 0, 4, 0, 0, 5, 0, 0, 4, 0, 0, 5, 0, 0, 4, 0, 0, 4, 0, 0, 4, 0, 0, 4, 0, 0, 4, 0, 0, 5, 0, 0, 5, 0, 0, 5, 0, 0, 5, 0, 0, 4, 0, 0, 4, 0, 0, 5, 0, 0, 5, 0, 0, 4, 0, 0, 5, 0, 0, 5, 0, 0, 5, 0, 0, 5, 0, 0, 4, 0, 0, 5, 0, 0, 4, 0, 0, 5, 0, 0, 5, 0, 0, 5, 0, 0, 5, 0, 0, 4, 0, 0, 4, 0, 0, 2, 120, 1500, 3, 130, 2000, 2, 120, 1500, 2, 120, 1500, 3, 130, 2000, 2, 120, 1500, 3, 130, 2000, 2, 120, 1500, 3, 130, 2000, 3, 130, 2000, 2, 120, 1500, 2, 120, 1500, 3, 130, 2000, 2, 120, 1500, 3, 130, 2000, 2, 120, 1500, 2, 120, 1500, 2, 120, 1500, 2, 120, 1500, 2, 120, 1500, 3, 130, 2000, 3, 130, 2000, 3, 130, 2000, 3, 130, 2000, 2, 120, 1500, 2, 120, 1500, 3, 130, 2000, 3, 130, 2000, 2, 120, 1500, 3, 130, 2000, 3, 130, 2000, 3, 130, 2000, 3, 130, 2000, 2, 120, 1500, 3, 130, 2000, 2, 120, 1500, 3, 130, 2000, 3, 130, 2000, 3, 130, 2000, 3, 130, 2000, 2, 120, 1500, 2, 120, 1500, 0, 10, 1000, 1, 12, 500, 0, 10, 1000, 0, 10, 1000, 1, 12, 500, 0, 10, 1000, 1, 12, 500, 0, 10, 1000, 1, 12, 500, 1, 12, 500, 0, 10, 1000, 0, 10, 1000, 1, 12, 500, 0, 10, 1000, 1, 12, 500, 0, 10, 1000, 0, 10, 1000, 0, 10, 1000, 0, 10, 1000, 0, 10, 1000, 1, 12, 500, 1, 12, 500, 1, 12, 500, 1, 12, 500, 0, 10, 1000, 0, 10, 1000, 1, 12, 500, 1, 12, 500, 0, 10, 1000, 1, 12, 500, 1, 12, 500, 1, 12, 500, 1, 12, 500, 0, 10, 1000, 1, 12, 500, 0, 10, 1000, 1, 12, 500, 1, 12, 500, 1, 12, 500, 1, 12, 500, 0, 10, 1000, 0, 10, 1000,  0 , 0, 0, 0 , 0, 0, 0 , 0, 0, 0 , 0, 0,2,2,2,2,2,2,3,3,3,3,3,3,4,4,4,4,4,4,5,5,5,5,5,5,6,6,6,6,6,6,7,7,7,7,7,7,8,8,8,8,8,8,2,2,2,2,2,2,3,3,3,3,3,3,4,4,4,4,4,4,5,5,5,5,5,5,6,6,6,6,6,6,7,7,7,7,7,7,8,8,8,8,8,8,2,2,2,2,2,2,3,3,3,3,3,3,4,4,4,4,4,4,5,5,5,5,5,5,6,6,6,6,6,6,7,7,7,7,7,7,8,8,8,8,8,8,0,0,0,0,
4, 0, 0, 5, 0, 0, 4, 0, 0, 4, 0, 0, 5, 0, 0, 4, 0, 0, 5, 0, 0, 4, 0, 0, 5, 0, 0, 5, 0, 0, 4, 0, 0, 4, 0, 0, 5, 0, 0, 4, 0, 0, 5, 0, 0, 4, 0, 0, 4, 0, 0, 4, 0, 0, 4, 0, 0, 4, 0, 0, 5, 0, 0, 5, 0, 0, 5, 0, 0, 5, 0, 0, 4, 0, 0, 4, 0, 0, 5, 0, 0, 5, 0, 0, 4, 0, 0, 5, 0, 0, 5, 0, 0, 5, 0, 0, 5, 0, 0, 4, 0, 0, 5, 0, 0, 4, 0, 0, 5, 0, 0, 5, 0, 0, 5, 0, 0, 5, 0, 0, 4, 0, 0, 4, 0, 0, 2, 120, 1500, 3, 130, 2000, 2, 120, 1500, 2, 120, 1500, 3, 130, 2000, 2, 120, 1500, 3, 130, 2000, 2, 120, 1500, 3, 130, 2000, 3, 130, 2000, 2, 120, 1500, 2, 120, 1500, 3, 130, 2000, 2, 120, 1500, 3, 130, 2000, 2, 120, 1500, 2, 120, 1500, 2, 120, 1500, 2, 120, 1500, 2, 120, 1500, 3, 130, 2000, 3, 130, 2000, 3, 130, 2000, 3, 130, 2000, 2, 120, 1500, 2, 120, 1500, 3, 130, 2000, 3, 130, 2000, 2, 120, 1500, 3, 130, 2000, 3, 130, 2000, 3, 130, 2000, 3, 130, 2000, 2, 120, 1500, 3, 130, 2000, 2, 120, 1500, 3, 130, 2000, 3, 130, 2000, 3, 130, 2000, 3, 130, 2000, 2, 120, 1500, 2, 120, 1500, 0, 10, 1000, 1, 12, 500, 0, 10, 1000, 0, 10, 1000, 1, 12, 500, 0, 10, 1000, 1, 12, 500, 0, 10, 1000, 1, 12, 500, 1, 12, 500, 0, 10, 1000, 0, 10, 1000, 1, 12, 500, 0, 10, 1000, 1, 12, 500, 0, 10, 1000, 0, 10, 1000, 0, 10, 1000, 0, 10, 1000, 0, 10, 1000, 1, 12, 500, 1, 12, 500, 1, 12, 500, 1, 12, 500, 0, 10, 1000, 0, 10, 1000, 1, 12, 500, 1, 12, 500, 0, 10, 1000, 1, 12, 500, 1, 12, 500, 1, 12, 500, 1, 12, 500, 0, 10, 1000, 1, 12, 500, 0, 10, 1000, 1, 12, 500, 1, 12, 500, 1, 12, 500, 1, 12, 500, 0, 10, 1000, 0, 10, 1000,  0 , 0, 0, 0 , 0, 0, 0 , 0, 0, 0 , 0, 0,2,2,2,2,2,2,3,3,3,3,3,3,4,4,4,4,4,4,5,5,5,5,5,5,6,6,6,6,6,6,7,7,7,7,7,7,8,8,8,8,8,8,2,2,2,2,2,2,3,3,3,3,3,3,4,4,4,4,4,4,5,5,5,5,5,5,6,6,6,6,6,6,7,7,7,7,7,7,8,8,8,8,8,8,2,2,2,2,2,2,3,3,3,3,3,3,4,4,4,4,4,4,5,5,5,5,5,5,6,6,6,6,6,6,7,7,7,7,7,7,8,8,8,8,8,8,0,0,0,0,
4, 0, 0, 5, 0, 0, 4, 0, 0, 4, 0, 0, 5, 0, 0, 4, 0, 0, 5, 0, 0, 4, 0, 0, 5, 0, 0, 5, 0, 0, 4, 0, 0, 4, 0, 0, 5, 0, 0, 4, 0, 0, 5, 0, 0, 4, 0, 0, 4, 0, 0, 4, 0, 0, 4, 0, 0, 4, 0, 0, 5, 0, 0, 5, 0, 0, 5, 0, 0, 5, 0, 0, 4, 0, 0, 4, 0, 0, 5, 0, 0, 5, 0, 0, 4, 0, 0, 5, 0, 0, 5, 0, 0, 5, 0, 0, 5, 0, 0, 4, 0, 0, 5, 0, 0, 4, 0, 0, 5, 0, 0, 5, 0, 0, 5, 0, 0, 5, 0, 0, 4, 0, 0, 4, 0, 0, 2, 120, 1500, 3, 130, 2000, 2, 120, 1500, 2, 120, 1500, 3, 130, 2000, 2, 120, 1500, 3, 130, 2000, 2, 120, 1500, 3, 130, 2000, 3, 130, 2000, 2, 120, 1500, 2, 120, 1500, 3, 130, 2000, 2, 120, 1500, 3, 130, 2000, 2, 120, 1500, 2, 120, 1500, 2, 120, 1500, 2, 120, 1500, 2, 120, 1500, 3, 130, 2000, 3, 130, 2000, 3, 130, 2000, 3, 130, 2000, 2, 120, 1500, 2, 120, 1500, 3, 130, 2000, 3, 130, 2000, 2, 120, 1500, 3, 130, 2000, 3, 130, 2000, 3, 130, 2000, 3, 130, 2000, 2, 120, 1500, 3, 130, 2000, 2, 120, 1500, 3, 130, 2000, 3, 130, 2000, 3, 130, 2000, 3, 130, 2000, 2, 120, 1500, 2, 120, 1500, 0, 10, 1000, 1, 12, 500, 0, 10, 1000, 0, 10, 1000, 1, 12, 500, 0, 10, 1000, 1, 12, 500, 0, 10, 1000, 1, 12, 500, 1, 12, 500, 0, 10, 1000, 0, 10, 1000, 1, 12, 500, 0, 10, 1000, 1, 12, 500, 0, 10, 1000, 0, 10, 1000, 0, 10, 1000, 0, 10, 1000, 0, 10, 1000, 1, 12, 500, 1, 12, 500, 1, 12, 500, 1, 12, 500, 0, 10, 1000, 0, 10, 1000, 1, 12, 500, 1, 12, 500, 0, 10, 1000, 1, 12, 500, 1, 12, 500, 1, 12, 500, 1, 12, 500, 0, 10, 1000, 1, 12, 500, 0, 10, 1000, 1, 12, 500, 1, 12, 500, 1, 12, 500, 1, 12, 500, 0, 10, 1000, 0, 10, 1000,  0 , 0, 0, 0 , 0, 0, 0 , 0, 0, 0 , 0, 0,2,2,2,2,2,2,3,3,3,3,3,3,4,4,4,4,4,4,5,5,5,5,5,5,6,6,6,6,6,6,7,7,7,7,7,7,8,8,8,8,8,8,2,2,2,2,2,2,3,3,3,3,3,3,4,4,4,4,4,4,5,5,5,5,5,5,6,6,6,6,6,6,7,7,7,7,7,7,8,8,8,8,8,8,2,2,2,2,2,2,3,3,3,3,3,3,4,4,4,4,4,4,5,5,5,5,5,5,6,6,6,6,6,6,7,7,7,7,7,7,8,8,8,8,8,8,0,0,0,0,
4, 0, 0, 5, 0, 0, 4, 0, 0, 4, 0, 0, 5, 0, 0, 4, 0, 0, 5, 0, 0, 4, 0, 0, 5, 0, 0, 5, 0, 0, 4, 0, 0, 4, 0, 0, 5, 0, 0, 4, 0, 0, 5, 0, 0, 4, 0, 0, 4, 0, 0, 4, 0, 0, 4, 0, 0, 4, 0, 0, 5, 0, 0, 5, 0, 0, 5, 0, 0, 5, 0, 0, 4, 0, 0, 4, 0, 0, 5, 0, 0, 5, 0, 0, 4, 0, 0, 5, 0, 0, 5, 0, 0, 5, 0, 0, 5, 0, 0, 4, 0, 0, 5, 0, 0, 4, 0, 0, 5, 0, 0, 5, 0, 0, 5, 0, 0, 5, 0, 0, 4, 0, 0, 4, 0, 0, 2, 120, 1500, 3, 130, 2000, 2, 120, 1500, 2, 120, 1500, 3, 130, 2000, 2, 120, 1500, 3, 130, 2000, 2, 120, 1500, 3, 130, 2000, 3, 130, 2000, 2, 120, 1500, 2, 120, 1500, 3, 130, 2000, 2, 120, 1500, 3, 130, 2000, 2, 120, 1500, 2, 120, 1500, 2, 120, 1500, 2, 120, 1500, 2, 120, 1500, 3, 130, 2000, 3, 130, 2000, 3, 130, 2000, 3, 130, 2000, 2, 120, 1500, 2, 120, 1500, 3, 130, 2000, 3, 130, 2000, 2, 120, 1500, 3, 130, 2000, 3, 130, 2000, 3, 130, 2000, 3, 130, 2000, 2, 120, 1500, 3, 130, 2000, 2, 120, 1500, 3, 130, 2000, 3, 130, 2000, 3, 130, 2000, 3, 130, 2000, 2, 120, 1500, 2, 120, 1500, 0, 10, 1000, 1, 12, 500, 0, 10, 1000, 0, 10, 1000, 1, 12, 500, 0, 10, 1000, 1, 12, 500, 0, 10, 1000, 1, 12, 500, 1, 12, 500, 0, 10, 1000, 0, 10, 1000, 1, 12, 500, 0, 10, 1000, 1, 12, 500, 0, 10, 1000, 0, 10, 1000, 0, 10, 1000, 0, 10, 1000, 0, 10, 1000, 1, 12, 500, 1, 12, 500, 1, 12, 500, 1, 12, 500, 0, 10, 1000, 0, 10, 1000, 1, 12, 500, 1, 12, 500, 0, 10, 1000, 1, 12, 500, 1, 12, 500, 1, 12, 500, 1, 12, 500, 0, 10, 1000, 1, 12, 500, 0, 10, 1000, 1, 12, 500, 1, 12, 500, 1, 12, 500, 1, 12, 500, 0, 10, 1000, 0, 10, 1000,  0 , 0, 0, 0 , 0, 0, 0 , 0, 0, 0 , 0, 0,2,2,2,2,2,2,3,3,3,3,3,3,4,4,4,4,4,4,5,5,5,5,5,5,6,6,6,6,6,6,7,7,7,7,7,7,8,8,8,8,8,8,2,2,2,2,2,2,3,3,3,3,3,3,4,4,4,4,4,4,5,5,5,5,5,5,6,6,6,6,6,6,7,7,7,7,7,7,8,8,8,8,8,8,2,2,2,2,2,2,3,3,3,3,3,3,4,4,4,4,4,4,5,5,5,5,5,5,6,6,6,6,6,6,7,7,7,7,7,7,8,8,8,8,8,8,0,0,0,0,
4, 0, 0, 5, 0, 0, 4, 0, 0, 4, 0, 0, 5, 0, 0, 4, 0, 0, 5, 0, 0, 4, 0, 0, 5, 0, 0, 5, 0, 0, 4, 0, 0, 4, 0, 0, 5, 0, 0, 4, 0, 0, 5, 0, 0, 4, 0, 0, 4, 0, 0, 4, 0, 0, 4, 0, 0, 4, 0, 0, 5, 0, 0, 5, 0, 0, 5, 0, 0, 5, 0, 0, 4, 0, 0, 4, 0, 0, 5, 0, 0, 5, 0, 0, 4, 0, 0, 5, 0, 0, 5, 0, 0, 5, 0, 0, 5, 0, 0, 4, 0, 0, 5, 0, 0, 4, 0, 0, 5, 0, 0, 5, 0, 0, 5, 0, 0, 5, 0, 0, 4, 0, 0, 4, 0, 0, 2, 120, 1500, 3, 130, 2000, 2, 120, 1500, 2, 120, 1500, 3, 130, 2000, 2, 120, 1500, 3, 130, 2000, 2, 120, 1500, 3, 130, 2000, 3, 130, 2000, 2, 120, 1500, 2, 120, 1500, 3, 130, 2000, 2, 120, 1500, 3, 130, 2000, 2, 120, 1500, 2, 120, 1500, 2, 120, 1500, 2, 120, 1500, 2, 120, 1500, 3, 130, 2000, 3, 130, 2000, 3, 130, 2000, 3, 130, 2000, 2, 120, 1500, 2, 120, 1500, 3, 130, 2000, 3, 130, 2000, 2, 120, 1500, 3, 130, 2000, 3, 130, 2000, 3, 130, 2000, 3, 130, 2000, 2, 120, 1500, 3, 130, 2000, 2, 120, 1500, 3, 130, 2000, 3, 130, 2000, 3, 130, 2000, 3, 130, 2000, 2, 120, 1500, 2, 120, 1500, 0, 10, 1000, 1, 12, 500, 0, 10, 1000, 0, 10, 1000, 1, 12, 500, 0, 10, 1000, 1, 12, 500, 0, 10, 1000, 1, 12, 500, 1, 12, 500, 0, 10, 1000, 0, 10, 1000, 1, 12, 500, 0, 10, 1000, 1, 12, 500, 0, 10, 1000, 0, 10, 1000, 0, 10, 1000, 0, 10, 1000, 0, 10, 1000, 1, 12, 500, 1, 12, 500, 1, 12, 500, 1, 12, 500, 0, 10, 1000, 0, 10, 1000, 1, 12, 500, 1, 12, 500, 0, 10, 1000, 1, 12, 500, 1, 12, 500, 1, 12, 500, 1, 12, 500, 0, 10, 1000, 1, 12, 500, 0, 10, 1000, 1, 12, 500, 1, 12, 500, 1, 12, 500, 1, 12, 500, 0, 10, 1000, 0, 10, 1000,  0 , 0, 0, 0 , 0, 0, 0 , 0, 0, 0 , 0, 0,2,2,2,2,2,2,3,3,3,3,3,3,4,4,4,4,4,4,5,5,5,5,5,5,6,6,6,6,6,6,7,7,7,7,7,7,8,8,8,8,8,8,2,2,2,2,2,2,3,3,3,3,3,3,4,4,4,4,4,4,5,5,5,5,5,5,6,6,6,6,6,6,7,7,7,7,7,7,8,8,8,8,8,8,2,2,2,2,2,2,3,3,3,3,3,3,4,4,4,4,4,4,5,5,5,5,5,5,6,6,6,6,6,6,7,7,7,7,7,7,8,8,8,8,8,8,0,0,0,0,
4, 0, 0, 5, 0, 0, 4, 0, 0, 4, 0, 0, 5, 0, 0, 4, 0, 0, 5, 0, 0, 4, 0, 0, 5, 0, 0, 5, 0, 0, 4, 0, 0, 4, 0, 0, 5, 0, 0, 4, 0, 0, 5, 0, 0, 4, 0, 0, 4, 0, 0, 4, 0, 0, 4, 0, 0, 4, 0, 0, 5, 0, 0, 5, 0, 0, 5, 0, 0, 5, 0, 0, 4, 0, 0, 4, 0, 0, 5, 0, 0, 5, 0, 0, 4, 0, 0, 5, 0, 0, 5, 0, 0, 5, 0, 0, 5, 0, 0, 4, 0, 0, 5, 0, 0, 4, 0, 0, 5, 0, 0, 5, 0, 0, 5, 0, 0, 5, 0, 0, 4, 0, 0, 4, 0, 0, 2, 120, 1500, 3, 130, 2000, 2, 120, 1500, 2, 120, 1500, 3, 130, 2000, 2, 120, 1500, 3, 130, 2000, 2, 120, 1500, 3, 130, 2000, 3, 130, 2000, 2, 120, 1500, 2, 120, 1500, 3, 130, 2000, 2, 120, 1500, 3, 130, 2000, 2, 120, 1500, 2, 120, 1500, 2, 120, 1500, 2, 120, 1500, 2, 120, 1500, 3, 130, 2000, 3, 130, 2000, 3, 130, 2000, 3, 130, 2000, 2, 120, 1500, 2, 120, 1500, 3, 130, 2000, 3, 130, 2000, 2, 120, 1500, 3, 130, 2000, 3, 130, 2000, 3, 130, 2000, 3, 130, 2000, 2, 120, 1500, 3, 130, 2000, 2, 120, 1500, 3, 130, 2000, 3, 130, 2000, 3, 130, 2000, 3, 130, 2000, 2, 120, 1500, 2, 120, 1500, 0, 10, 1000, 1, 12, 500, 0, 10, 1000, 0, 10, 1000, 1, 12, 500, 0, 10, 1000, 1, 12, 500, 0, 10, 1000, 1, 12, 500, 1, 12, 500, 0, 10, 1000, 0, 10, 1000, 1, 12, 500, 0, 10, 1000, 1, 12, 500, 0, 10, 1000, 0, 10, 1000, 0, 10, 1000, 0, 10, 1000, 0, 10, 1000, 1, 12, 500, 1, 12, 500, 1, 12, 500, 1, 12, 500, 0, 10, 1000, 0, 10, 1000, 1, 12, 500, 1, 12, 500, 0, 10, 1000, 1, 12, 500, 1, 12, 500, 1, 12, 500, 1, 12, 500, 0, 10, 1000, 1, 12, 500, 0, 10, 1000, 1, 12, 500, 1, 12, 500, 1, 12, 500, 1, 12, 500, 0, 10, 1000, 0, 10, 1000,  0 , 0, 0, 0 , 0, 0, 0 , 0, 0, 0 , 0, 0,2,2,2,2,2,2,3,3,3,3,3,3,4,4,4,4,4,4,5,5,5,5,5,5,6,6,6,6,6,6,7,7,7,7,7,7,8,8,8,8,8,8,2,2,2,2,2,2,3,3,3,3,3,3,4,4,4,4,4,4,5,5,5,5,5,5,6,6,6,6,6,6,7,7,7,7,7,7,8,8,8,8,8,8,2,2,2,2,2,2,3,3,3,3,3,3,4,4,4,4,4,4,5,5,5,5,5,5,6,6,6,6,6,6,7,7,7,7,7,7,8,8,8,8,8,8,0,0,0,0,
4, 0, 0, 5, 0, 0, 4, 0, 0, 4, 0, 0, 5, 0, 0, 4, 0, 0, 5, 0, 0, 4, 0, 0, 5, 0, 0, 5, 0, 0, 4, 0, 0, 4, 0, 0, 5, 0, 0, 4, 0, 0, 5, 0, 0, 4, 0, 0, 4, 0, 0, 4, 0, 0, 4, 0, 0, 4, 0, 0, 5, 0, 0, 5, 0, 0, 5, 0, 0, 5, 0, 0, 4, 0, 0, 4, 0, 0, 5, 0, 0, 5, 0, 0, 4, 0, 0, 5, 0, 0, 5, 0, 0, 5, 0, 0, 5, 0, 0, 4, 0, 0, 5, 0, 0, 4, 0, 0, 5, 0, 0, 5, 0, 0, 5, 0, 0, 5, 0, 0, 4, 0, 0, 4, 0, 0, 2, 120, 1500, 3, 130, 2000, 2, 120, 1500, 2, 120, 1500, 3, 130, 2000, 2, 120, 1500, 3, 130, 2000, 2, 120, 1500, 3, 130, 2000, 3, 130, 2000, 2, 120, 1500, 2, 120, 1500, 3, 130, 2000, 2, 120, 1500, 3, 130, 2000, 2, 120, 1500, 2, 120, 1500, 2, 120, 1500, 2, 120, 1500, 2, 120, 1500, 3, 130, 2000, 3, 130, 2000, 3, 130, 2000, 3, 130, 2000, 2, 120, 1500, 2, 120, 1500, 3, 130, 2000, 3, 130, 2000, 2, 120, 1500, 3, 130, 2000, 3, 130, 2000, 3, 130, 2000, 3, 130, 2000, 2, 120, 1500, 3, 130, 2000, 2, 120, 1500, 3, 130, 2000, 3, 130, 2000, 3, 130, 2000, 3, 130, 2000, 2, 120, 1500, 2, 120, 1500, 0, 10, 1000, 1, 12, 500, 0, 10, 1000, 0, 10, 1000, 1, 12, 500, 0, 10, 1000, 1, 12, 500, 0, 10, 1000, 1, 12, 500, 1, 12, 500, 0, 10, 1000, 0, 10, 1000, 1, 12, 500, 0, 10, 1000, 1, 12, 500, 0, 10, 1000, 0, 10, 1000, 0, 10, 1000, 0, 10, 1000, 0, 10, 1000, 1, 12, 500, 1, 12, 500, 1, 12, 500, 1, 12, 500, 0, 10, 1000, 0, 10, 1000, 1, 12, 500, 1, 12, 500, 0, 10, 1000, 1, 12, 500, 1, 12, 500, 1, 12, 500, 1, 12, 500, 0, 10, 1000, 1, 12, 500, 0, 10, 1000, 1, 12, 500, 1, 12, 500, 1, 12, 500, 1, 12, 500, 0, 10, 1000, 0, 10, 1000,  0 , 0, 0, 0 , 0, 0, 0 , 0, 0, 0 , 0, 0,2,2,2,2,2,2,3,3,3,3,3,3,4,4,4,4,4,4,5,5,5,5,5,5,6,6,6,6,6,6,7,7,7,7,7,7,8,8,8,8,8,8,2,2,2,2,2,2,3,3,3,3,3,3,4,4,4,4,4,4,5,5,5,5,5,5,6,6,6,6,6,6,7,7,7,7,7,7,8,8,8,8,8,8,2,2,2,2,2,2,3,3,3,3,3,3,4,4,4,4,4,4,5,5,5,5,5,5,6,6,6,6,6,6,7,7,7,7,7,7,8,8,8,8,8,8,0,0,0,0,
4, 0, 0, 5, 0, 0, 4, 0, 0, 4, 0, 0, 5, 0, 0, 4, 0, 0, 5, 0, 0, 4, 0, 0, 5, 0, 0, 5, 0, 0, 4, 0, 0, 4, 0, 0, 5, 0, 0, 4, 0, 0, 5, 0, 0, 4, 0, 0, 4, 0, 0, 4, 0, 0, 4, 0, 0, 4, 0, 0, 5, 0, 0, 5, 0, 0, 5, 0, 0, 5, 0, 0, 4, 0, 0, 4, 0, 0, 5, 0, 0, 5, 0, 0, 4, 0, 0, 5, 0, 0, 5, 0, 0, 5, 0, 0, 5, 0, 0, 4, 0, 0, 5, 0, 0, 4, 0, 0, 5, 0, 0, 5, 0, 0, 5, 0, 0, 5, 0, 0, 4, 0, 0, 4, 0, 0, 2, 120, 1500, 3, 130, 2000, 2, 120, 1500, 2, 120, 1500, 3, 130, 2000, 2, 120, 1500, 3, 130, 2000, 2, 120, 1500, 3, 130, 2000, 3, 130, 2000, 2, 120, 1500, 2, 120, 1500, 3, 130, 2000, 2, 120, 1500, 3, 130, 2000, 2, 120, 1500, 2, 120, 1500, 2, 120, 1500, 2, 120, 1500, 2, 120, 1500, 3, 130, 2000, 3, 130, 2000, 3, 130, 2000, 3, 130, 2000, 2, 120, 1500, 2, 120, 1500, 3, 130, 2000, 3, 130, 2000, 2, 120, 1500, 3, 130, 2000, 3, 130, 2000, 3, 130, 2000, 3, 130, 2000, 2, 120, 1500, 3, 130, 2000, 2, 120, 1500, 3, 130, 2000, 3, 130, 2000, 3, 130, 2000, 3, 130, 2000, 2, 120, 1500, 2, 120, 1500, 0, 10, 1000, 1, 12, 500, 0, 10, 1000, 0, 10, 1000, 1, 12, 500, 0, 10, 1000, 1, 12, 500, 0, 10, 1000, 1, 12, 500, 1, 12, 500, 0, 10, 1000, 0, 10, 1000, 1, 12, 500, 0, 10, 1000, 1, 12, 500, 0, 10, 1000, 0, 10, 1000, 0, 10, 1000, 0, 10, 1000, 0, 10, 1000, 1, 12, 500, 1, 12, 500, 1, 12, 500, 1, 12, 500, 0, 10, 1000, 0, 10, 1000, 1, 12, 500, 1, 12, 500, 0, 10, 1000, 1, 12, 500, 1, 12, 500, 1, 12, 500, 1, 12, 500, 0, 10, 1000, 1, 12, 500, 0, 10, 1000, 1, 12, 500, 1, 12, 500, 1, 12, 500, 1, 12, 500, 0, 10, 1000, 0, 10, 1000,  0 , 0, 0, 0 , 0, 0, 0 , 0, 0, 0 , 0, 0,2,2,2,2,2,2,3,3,3,3,3,3,4,4,4,4,4,4,5,5,5,5,5,5,6,6,6,6,6,6,7,7,7,7,7,7,8,8,8,8,8,8,2,2,2,2,2,2,3,3,3,3,3,3,4,4,4,4,4,4,5,5,5,5,5,5,6,6,6,6,6,6,7,7,7,7,7,7,8,8,8,8,8,8,2,2,2,2,2,2,3,3,3,3,3,3,4,4,4,4,4,4,5,5,5,5,5,5,6,6,6,6,6,6,7,7,7,7,7,7,8,8,8,8,8,8,0,0,0,0,
4, 0, 0, 5, 0, 0, 4, 0, 0, 4, 0, 0, 5, 0, 0, 4, 0, 0, 5, 0, 0, 4, 0, 0, 5, 0, 0, 5, 0, 0, 4, 0, 0, 4, 0, 0, 5, 0, 0, 4, 0, 0, 5, 0, 0, 4, 0, 0, 4, 0, 0, 4, 0, 0, 4, 0, 0, 4, 0, 0, 5, 0, 0, 5, 0, 0, 5, 0, 0, 5, 0, 0, 4, 0, 0, 4, 0, 0, 5, 0, 0, 5, 0, 0, 4, 0, 0, 5, 0, 0, 5, 0, 0, 5, 0, 0, 5, 0, 0, 4, 0, 0, 5, 0, 0, 4, 0, 0, 5, 0, 0, 5, 0, 0, 5, 0, 0, 5, 0, 0, 4, 0, 0, 4, 0, 0, 2, 120, 1500, 3, 130, 2000, 2, 120, 1500, 2, 120, 1500, 3, 130, 2000, 2, 120, 1500, 3, 130, 2000, 2, 120, 1500, 3, 130, 2000, 3, 130, 2000, 2, 120, 1500, 2, 120, 1500, 3, 130, 2000, 2, 120, 1500, 3, 130, 2000, 2, 120, 1500, 2, 120, 1500, 2, 120, 1500, 2, 120, 1500, 2, 120, 1500, 3, 130, 2000, 3, 130, 2000, 3, 130, 2000, 3, 130, 2000, 2, 120, 1500, 2, 120, 1500, 3, 130, 2000, 3, 130, 2000, 2, 120, 1500, 3, 130, 2000, 3, 130, 2000, 3, 130, 2000, 3, 130, 2000, 2, 120, 1500, 3, 130, 2000, 2, 120, 1500, 3, 130, 2000, 3, 130, 2000, 3, 130, 2000, 3, 130, 2000, 2, 120, 1500, 2, 120, 1500, 0, 10, 1000, 1, 12, 500, 0, 10, 1000, 0, 10, 1000, 1, 12, 500, 0, 10, 1000, 1, 12, 500, 0, 10, 1000, 1, 12, 500, 1, 12, 500, 0, 10, 1000, 0, 10, 1000, 1, 12, 500, 0, 10, 1000, 1, 12, 500, 0, 10, 1000, 0, 10, 1000, 0, 10, 1000, 0, 10, 1000, 0, 10, 1000, 1, 12, 500, 1, 12, 500, 1, 12, 500, 1, 12, 500, 0, 10, 1000, 0, 10, 1000, 1, 12, 500, 1, 12, 500, 0, 10, 1000, 1, 12, 500, 1, 12, 500, 1, 12, 500, 1, 12, 500, 0, 10, 1000, 1, 12, 500, 0, 10, 1000, 1, 12, 500, 1, 12, 500, 1, 12, 500, 1, 12, 500, 0, 10, 1000, 0, 10, 1000,  0 , 0, 0, 0 , 0, 0, 0 , 0, 0, 0 , 0, 0,2,2,2,2,2,2,3,3,3,3,3,3,4,4,4,4,4,4,5,5,5,5,5,5,6,6,6,6,6,6,7,7,7,7,7,7,8,8,8,8,8,8,2,2,2,2,2,2,3,3,3,3,3,3,4,4,4,4,4,4,5,5,5,5,5,5,6,6,6,6,6,6,7,7,7,7,7,7,8,8,8,8,8,8,2,2,2,2,2,2,3,3,3,3,3,3,4,4,4,4,4,4,5,5,5,5,5,5,6,6,6,6,6,6,7,7,7,7,7,7,8,8,8,8,8,8,0,0,0,0,
4, 0, 0, 5, 0, 0, 4, 0, 0, 4, 0, 0, 5, 0, 0, 4, 0, 0, 5, 0, 0, 4, 0, 0, 5, 0, 0, 5, 0, 0, 4, 0, 0, 4, 0, 0, 5, 0, 0, 4, 0, 0, 5, 0, 0, 4, 0, 0, 4, 0, 0, 4, 0, 0, 4, 0, 0, 4, 0, 0, 5, 0, 0, 5, 0, 0, 5, 0, 0, 5, 0, 0, 4, 0, 0, 4, 0, 0, 5, 0, 0, 5, 0, 0, 4, 0, 0, 5, 0, 0, 5, 0, 0, 5, 0, 0, 5, 0, 0, 4, 0, 0, 5, 0, 0, 4, 0, 0, 5, 0, 0, 5, 0, 0, 5, 0, 0, 5, 0, 0, 4, 0, 0, 4, 0, 0, 2, 120, 1500, 3, 130, 2000, 2, 120, 1500, 2, 120, 1500, 3, 130, 2000, 2, 120, 1500, 3, 130, 2000, 2, 120, 1500, 3, 130, 2000, 3, 130, 2000, 2, 120, 1500, 2, 120, 1500, 3, 130, 2000, 2, 120, 1500, 3, 130, 2000, 2, 120, 1500, 2, 120, 1500, 2, 120, 1500, 2, 120, 1500, 2, 120, 1500, 3, 130, 2000, 3, 130, 2000, 3, 130, 2000, 3, 130, 2000, 2, 120, 1500, 2, 120, 1500, 3, 130, 2000, 3, 130, 2000, 2, 120, 1500, 3, 130, 2000, 3, 130, 2000, 3, 130, 2000, 3, 130, 2000, 2, 120, 1500, 3, 130, 2000, 2, 120, 1500, 3, 130, 2000, 3, 130, 2000, 3, 130, 2000, 3, 130, 2000, 2, 120, 1500, 2, 120, 1500, 0, 10, 1000, 1, 12, 500, 0, 10, 1000, 0, 10, 1000, 1, 12, 500, 0, 10, 1000, 1, 12, 500, 0, 10, 1000, 1, 12, 500, 1, 12, 500, 0, 10, 1000, 0, 10, 1000, 1, 12, 500, 0, 10, 1000, 1, 12, 500, 0, 10, 1000, 0, 10, 1000, 0, 10, 1000, 0, 10, 1000, 0, 10, 1000, 1, 12, 500, 1, 12, 500, 1, 12, 500, 1, 12, 500, 0, 10, 1000, 0, 10, 1000, 1, 12, 500, 1, 12, 500, 0, 10, 1000, 1, 12, 500, 1, 12, 500, 1, 12, 500, 1, 12, 500, 0, 10, 1000, 1, 12, 500, 0, 10, 1000, 1, 12, 500, 1, 12, 500, 1, 12, 500, 1, 12, 500, 0, 10, 1000, 0, 10, 1000,  0 , 0, 0, 0 , 0, 0, 0 , 0, 0, 0 , 0, 0,2,2,2,2,2,2,3,3,3,3,3,3,4,4,4,4,4,4,5,5,5,5,5,5,6,6,6,6,6,6,7,7,7,7,7,7,8,8,8,8,8,8,2,2,2,2,2,2,3,3,3,3,3,3,4,4,4,4,4,4,5,5,5,5,5,5,6,6,6,6,6,6,7,7,7,7,7,7,8,8,8,8,8,8,2,2,2,2,2,2,3,3,3,3,3,3,4,4,4,4,4,4,5,5,5,5,5,5,6,6,6,6,6,6,7,7,7,7,7,7,8,8,8,8,8,8,0,0,0,0,
4, 0, 0, 5, 0, 0, 4, 0, 0, 4, 0, 0, 5, 0, 0, 4, 0, 0, 5, 0, 0, 4, 0, 0, 5, 0, 0, 5, 0, 0, 4, 0, 0, 4, 0, 0, 5, 0, 0, 4, 0, 0, 5, 0, 0, 4, 0, 0, 4, 0, 0, 4, 0, 0, 4, 0, 0, 4, 0, 0, 5, 0, 0, 5, 0, 0, 5, 0, 0, 5, 0, 0, 4, 0, 0, 4, 0, 0, 5, 0, 0, 5, 0, 0, 4, 0, 0, 5, 0, 0, 5, 0, 0, 5, 0, 0, 5, 0, 0, 4, 0, 0, 5, 0, 0, 4, 0, 0, 5, 0, 0, 5, 0, 0, 5, 0, 0, 5, 0, 0, 4, 0, 0, 4, 0, 0, 2, 120, 1500, 3, 130, 2000, 2, 120, 1500, 2, 120, 1500, 3, 130, 2000, 2, 120, 1500, 3, 130, 2000, 2, 120, 1500, 3, 130, 2000, 3, 130, 2000, 2, 120, 1500, 2, 120, 1500, 3, 130, 2000, 2, 120, 1500, 3, 130, 2000, 2, 120, 1500, 2, 120, 1500, 2, 120, 1500, 2, 120, 1500, 2, 120, 1500, 3, 130, 2000, 3, 130, 2000, 3, 130, 2000, 3, 130, 2000, 2, 120, 1500, 2, 120, 1500, 3, 130, 2000, 3, 130, 2000, 2, 120, 1500, 3, 130, 2000, 3, 130, 2000, 3, 130, 2000, 3, 130, 2000, 2, 120, 1500, 3, 130, 2000, 2, 120, 1500, 3, 130, 2000, 3, 130, 2000, 3, 130, 2000, 3, 130, 2000, 2, 120, 1500, 2, 120, 1500, 0, 10, 1000, 1, 12, 500, 0, 10, 1000, 0, 10, 1000, 1, 12, 500, 0, 10, 1000, 1, 12, 500, 0, 10, 1000, 1, 12, 500, 1, 12, 500, 0, 10, 1000, 0, 10, 1000, 1, 12, 500, 0, 10, 1000, 1, 12, 500, 0, 10, 1000, 0, 10, 1000, 0, 10, 1000, 0, 10, 1000, 0, 10, 1000, 1, 12, 500, 1, 12, 500, 1, 12, 500, 1, 12, 500, 0, 10, 1000, 0, 10, 1000, 1, 12, 500, 1, 12, 500, 0, 10, 1000, 1, 12, 500, 1, 12, 500, 1, 12, 500, 1, 12, 500, 0, 10, 1000, 1, 12, 500, 0, 10, 1000, 1, 12, 500, 1, 12, 500, 1, 12, 500, 1, 12, 500, 0, 10, 1000, 0, 10, 1000,  0 , 0, 0, 0 , 0, 0, 0 , 0, 0, 0 , 0, 0,2,2,2,2,2,2,3,3,3,3,3,3,4,4,4,4,4,4,5,5,5,5,5,5,6,6,6,6,6,6,7,7,7,7,7,7,8,8,8,8,8,8,2,2,2,2,2,2,3,3,3,3,3,3,4,4,4,4,4,4,5,5,5,5,5,5,6,6,6,6,6,6,7,7,7,7,7,7,8,8,8,8,8,8,2,2,2,2,2,2,3,3,3,3,3,3,4,4,4,4,4,4,5,5,5,5,5,5,6,6,6,6,6,6,7,7,7,7,7,7,8,8,8,8,8,8,0,0,0,0,
4, 0, 0, 5, 0, 0, 4, 0, 0, 4, 0, 0, 5, 0, 0, 4, 0, 0, 5, 0, 0, 4, 0, 0, 5, 0, 0, 5, 0, 0, 4, 0, 0, 4, 0, 0, 5, 0, 0, 4, 0, 0, 5, 0, 0, 4, 0, 0, 4, 0, 0, 4, 0, 0, 4, 0, 0, 4, 0, 0, 5, 0, 0, 5, 0, 0, 5, 0, 0, 5, 0, 0, 4, 0, 0, 4, 0, 0, 5, 0, 0, 5, 0, 0, 4, 0, 0, 5, 0, 0, 5, 0, 0, 5, 0, 0, 5, 0, 0, 4, 0, 0, 5, 0, 0, 4, 0, 0, 5, 0, 0, 5, 0, 0, 5, 0, 0, 5, 0, 0, 4, 0, 0, 4, 0, 0, 2, 120, 1500, 3, 130, 2000, 2, 120, 1500, 2, 120, 1500, 3, 130, 2000, 2, 120, 1500, 3, 130, 2000, 2, 120, 1500, 3, 130, 2000, 3, 130, 2000, 2, 120, 1500, 2, 120, 1500, 3, 130, 2000, 2, 120, 1500, 3, 130, 2000, 2, 120, 1500, 2, 120, 1500, 2, 120, 1500, 2, 120, 1500, 2, 120, 1500, 3, 130, 2000, 3, 130, 2000, 3, 130, 2000, 3, 130, 2000, 2, 120, 1500, 2, 120, 1500, 3, 130, 2000, 3, 130, 2000, 2, 120, 1500, 3, 130, 2000, 3, 130, 2000, 3, 130, 2000, 3, 130, 2000, 2, 120, 1500, 3, 130, 2000, 2, 120, 1500, 3, 130, 2000, 3, 130, 2000, 3, 130, 2000, 3, 130, 2000, 2, 120, 1500, 2, 120, 1500, 0, 10, 1000, 1, 12, 500, 0, 10, 1000, 0, 10, 1000, 1, 12, 500, 0, 10, 1000, 1, 12, 500, 0, 10, 1000, 1, 12, 500, 1, 12, 500, 0, 10, 1000, 0, 10, 1000, 1, 12, 500, 0, 10, 1000, 1, 12, 500, 0, 10, 1000, 0, 10, 1000, 0, 10, 1000, 0, 10, 1000, 0, 10, 1000, 1, 12, 500, 1, 12, 500, 1, 12, 500, 1, 12, 500, 0, 10, 1000, 0, 10, 1000, 1, 12, 500, 1, 12, 500, 0, 10, 1000, 1, 12, 500, 1, 12, 500, 1, 12, 500, 1, 12, 500, 0, 10, 1000, 1, 12, 500, 0, 10, 1000, 1, 12, 500, 1, 12, 500, 1, 12, 500, 1, 12, 500, 0, 10, 1000, 0, 10, 1000,  0 , 0, 0, 0 , 0, 0, 0 , 0, 0, 0 , 0, 0,2,2,2,2,2,2,3,3,3,3,3,3,4,4,4,4,4,4,5,5,5,5,5,5,6,6,6,6,6,6,7,7,7,7,7,7,8,8,8,8,8,8,2,2,2,2,2,2,3,3,3,3,3,3,4,4,4,4,4,4,5,5,5,5,5,5,6,6,6,6,6,6,7,7,7,7,7,7,8,8,8,8,8,8,2,2,2,2,2,2,3,3,3,3,3,3,4,4,4,4,4,4,5,5,5,5,5,5,6,6,6,6,6,6,7,7,7,7,7,7,8,8,8,8,8,8,0,0,0,0,
4, 0, 0, 5, 0, 0, 4, 0, 0, 4, 0, 0, 5, 0, 0, 4, 0, 0, 5, 0, 0, 4, 0, 0, 5, 0, 0, 5, 0, 0, 4, 0, 0, 4, 0, 0, 5, 0, 0, 4, 0, 0, 5, 0, 0, 4, 0, 0, 4, 0, 0, 4, 0, 0, 4, 0, 0, 4, 0, 0, 5, 0, 0, 5, 0, 0, 5, 0, 0, 5, 0, 0, 4, 0, 0, 4, 0, 0, 5, 0, 0, 5, 0, 0, 4, 0, 0, 5, 0, 0, 5, 0, 0, 5, 0, 0, 5, 0, 0, 4, 0, 0, 5, 0, 0, 4, 0, 0, 5, 0, 0, 5, 0, 0, 5, 0, 0, 5, 0, 0, 4, 0, 0, 4, 0, 0, 2, 120, 1500, 3, 130, 2000, 2, 120, 1500, 2, 120, 1500, 3, 130, 2000, 2, 120, 1500, 3, 130, 2000, 2, 120, 1500, 3, 130, 2000, 3, 130, 2000, 2, 120, 1500, 2, 120, 1500, 3, 130, 2000, 2, 120, 1500, 3, 130, 2000, 2, 120, 1500, 2, 120, 1500, 2, 120, 1500, 2, 120, 1500, 2, 120, 1500, 3, 130, 2000, 3, 130, 2000, 3, 130, 2000, 3, 130, 2000, 2, 120, 1500, 2, 120, 1500, 3, 130, 2000, 3, 130, 2000, 2, 120, 1500, 3, 130, 2000, 3, 130, 2000, 3, 130, 2000, 3, 130, 2000, 2, 120, 1500, 3, 130, 2000, 2, 120, 1500, 3, 130, 2000, 3, 130, 2000, 3, 130, 2000, 3, 130, 2000, 2, 120, 1500, 2, 120, 1500, 0, 10, 1000, 1, 12, 500, 0, 10, 1000, 0, 10, 1000, 1, 12, 500, 0, 10, 1000, 1, 12, 500, 0, 10, 1000, 1, 12, 500, 1, 12, 500, 0, 10, 1000, 0, 10, 1000, 1, 12, 500, 0, 10, 1000, 1, 12, 500, 0, 10, 1000, 0, 10, 1000, 0, 10, 1000, 0, 10, 1000, 0, 10, 1000, 1, 12, 500, 1, 12, 500, 1, 12, 500, 1, 12, 500, 0, 10, 1000, 0, 10, 1000, 1, 12, 500, 1, 12, 500, 0, 10, 1000, 1, 12, 500, 1, 12, 500, 1, 12, 500, 1, 12, 500, 0, 10, 1000, 1, 12, 500, 0, 10, 1000, 1, 12, 500, 1, 12, 500, 1, 12, 500, 1, 12, 500, 0, 10, 1000, 0, 10, 1000,  0 , 0, 0, 0 , 0, 0, 0 , 0, 0, 0 , 0, 0,2,2,2,2,2,2,3,3,3,3,3,3,4,4,4,4,4,4,5,5,5,5,5,5,6,6,6,6,6,6,7,7,7,7,7,7,8,8,8,8,8,8,2,2,2,2,2,2,3,3,3,3,3,3,4,4,4,4,4,4,5,5,5,5,5,5,6,6,6,6,6,6,7,7,7,7,7,7,8,8,8,8,8,8,2,2,2,2,2,2,3,3,3,3,3,3,4,4,4,4,4,4,5,5,5,5,5,5,6,6,6,6,6,6,7,7,7,7,7,7,8,8,8,8,8,8,0,0,0,0,
4, 0, 0, 5, 0, 0, 4, 0, 0, 4, 0, 0, 5, 0, 0, 4, 0, 0, 5, 0, 0, 4, 0, 0, 5, 0, 0, 5, 0, 0, 4, 0, 0, 4, 0, 0, 5, 0, 0, 4, 0, 0, 5, 0, 0, 4, 0, 0, 4, 0, 0, 4, 0, 0, 4, 0, 0, 4, 0, 0, 5, 0, 0, 5, 0, 0, 5, 0, 0, 5, 0, 0, 4, 0, 0, 4, 0, 0, 5, 0, 0, 5, 0, 0, 4, 0, 0, 5, 0, 0, 5, 0, 0, 5, 0, 0, 5, 0, 0, 4, 0, 0, 5, 0, 0, 4, 0, 0, 5, 0, 0, 5, 0, 0, 5, 0, 0, 5, 0, 0, 4, 0, 0, 4, 0, 0, 2, 120, 1500, 3, 130, 2000, 2, 120, 1500, 2, 120, 1500, 3, 130, 2000, 2, 120, 1500, 3, 130, 2000, 2, 120, 1500, 3, 130, 2000, 3, 130, 2000, 2, 120, 1500, 2, 120, 1500, 3, 130, 2000, 2, 120, 1500, 3, 130, 2000, 2, 120, 1500, 2, 120, 1500, 2, 120, 1500, 2, 120, 1500, 2, 120, 1500, 3, 130, 2000, 3, 130, 2000, 3, 130, 2000, 3, 130, 2000, 2, 120, 1500, 2, 120, 1500, 3, 130, 2000, 3, 130, 2000, 2, 120, 1500, 3, 130, 2000, 3, 130, 2000, 3, 130, 2000, 3, 130, 2000, 2, 120, 1500, 3, 130, 2000, 2, 120, 1500, 3, 130, 2000, 3, 130, 2000, 3, 130, 2000, 3, 130, 2000, 2, 120, 1500, 2, 120, 1500, 0, 10, 1000, 1, 12, 500, 0, 10, 1000, 0, 10, 1000, 1, 12, 500, 0, 10, 1000, 1, 12, 500, 0, 10, 1000, 1, 12, 500, 1, 12, 500, 0, 10, 1000, 0, 10, 1000, 1, 12, 500, 0, 10, 1000, 1, 12, 500, 0, 10, 1000, 0, 10, 1000, 0, 10, 1000, 0, 10, 1000, 0, 10, 1000, 1, 12, 500, 1, 12, 500, 1, 12, 500, 1, 12, 500, 0, 10, 1000, 0, 10, 1000, 1, 12, 500, 1, 12, 500, 0, 10, 1000, 1, 12, 500, 1, 12, 500, 1, 12, 500, 1, 12, 500, 0, 10, 1000, 1, 12, 500, 0, 10, 1000, 1, 12, 500, 1, 12, 500, 1, 12, 500, 1, 12, 500, 0, 10, 1000, 0, 10, 1000,  0 , 0, 0, 0 , 0, 0, 0 , 0, 0, 0 , 0, 0,2,2,2,2,2,2,3,3,3,3,3,3,4,4,4,4,4,4,5,5,5,5,5,5,6,6,6,6,6,6,7,7,7,7,7,7,8,8,8,8,8,8,2,2,2,2,2,2,3,3,3,3,3,3,4,4,4,4,4,4,5,5,5,5,5,5,6,6,6,6,6,6,7,7,7,7,7,7,8,8,8,8,8,8,2,2,2,2,2,2,3,3,3,3,3,3,4,4,4,4,4,4,5,5,5,5,5,5,6,6,6,6,6,6,7,7,7,7,7,7,8,8,8,8,8,8,0,0,0,0,
