1 436.31238 368.668 432.63885 542.46686 558.1352 693.63544 569.3337 481.01065 419.7383 515.04175 531.06836 564.5305 294.27393 390.57538 449.04218 418.11465 442.13895 449.17334 358.82538 307.41656 481.71942 474.68262 521.25073 438.6466 465.25864 494.96057 388.99872 505.2018 247.92603 470.18768 197.34499 363.44626 383.938 393.05237 380.22333 324.8793 412.79343 386.28473 423.4301 455.62628 460.32773 542.0035 531.1459 542.27106 567.6897 484.02042 406.81113 583.5752 584.92444 524.97015 628.7915 523.54724 425.09064 483.62735 423.9427 483.18222 322.40015 406.1981 494.93875 461.55127 516.7185 418.60388 579.335 454.6447 594.58954 397.58136 551.20026 531.8788 504.12112 565.8834 475.77438 547.79333 409.94388 548.89844 400.97513 386.9306 244.88318 387.89716 322.95752 452.85 454.6642 423.8356 358.09375 406.15445 426.0149 407.81943 439.6927 326.92255 471.3861 408.6346 342.00412 430.68542 415.50922 498.95035 332.348 375.81967 385.26703 503.00208 453.8164 422.39493 389.17746 388.6512 372.24225 480.93835 429.74973 449.0801 479.32428 542.6095 454.16006 420.57547 377.4868 325.31882 391.14597 343.39905 382.41156 428.72183 465.73105 435.50916 531.71185 566.5706 402.2588 407.56754 394.2026 567.7824 374.19434 315.0335 420.36392 319.44858 508.8637 504.96423 460.96692 513.38165 329.0256 417.7062 408.54654 300.5913 490.9869 387.98315 506.73288 414.94412 342.709 476.84396 328.85333 225.82393 463.50433 442.09204 475.06506 612.8107 362.06247 604.0646 541.13354 450.289 452.50342 637.9161 539.94 574.2531 393.50934 495.82 706.0719 530.53284 471.9529 470.2221 492.53055 413.38135 430.7197 397.85098 411.3625 451.3504 479.57422 482.99033 352.23343 218.16504 304.43512 357.97723 646.7133 462.0816 439.52426 397.7996 379.70435 557.72174 542.39166 440.86523 358.97775 415.90924 506.2222 419.41003 509.7185 486.96454 475.3824 467.81787 339.1342 479.67694 451.6162 594.3581 417.48773 456.83588 603.58826 507.85406 592.15125 525.2073 474.757 498.18503 473.8197 615.9791 604.09344 443.90912 647.0217 448.3016 566.4677 569.1477 555.2093 589.4134 474.1406 345.86423 328.75012 562.7223 295.26086 361.3378 476.09045 451.1896 305.3303 337.3037 458.87744 513.7031 484.31485 575.3944 526.00867 482.3386 551.2585 368.29 475.47836 689.0481 491.48233 554.9723 449.84903 474.56522 477.8194 425.10995 533.98987 371.9311 672.3686 515.2363 613.4927 601.95795 331.73395 360.77988 382.28305 391.32626 476.8188 458.4535 430.8134 487.69577 347.48102 285.0547 585.50726 419.91644 264.5135 367.61353 434.94443 378.90546 444.6053 307.7439 487.24847 460.0888 415.62506 478.92288 283.39322 470.52094 367.91043 521.20795 448.37476 326.3372 410.4902 417.0442 510.14017 395.6727 525.69037 406.9039 475.78308 495.33212 367.1627 384.39078 332.90436 526.8202 607.1913 536.4918 537.3834 582.7055 457.54868 437.60974 365.18805 478.79138 591.10266 601.5927 431.7918 499.6424 371.31268 375.06625 652.92737 454.49127 370.64697 485.07626 571.6933 573.677 487.68387 500.20337 688.2259 427.56946 561.2297 447.90057 340.39648 497.51282 334.49933 327.45444 365.76605 666.1816 383.26126 544.0846 428.62854 415.1215 405.7531 362.62482 503.3468 401.96686 312.06183 456.6558 406.13232 344.0021 506.151 448.10107 435.53824 407.85242 481.09753 550.3824 394.48367 428.22107 487.89777 362.5488 448.55887 575.45734
 2 1152.625 1063.6636 1247.439 1210.6216 1390.9287 1355.7034 1284.0319 1189.3887 944.9648 1240.5011 1286.0161 1257.3329 1003.59216 1164.4471 1241.8147 1170.4305 1198.0902 1225.6627 989.46686 1136.2596 1153.1135 1154.2867 1251.6975 1212.1566 1203.796 1075.5142 1124.3616 1339.5715 1082.3253 1168.6912 987.8759 1090.1271 1136.3145 1219.2089 1139.0612 1059.1215 1109.0294 1144.5734 1259.0308 1113.361 1265.1519 1124.1038 1215.3358 1166.293 1286.2688 1216.9375 1208.9934 1418.0768 1325.5605 1284.4323 1596.7238 1343.6069 1089.1354 1248.6969 1146.0919 1286.8148 1081.2037 1002.4632 1190.991 1223.4452 1423.8151 1126.9857 1321.5012 1174.7444 1409.1973 1184.8531 1451.9799 1039.8718 1283.6514 1261.3892 1317.697 1241.281 1192.5365 1227.6807 1104.125 1048.4492 856.12463 1110.7671 1055.9746 1097.8904 1270.4277 1171.8374 963.3991 1132.2406 1169.2653 1016.3449 1237.2759 1062.819 1219.1974 1094.4761 959.2894 1267.2638 1212.537 1176.7222 1017.0778 1228.2577 1143.5039 1143.1693 1283.4897 1241.4838 1134.3983 1120.6598 998.4382 1269.9054 1085.5779 1072.8087 1142.0415 1304.0269 1235.6887 985.59406 980.0473 1026.249 1133.4698 1093.0349 969.52057 1174.9681 1337.553 1189.4509 1271.3 1238.3817 1200.1088 1247.4407 1030.8479 1257.2335 1087.5125 1142.8182 1225.0156 1120.7141 1347.392 1035.1628 1204.8182 1230.9614 1052.4021 1041.2229 1244.1185 1082.4019 1297.4608 1116.0637 1225.7906 1208.932 1158.4602 1120.1511 942.7636 1010.1764 1252.1245 1269.9897 1345.5902 1269.9026 981.4045 1416.0676 1385.6556 1143.4905 1161.0981 1137.0603 1349.4235 1324.6034 1228.0874 1244.8951 1502.7744 1404.2128 1174.1436 1192.2385 1209.4034 1118.0935 1311.1072 1183.3184 1132.9132 1148.329 947.07947 1154.9962 1125.6006 900.6094 994.06134 1147.5406 1475.8552 1343.9775 1261.9714 1090.0048 1055.7231 1241.8077 1179.1564 1318.8112 1117.3928 1086.6177 1338.1364 1115.2152 1162.3939 1401.023 1194.3943 1101.3816 1082.5472 1299.6448 1301.1063 1340.1667 1279.3948 1333.3817 1384.7134 1302.1962 1251.1987 1271.3079 1303.901 1224.6088 1223.808 1353.8988 1479.7489 1262.4142 1386.8134 1277.861 1322.5852 1299.2896 1273.5438 1342.0402 1234.7463 1147.2164 988.4558 1383.1108 1040.7639 1262.4908 1114.6527 1043.9982 1089.6062 1069.5637 1192.0968 1238.0085 1160.4995 1189.5166 1328.4656 1250.0873 1265.9719 1204.4882 1177.4978 1485.3793 1139.095 1340.8115 1231.2444 1246.5757 1284.5 1041.6617 1215.2991 1183.1462 1280.6971 1116.7948 1323.7644 1267.7025 1077.5067 1051.1521 1022.0412 1024.364 1328.6407 1008.0132 1122.7517 1390.4591 1079.1857 1001.2197 1332.8735 1217.0714 1092.1708 1065.4122 1076.7832 1094.9896 1194.9336 1039.0684 1214.9495 1254.3782 1184.1617 1179.8885 988.7516 1254.5048 1083.2496 1270.7941 1163.1917 1046.5479 1208.7998 1223.539 1128.5602 1211.5114 1150.791 1029.4806 1263.0973 1234.4092 1230.5232 1058.1569 1080.44 1306.1945 1391.8387 1227.5532 1157.4075 1342.8966 1134.8882 1255.7627 1033.0519 1296.271 1468.7708 1376.0474 1122.8323 1287.9252 1232.3604 1025.7362 1371.9429 1146.8569 1033.7842 1241.0779 1329.3549 1461.9033 1375.8818 1288.7454 1323.7714 1252.35 1339.6053 1290.7662 1176.624 1255.8978 1181.5125 1161.3527 1043.6066 1314.5448 1143.7805 1147.5461 1289.6443 1276.2963 1199.0212 1082.1467 1205.1611 1121.2489 1168.3708 1258.9274 1189.483 956.10297 1311.1906 1218.932 1139.5991 1053.4296 1154.6486 1305.4257 1186.3507 1227.145 1119.5288 1121.6921 1244.0846 1268.0525
 3 1310.45 1262.0768 1508.7452 1432.9176 1484.5411 1361.2705 1261.7899 1252.9297 1188.8721 1447.9457 1479.0939 1375.7264 1276.6437 1460.9479 1469.1841 1468.7216 1408.018 1388.9655 1184.7764 1468.9637 1368.1976 1393.0687 1277.9265 1498.0828 1371.4412 1084.3711 1388.985 1473.1396 1470.1982 1505.1759 1286.538 1322.2974 1477.6273 1484.6332 1472.1495 1476.8654 1417.6896 1316.0585 1506.2433 1389.4115 1492.8417 1292.5701 1371.3636 1134.8734 1437.8381 1336.4045 1440.1661 1512.7864 1417.1045 1320.5532 1505.3076 1467.7771 1365.6437 1485.1139 1299.7097 1372.9331 1484.8949 1305.9972 1312.6033 1466.0504 1489.0032 1295.9938 1479.0693 1479.7108 1473.4781 1242.8871 1288.5732 1154.6365 1491.2559 1468.2543 1437.4071 1274.0044 1459.7245 1381.2863 1468.771 1385.4353 1151.2013 1479.2261 1303.9437 1347.0626 1444.3802 1476.3518 1264.4313 1495.2616 1430.5183 1290.5206 1478.8293 1455.158 1360.1901 1269.2435 1305.1246 1499.7261 1379.91 1342.6914 1220.9456 1503.1061 1454.9182 1344.3663 1355.3195 1480.0548 1266.1744 1337.1136 1113.586 1483.1768 1360.1462 1044.9493 1279.5948 1476.928 1452.4443 1194.6134 1095.589 1470.8893 1475.3943 1333.5571 1190.1501 1473.0142 1488.6514 1296.4911 1403.2242 1250.9639 1371.9341 1483.6941 1142.8364 1344.259 1289.9424 1486.0052 1474.7095 1405.7847 1479.0911 1078.4946 1272.5728 1455.1339 1274.2451 1210.6703 1482.5188 1312.2325 1469.122 1252.2026 1385.4666 1491.3704 1479.7462 1369.2799 1252.2755 1456.5149 1330.6031 1492.5099 1358.3464 1232.549 1241.4072 1462.5819 1483.0441 1288.7422 1246.554 1054.8624 1475.1287 1366.301 1329.8695 1304.7147 1476.46 1483.4347 1477.0054 1362.4081 1510.2073 1323.9712 1506.1979 1353.7825 1466.8191 1437.2762 1152.2062 1362.2765 1487.8927 1325.1532 1238.0635 1305.1929 1488.3229 1504.7473 1414.3505 1173.4132 1311.3748 1454.3678 1474.727 1302.7655 1296.8286 1136.1244 1419.7228 1166.9902 1193.3965 1489.3495 1472.7072 1295.6229 1334.1434 1494.7457 1280.85 1320.5057 1463.5796 1471.5681 1478.0525 1410.7134 1277.0571 1341.8733 1483.9456 1360.3547 1377.3915 1472.8342 1470.4689 1464.5989 1286.5383 1329.2125 1292.5829 1322.4517 1471.217 1225.6829 1428.4165 1483.5491 1296.0767 1410.5107 1452.3716 1477.1738 1446.9247 1360.5056 1479.5881 1300.2068 1318.8718 1455.8514 1230.5951 1272.9305 1452.0308 1486.7291 1340.211 1487.6842 1371.6256 1502.4904 1147.9612 1372.8059 1367.6128 1483.4965 1423.5837 1182.1775 1369.271 1477.7307 1328.7609 1336.4084 1504.4332 1374.5575 1488.1719 1449.0823 1263.7577 1270.2766 1486.1343 1302.4188 1318.945 1375.2399 1278.9384 1251.6097 1392.0723 1468.4513 1479.486 1295.0511 1262.8501 1442.3837 1360.3618 1459.5616 1482.6996 1394.4585 1484.3337 1288.3804 1276.6893 1434.4799 1382.4406 1416.0388 1476.9713 1450.9216 1457.3684 1470.4861 1448.8424 1390.1199 1387.5216 1244.7936 1463.7009 1498.7017 1479.0734 1327.6255 1502.9393 1429.5503 1492.5289 1317.8722 1258.305 1372.457 1359.1454 1477.1246 1268.6732 1472.4836 1459.4434 1384.4746 1340.594 1474.0797 1479.2977 1187.822 1229.8801 1245.7441 1183.196 1503.6177 1435.0468 1456.4138 1488.1805 1442.1884 1263.0186 1479.3966 1282.1134 1461.3612 1473.8827 1387.0842 1484.6068 1452.7136 1229.0806 1281.1926 1331.588 1184.9183 1489.9114 1486.0491 1496.196 1387.1315 1334.2797 1456.6813 1494.8528 1456.3345 1490.216 1300.1405 1521.2795 1441.3762 1336.1982 1187.6295 1336.5939 1428.468 1471.846 1486.4851 1267.1785 1422.2473 1494.1702 1375.4796
 4 1310.45 1262.0768 1508.7452 1432.9176 1484.5411 1361.2705 1261.7899 1252.9297 1188.8721 1447.9457 1479.0939 1375.7264 1276.6437 1460.9479 1469.1841 1468.7216 1408.018 1388.9655 1184.7764 1468.9637 1368.1976 1393.0687 1277.9265 1498.0828 1371.4412 1084.3711 1388.985 1473.1396 1470.1982 1505.1759 1286.538 1322.2974 1477.6273 1484.6332 1472.1495 1476.8654 1417.6896 1316.0585 1506.2433 1389.4115 1492.8417 1292.5701 1371.3636 1134.8734 1437.8381 1336.4045 1440.1661 1512.7864 1417.1045 1320.5532 1505.3076 1467.7771 1365.6437 1485.1139 1299.7097 1372.9331 1484.8949 1305.9972 1312.6033 1466.0504 1489.0032 1295.9938 1479.0693 1479.7108 1473.4781 1242.8871 1288.5732 1154.6365 1491.2559 1468.2543 1437.4071 1274.0044 1459.7245 1381.2863 1468.771 1385.4353 1151.2013 1479.2261 1303.9437 1347.0626 1444.3802 1476.3518 1264.4313 1495.2616 1430.5183 1290.5206 1478.8293 1455.158 1360.1901 1269.2435 1305.1246 1499.7261 1379.91 1342.6914 1220.9456 1503.1061 1454.9182 1344.3663 1355.3195 1480.0548 1266.1744 1337.1136 1113.586 1483.1768 1360.1462 1044.9493 1279.5948 1476.928 1452.4443 1194.6134 1095.589 1470.8893 1475.3943 1333.5571 1190.1501 1473.0142 1488.6514 1296.4911 1403.2242 1250.9639 1371.9341 1483.6941 1142.8364 1344.259 1289.9424 1486.0052 1474.7095 1405.7847 1479.0911 1078.4946 1272.5728 1455.1339 1274.2451 1210.6703 1482.5188 1312.2325 1469.122 1252.2026 1385.4666 1491.3704 1479.7462 1369.2799 1252.2755 1456.5149 1330.6031 1492.5099 1358.3464 1232.549 1241.4072 1462.5819 1483.0441 1288.7422 1246.554 1054.8624 1475.1287 1366.301 1329.8695 1304.7147 1476.46 1483.4347 1477.0054 1362.4081 1510.2073 1323.9712 1506.1979 1353.7825 1466.8191 1437.2762 1152.2062 1362.2765 1487.8927 1325.1532 1238.0635 1305.1929 1488.3229 1504.7473 1414.3505 1173.4132 1311.3748 1454.3678 1474.727 1302.7655 1296.8286 1136.1244 1419.7228 1166.9902 1193.3965 1489.3495 1472.7072 1295.6229 1334.1434 1494.7457 1280.85 1320.5057 1463.5796 1471.5681 1478.0525 1410.7134 1277.0571 1341.8733 1483.9456 1360.3547 1377.3915 1472.8342 1470.4689 1464.5989 1286.5383 1329.2125 1292.5829 1322.4517 1471.217 1225.6829 1428.4165 1483.5491 1296.0767 1410.5107 1452.3716 1477.1738 1446.9247 1360.5056 1479.5881 1300.2068 1318.8718 1455.8514 1230.5951 1272.9305 1452.0308 1486.7291 1340.211 1487.6842 1371.6256 1502.4904 1147.9612 1372.8059 1367.6128 1483.4965 1423.5837 1182.1775 1369.271 1477.7307 1328.7609 1336.4084 1504.4332 1374.5575 1488.1719 1449.0823 1263.7577 1270.2766 1486.1343 1302.4188 1318.945 1375.2399 1278.9384 1251.6097 1392.0723 1468.4513 1479.486 1295.0511 1262.8501 1442.3837 1360.3618 1459.5616 1482.6996 1394.4585 1484.3337 1288.3804 1276.6893 1434.4799 1382.4406 1416.0388 1476.9713 1450.9216 1457.3684 1470.4861 1448.8424 1390.1199 1387.5216 1244.7936 1463.7009 1498.7017 1479.0734 1327.6255 1502.9393 1429.5503 1492.5289 1317.8722 1258.305 1372.457 1359.1454 1477.1246 1268.6732 1472.4836 1459.4434 1384.4746 1340.594 1474.0797 1479.2977 1187.822 1229.8801 1245.7441 1183.196 1503.6177 1435.0468 1456.4138 1488.1805 1442.1884 1263.0186 1479.3966 1282.1134 1461.3612 1473.8827 1387.0842 1484.6068 1452.7136 1229.0806 1281.1926 1331.588 1184.9183 1489.9114 1486.0491 1496.196 1387.1315 1334.2797 1456.6813 1494.8528 1456.3345 1490.216 1300.1405 1521.2795 1441.3762 1336.1982 1187.6295 1336.5939 1428.468 1471.846 1486.4851 1267.1785 1422.2473 1494.1702 1375.4796
 5 1310.45 1262.0768 1508.7452 1432.9176 1484.5411 1361.2705 1261.7899 1252.9297 1188.8721 1447.9457 1479.0939 1375.7264 1276.6437 1460.9479 1469.1841 1468.7216 1408.018 1388.9655 1184.7764 1468.9637 1368.1976 1393.0687 1277.9265 1498.0828 1371.4412 1084.3711 1388.985 1473.1396 1470.1982 1505.1759 1286.538 1322.2974 1477.6273 1484.6332 1472.1495 1476.8654 1417.6896 1316.0585 1506.2433 1389.4115 1492.8417 1292.5701 1371.3636 1134.8734 1437.8381 1336.4045 1440.1661 1512.7864 1417.1045 1320.5532 1505.3076 1467.7771 1365.6437 1485.1139 1299.7097 1372.9331 1484.8949 1305.9972 1312.6033 1466.0504 1489.0032 1295.9938 1479.0693 1479.7108 1473.4781 1242.8871 1288.5732 1154.6365 1491.2559 1468.2543 1437.4071 1274.0044 1459.7245 1381.2863 1468.771 1385.4353 1151.2013 1479.2261 1303.9437 1347.0626 1444.3802 1476.3518 1264.4313 1495.2616 1430.5183 1290.5206 1478.8293 1455.158 1360.1901 1269.2435 1305.1246 1499.7261 1379.91 1342.6914 1220.9456 1503.1061 1454.9182 1344.3663 1355.3195 1480.0548 1266.1744 1337.1136 1113.586 1483.1768 1360.1462 1044.9493 1279.5948 1476.928 1452.4443 1194.6134 1095.589 1470.8893 1475.3943 1333.5571 1190.1501 1473.0142 1488.6514 1296.4911 1403.2242 1250.9639 1371.9341 1483.6941 1142.8364 1344.259 1289.9424 1486.0052 1474.7095 1405.7847 1479.0911 1078.4946 1272.5728 1455.1339 1274.2451 1210.6703 1482.5188 1312.2325 1469.122 1252.2026 1385.4666 1491.3704 1479.7462 1369.2799 1252.2755 1456.5149 1330.6031 1492.5099 1358.3464 1232.549 1241.4072 1462.5819 1483.0441 1288.7422 1246.554 1054.8624 1475.1287 1366.301 1329.8695 1304.7147 1476.46 1483.4347 1477.0054 1362.4081 1510.2073 1323.9712 1506.1979 1353.7825 1466.8191 1437.2762 1152.2062 1362.2765 1487.8927 1325.1532 1238.0635 1305.1929 1488.3229 1504.7473 1414.3505 1173.4132 1311.3748 1454.3678 1474.727 1302.7655 1296.8286 1136.1244 1419.7228 1166.9902 1193.3965 1489.3495 1472.7072 1295.6229 1334.1434 1494.7457 1280.85 1320.5057 1463.5796 1471.5681 1478.0525 1410.7134 1277.0571 1341.8733 1483.9456 1360.3547 1377.3915 1472.8342 1470.4689 1464.5989 1286.5383 1329.2125 1292.5829 1322.4517 1471.217 1225.6829 1428.4165 1483.5491 1296.0767 1410.5107 1452.3716 1477.1738 1446.9247 1360.5056 1479.5881 1300.2068 1318.8718 1455.8514 1230.5951 1272.9305 1452.0308 1486.7291 1340.211 1487.6842 1371.6256 1502.4904 1147.9612 1372.8059 1367.6128 1483.4965 1423.5837 1182.1775 1369.271 1477.7307 1328.7609 1336.4084 1504.4332 1374.5575 1488.1719 1449.0823 1263.7577 1270.2766 1486.1343 1302.4188 1318.945 1375.2399 1278.9384 1251.6097 1392.0723 1468.4513 1479.486 1295.0511 1262.8501 1442.3837 1360.3618 1459.5616 1482.6996 1394.4585 1484.3337 1288.3804 1276.6893 1434.4799 1382.4406 1416.0388 1476.9713 1450.9216 1457.3684 1470.4861 1448.8424 1390.1199 1387.5216 1244.7936 1463.7009 1498.7017 1479.0734 1327.6255 1502.9393 1429.5503 1492.5289 1317.8722 1258.305 1372.457 1359.1454 1477.1246 1268.6732 1472.4836 1459.4434 1384.4746 1340.594 1474.0797 1479.2977 1187.822 1229.8801 1245.7441 1183.196 1503.6177 1435.0468 1456.4138 1488.1805 1442.1884 1263.0186 1479.3966 1282.1134 1461.3612 1473.8827 1387.0842 1484.6068 1452.7136 1229.0806 1281.1926 1331.588 1184.9183 1489.9114 1486.0491 1496.196 1387.1315 1334.2797 1456.6813 1494.8528 1456.3345 1490.216 1300.1405 1521.2795 1441.3762 1336.1982 1187.6295 1336.5939 1428.468 1471.846 1486.4851 1267.1785 1422.2473 1494.1702 1375.4796
 6 1310.45 1262.0768 1508.7452 1432.9176 1484.5411 1361.2705 1261.7899 1252.9297 1188.8721 1447.9457 1479.0939 1375.7264 1276.6437 1460.9479 1469.1841 1468.7216 1408.018 1388.9655 1184.7764 1468.9637 1368.1976 1393.0687 1277.9265 1498.0828 1371.4412 1084.3711 1388.985 1473.1396 1470.1982 1505.1759 1286.538 1322.2974 1477.6273 1484.6332 1472.1495 1476.8654 1417.6896 1316.0585 1506.2433 1389.4115 1492.8417 1292.5701 1371.3636 1134.8734 1437.8381 1336.4045 1440.1661 1512.7864 1417.1045 1320.5532 1505.3076 1467.7771 1365.6437 1485.1139 1299.7097 1372.9331 1484.8949 1305.9972 1312.6033 1466.0504 1489.0032 1295.9938 1479.0693 1479.7108 1473.4781 1242.8871 1288.5732 1154.6365 1491.2559 1468.2543 1437.4071 1274.0044 1459.7245 1381.2863 1468.771 1385.4353 1151.2013 1479.2261 1303.9437 1347.0626 1444.3802 1476.3518 1264.4313 1495.2616 1430.5183 1290.5206 1478.8293 1455.158 1360.1901 1269.2435 1305.1246 1499.7261 1379.91 1342.6914 1220.9456 1503.1061 1454.9182 1344.3663 1355.3195 1480.0548 1266.1744 1337.1136 1113.586 1483.1768 1360.1462 1044.9493 1279.5948 1476.928 1452.4443 1194.6134 1095.589 1470.8893 1475.3943 1333.5571 1190.1501 1473.0142 1488.6514 1296.4911 1403.2242 1250.9639 1371.9341 1483.6941 1142.8364 1344.259 1289.9424 1486.0052 1474.7095 1405.7847 1479.0911 1078.4946 1272.5728 1455.1339 1274.2451 1210.6703 1482.5188 1312.2325 1469.122 1252.2026 1385.4666 1491.3704 1479.7462 1369.2799 1252.2755 1456.5149 1330.6031 1492.5099 1358.3464 1232.549 1241.4072 1462.5819 1483.0441 1288.7422 1246.554 1054.8624 1475.1287 1366.301 1329.8695 1304.7147 1476.46 1483.4347 1477.0054 1362.4081 1510.2073 1323.9712 1506.1979 1353.7825 1466.8191 1437.2762 1152.2062 1362.2765 1487.8927 1325.1532 1238.0635 1305.1929 1488.3229 1504.7473 1414.3505 1173.4132 1311.3748 1454.3678 1474.727 1302.7655 1296.8286 1136.1244 1419.7228 1166.9902 1193.3965 1489.3495 1472.7072 1295.6229 1334.1434 1494.7457 1280.85 1320.5057 1463.5796 1471.5681 1478.0525 1410.7134 1277.0571 1341.8733 1483.9456 1360.3547 1377.3915 1472.8342 1470.4689 1464.5989 1286.5383 1329.2125 1292.5829 1322.4517 1471.217 1225.6829 1428.4165 1483.5491 1296.0767 1410.5107 1452.3716 1477.1738 1446.9247 1360.5056 1479.5881 1300.2068 1318.8718 1455.8514 1230.5951 1272.9305 1452.0308 1486.7291 1340.211 1487.6842 1371.6256 1502.4904 1147.9612 1372.8059 1367.6128 1483.4965 1423.5837 1182.1775 1369.271 1477.7307 1328.7609 1336.4084 1504.4332 1374.5575 1488.1719 1449.0823 1263.7577 1270.2766 1486.1343 1302.4188 1318.945 1375.2399 1278.9384 1251.6097 1392.0723 1468.4513 1479.486 1295.0511 1262.8501 1442.3837 1360.3618 1459.5616 1482.6996 1394.4585 1484.3337 1288.3804 1276.6893 1434.4799 1382.4406 1416.0388 1476.9713 1450.9216 1457.3684 1470.4861 1448.8424 1390.1199 1387.5216 1244.7936 1463.7009 1498.7017 1479.0734 1327.6255 1502.9393 1429.5503 1492.5289 1317.8722 1258.305 1372.457 1359.1454 1477.1246 1268.6732 1472.4836 1459.4434 1384.4746 1340.594 1474.0797 1479.2977 1187.822 1229.8801 1245.7441 1183.196 1503.6177 1435.0468 1456.4138 1488.1805 1442.1884 1263.0186 1479.3966 1282.1134 1461.3612 1473.8827 1387.0842 1484.6068 1452.7136 1229.0806 1281.1926 1331.588 1184.9183 1489.9114 1486.0491 1496.196 1387.1315 1334.2797 1456.6813 1494.8528 1456.3345 1490.216 1300.1405 1521.2795 1441.3762 1336.1982 1187.6295 1336.5939 1428.468 1471.846 1486.4851 1267.1785 1422.2473 1494.1702 1375.4796
 7 1310.45 1262.0768 1508.7452 1432.9176 1484.5411 1361.2705 1261.7899 1252.9297 1188.8721 1447.9457 1479.0939 1375.7264 1276.6437 1460.9479 1469.1841 1468.7216 1408.018 1388.9655 1184.7764 1468.9637 1368.1976 1393.0687 1277.9265 1498.0828 1371.4412 1084.3711 1388.985 1473.1396 1470.1982 1505.1759 1286.538 1322.2974 1477.6273 1484.6332 1472.1495 1476.8654 1417.6896 1316.0585 1506.2433 1389.4115 1492.8417 1292.5701 1371.3636 1134.8734 1437.8381 1336.4045 1440.1661 1512.7864 1417.1045 1320.5532 1505.3076 1467.7771 1365.6437 1485.1139 1299.7097 1372.9331 1484.8949 1305.9972 1312.6033 1466.0504 1489.0032 1295.9938 1479.0693 1479.7108 1473.4781 1242.8871 1288.5732 1154.6365 1491.2559 1468.2543 1437.4071 1274.0044 1459.7245 1381.2863 1468.771 1385.4353 1151.2013 1479.2261 1303.9437 1347.0626 1444.3802 1476.3518 1264.4313 1495.2616 1430.5183 1290.5206 1478.8293 1455.158 1360.1901 1269.2435 1305.1246 1499.7261 1379.91 1342.6914 1220.9456 1503.1061 1454.9182 1344.3663 1355.3195 1480.0548 1266.1744 1337.1136 1113.586 1483.1768 1360.1462 1044.9493 1279.5948 1476.928 1452.4443 1194.6134 1095.589 1470.8893 1475.3943 1333.5571 1190.1501 1473.0142 1488.6514 1296.4911 1403.2242 1250.9639 1371.9341 1483.6941 1142.8364 1344.259 1289.9424 1486.0052 1474.7095 1405.7847 1479.0911 1078.4946 1272.5728 1455.1339 1274.2451 1210.6703 1482.5188 1312.2325 1469.122 1252.2026 1385.4666 1491.3704 1479.7462 1369.2799 1252.2755 1456.5149 1330.6031 1492.5099 1358.3464 1232.549 1241.4072 1462.5819 1483.0441 1288.7422 1246.554 1054.8624 1475.1287 1366.301 1329.8695 1304.7147 1476.46 1483.4347 1477.0054 1362.4081 1510.2073 1323.9712 1506.1979 1353.7825 1466.8191 1437.2762 1152.2062 1362.2765 1487.8927 1325.1532 1238.0635 1305.1929 1488.3229 1504.7473 1414.3505 1173.4132 1311.3748 1454.3678 1474.727 1302.7655 1296.8286 1136.1244 1419.7228 1166.9902 1193.3965 1489.3495 1472.7072 1295.6229 1334.1434 1494.7457 1280.85 1320.5057 1463.5796 1471.5681 1478.0525 1410.7134 1277.0571 1341.8733 1483.9456 1360.3547 1377.3915 1472.8342 1470.4689 1464.5989 1286.5383 1329.2125 1292.5829 1322.4517 1471.217 1225.6829 1428.4165 1483.5491 1296.0767 1410.5107 1452.3716 1477.1738 1446.9247 1360.5056 1479.5881 1300.2068 1318.8718 1455.8514 1230.5951 1272.9305 1452.0308 1486.7291 1340.211 1487.6842 1371.6256 1502.4904 1147.9612 1372.8059 1367.6128 1483.4965 1423.5837 1182.1775 1369.271 1477.7307 1328.7609 1336.4084 1504.4332 1374.5575 1488.1719 1449.0823 1263.7577 1270.2766 1486.1343 1302.4188 1318.945 1375.2399 1278.9384 1251.6097 1392.0723 1468.4513 1479.486 1295.0511 1262.8501 1442.3837 1360.3618 1459.5616 1482.6996 1394.4585 1484.3337 1288.3804 1276.6893 1434.4799 1382.4406 1416.0388 1476.9713 1450.9216 1457.3684 1470.4861 1448.8424 1390.1199 1387.5216 1244.7936 1463.7009 1498.7017 1479.0734 1327.6255 1502.9393 1429.5503 1492.5289 1317.8722 1258.305 1372.457 1359.1454 1477.1246 1268.6732 1472.4836 1459.4434 1384.4746 1340.594 1474.0797 1479.2977 1187.822 1229.8801 1245.7441 1183.196 1503.6177 1435.0468 1456.4138 1488.1805 1442.1884 1263.0186 1479.3966 1282.1134 1461.3612 1473.8827 1387.0842 1484.6068 1452.7136 1229.0806 1281.1926 1331.588 1184.9183 1489.9114 1486.0491 1496.196 1387.1315 1334.2797 1456.6813 1494.8528 1456.3345 1490.216 1300.1405 1521.2795 1441.3762 1336.1982 1187.6295 1336.5939 1428.468 1471.846 1486.4851 1267.1785 1422.2473 1494.1702 1375.4796
 8 1310.45 1262.0768 1508.7452 1432.9176 1484.5411 1361.2705 1261.7899 1252.9297 1188.8721 1447.9457 1479.0939 1375.7264 1276.6437 1460.9479 1469.1841 1468.7216 1408.018 1388.9655 1184.7764 1468.9637 1368.1976 1393.0687 1277.9265 1498.0828 1371.4412 1084.3711 1388.985 1473.1396 1470.1982 1505.1759 1286.538 1322.2974 1477.6273 1484.6332 1472.1495 1476.8654 1417.6896 1316.0585 1506.2433 1389.4115 1492.8417 1292.5701 1371.3636 1134.8734 1437.8381 1336.4045 1440.1661 1512.7864 1417.1045 1320.5532 1505.3076 1467.7771 1365.6437 1485.1139 1299.7097 1372.9331 1484.8949 1305.9972 1312.6033 1466.0504 1489.0032 1295.9938 1479.0693 1479.7108 1473.4781 1242.8871 1288.5732 1154.6365 1491.2559 1468.2543 1437.4071 1274.0044 1459.7245 1381.2863 1468.771 1385.4353 1151.2013 1479.2261 1303.9437 1347.0626 1444.3802 1476.3518 1264.4313 1495.2616 1430.5183 1290.5206 1478.8293 1455.158 1360.1901 1269.2435 1305.1246 1499.7261 1379.91 1342.6914 1220.9456 1503.1061 1454.9182 1344.3663 1355.3195 1480.0548 1266.1744 1337.1136 1113.586 1483.1768 1360.1462 1044.9493 1279.5948 1476.928 1452.4443 1194.6134 1095.589 1470.8893 1475.3943 1333.5571 1190.1501 1473.0142 1488.6514 1296.4911 1403.2242 1250.9639 1371.9341 1483.6941 1142.8364 1344.259 1289.9424 1486.0052 1474.7095 1405.7847 1479.0911 1078.4946 1272.5728 1455.1339 1274.2451 1210.6703 1482.5188 1312.2325 1469.122 1252.2026 1385.4666 1491.3704 1479.7462 1369.2799 1252.2755 1456.5149 1330.6031 1492.5099 1358.3464 1232.549 1241.4072 1462.5819 1483.0441 1288.7422 1246.554 1054.8624 1475.1287 1366.301 1329.8695 1304.7147 1476.46 1483.4347 1477.0054 1362.4081 1510.2073 1323.9712 1506.1979 1353.7825 1466.8191 1437.2762 1152.2062 1362.2765 1487.8927 1325.1532 1238.0635 1305.1929 1488.3229 1504.7473 1414.3505 1173.4132 1311.3748 1454.3678 1474.727 1302.7655 1296.8286 1136.1244 1419.7228 1166.9902 1193.3965 1489.3495 1472.7072 1295.6229 1334.1434 1494.7457 1280.85 1320.5057 1463.5796 1471.5681 1478.0525 1410.7134 1277.0571 1341.8733 1483.9456 1360.3547 1377.3915 1472.8342 1470.4689 1464.5989 1286.5383 1329.2125 1292.5829 1322.4517 1471.217 1225.6829 1428.4165 1483.5491 1296.0767 1410.5107 1452.3716 1477.1738 1446.9247 1360.5056 1479.5881 1300.2068 1318.8718 1455.8514 1230.5951 1272.9305 1452.0308 1486.7291 1340.211 1487.6842 1371.6256 1502.4904 1147.9612 1372.8059 1367.6128 1483.4965 1423.5837 1182.1775 1369.271 1477.7307 1328.7609 1336.4084 1504.4332 1374.5575 1488.1719 1449.0823 1263.7577 1270.2766 1486.1343 1302.4188 1318.945 1375.2399 1278.9384 1251.6097 1392.0723 1468.4513 1479.486 1295.0511 1262.8501 1442.3837 1360.3618 1459.5616 1482.6996 1394.4585 1484.3337 1288.3804 1276.6893 1434.4799 1382.4406 1416.0388 1476.9713 1450.9216 1457.3684 1470.4861 1448.8424 1390.1199 1387.5216 1244.7936 1463.7009 1498.7017 1479.0734 1327.6255 1502.9393 1429.5503 1492.5289 1317.8722 1258.305 1372.457 1359.1454 1477.1246 1268.6732 1472.4836 1459.4434 1384.4746 1340.594 1474.0797 1479.2977 1187.822 1229.8801 1245.7441 1183.196 1503.6177 1435.0468 1456.4138 1488.1805 1442.1884 1263.0186 1479.3966 1282.1134 1461.3612 1473.8827 1387.0842 1484.6068 1452.7136 1229.0806 1281.1926 1331.588 1184.9183 1489.9114 1486.0491 1496.196 1387.1315 1334.2797 1456.6813 1494.8528 1456.3345 1490.216 1300.1405 1521.2795 1441.3762 1336.1982 1187.6295 1336.5939 1428.468 1471.846 1486.4851 1267.1785 1422.2473 1494.1702 1375.4796
 9 1310.45 1262.0768 1508.7452 1432.9176 1484.5411 1361.2705 1261.7899 1252.9297 1188.8721 1447.9457 1479.0939 1375.7264 1276.6437 1460.9479 1469.1841 1468.7216 1408.018 1388.9655 1184.7764 1468.9637 1368.1976 1393.0687 1277.9265 1498.0828 1371.4412 1084.3711 1388.985 1473.1396 1470.1982 1505.1759 1286.538 1322.2974 1477.6273 1484.6332 1472.1495 1476.8654 1417.6896 1316.0585 1506.2433 1389.4115 1492.8417 1292.5701 1371.3636 1134.8734 1437.8381 1336.4045 1440.1661 1512.7864 1417.1045 1320.5532 1505.3076 1467.7771 1365.6437 1485.1139 1299.7097 1372.9331 1484.8949 1305.9972 1312.6033 1466.0504 1489.0032 1295.9938 1479.0693 1479.7108 1473.4781 1242.8871 1288.5732 1154.6365 1491.2559 1468.2543 1437.4071 1274.0044 1459.7245 1381.2863 1468.771 1385.4353 1151.2013 1479.2261 1303.9437 1347.0626 1444.3802 1476.3518 1264.4313 1495.2616 1430.5183 1290.5206 1478.8293 1455.158 1360.1901 1269.2435 1305.1246 1499.7261 1379.91 1342.6914 1220.9456 1503.1061 1454.9182 1344.3663 1355.3195 1480.0548 1266.1744 1337.1136 1113.586 1483.1768 1360.1462 1044.9493 1279.5948 1476.928 1452.4443 1194.6134 1095.589 1470.8893 1475.3943 1333.5571 1190.1501 1473.0142 1488.6514 1296.4911 1403.2242 1250.9639 1371.9341 1483.6941 1142.8364 1344.259 1289.9424 1486.0052 1474.7095 1405.7847 1479.0911 1078.4946 1272.5728 1455.1339 1274.2451 1210.6703 1482.5188 1312.2325 1469.122 1252.2026 1385.4666 1491.3704 1479.7462 1369.2799 1252.2755 1456.5149 1330.6031 1492.5099 1358.3464 1232.549 1241.4072 1462.5819 1483.0441 1288.7422 1246.554 1054.8624 1475.1287 1366.301 1329.8695 1304.7147 1476.46 1483.4347 1477.0054 1362.4081 1510.2073 1323.9712 1506.1979 1353.7825 1466.8191 1437.2762 1152.2062 1362.2765 1487.8927 1325.1532 1238.0635 1305.1929 1488.3229 1504.7473 1414.3505 1173.4132 1311.3748 1454.3678 1474.727 1302.7655 1296.8286 1136.1244 1419.7228 1166.9902 1193.3965 1489.3495 1472.7072 1295.6229 1334.1434 1494.7457 1280.85 1320.5057 1463.5796 1471.5681 1478.0525 1410.7134 1277.0571 1341.8733 1483.9456 1360.3547 1377.3915 1472.8342 1470.4689 1464.5989 1286.5383 1329.2125 1292.5829 1322.4517 1471.217 1225.6829 1428.4165 1483.5491 1296.0767 1410.5107 1452.3716 1477.1738 1446.9247 1360.5056 1479.5881 1300.2068 1318.8718 1455.8514 1230.5951 1272.9305 1452.0308 1486.7291 1340.211 1487.6842 1371.6256 1502.4904 1147.9612 1372.8059 1367.6128 1483.4965 1423.5837 1182.1775 1369.271 1477.7307 1328.7609 1336.4084 1504.4332 1374.5575 1488.1719 1449.0823 1263.7577 1270.2766 1486.1343 1302.4188 1318.945 1375.2399 1278.9384 1251.6097 1392.0723 1468.4513 1479.486 1295.0511 1262.8501 1442.3837 1360.3618 1459.5616 1482.6996 1394.4585 1484.3337 1288.3804 1276.6893 1434.4799 1382.4406 1416.0388 1476.9713 1450.9216 1457.3684 1470.4861 1448.8424 1390.1199 1387.5216 1244.7936 1463.7009 1498.7017 1479.0734 1327.6255 1502.9393 1429.5503 1492.5289 1317.8722 1258.305 1372.457 1359.1454 1477.1246 1268.6732 1472.4836 1459.4434 1384.4746 1340.594 1474.0797 1479.2977 1187.822 1229.8801 1245.7441 1183.196 1503.6177 1435.0468 1456.4138 1488.1805 1442.1884 1263.0186 1479.3966 1282.1134 1461.3612 1473.8827 1387.0842 1484.6068 1452.7136 1229.0806 1281.1926 1331.588 1184.9183 1489.9114 1486.0491 1496.196 1387.1315 1334.2797 1456.6813 1494.8528 1456.3345 1490.216 1300.1405 1521.2795 1441.3762 1336.1982 1187.6295 1336.5939 1428.468 1471.846 1486.4851 1267.1785 1422.2473 1494.1702 1375.4796
 10 1310.45 1262.0768 1508.7452 1432.9176 1484.5411 1361.2705 1261.7899 1252.9297 1188.8721 1447.9457 1479.0939 1375.7264 1276.6437 1460.9479 1469.1841 1468.7216 1408.018 1388.9655 1184.7764 1468.9637 1368.1976 1393.0687 1277.9265 1498.0828 1371.4412 1084.3711 1388.985 1473.1396 1470.1982 1505.1759 1286.538 1322.2974 1477.6273 1484.6332 1472.1495 1476.8654 1417.6896 1316.0585 1506.2433 1389.4115 1492.8417 1292.5701 1371.3636 1134.8734 1437.8381 1336.4045 1440.1661 1512.7864 1417.1045 1320.5532 1505.3076 1467.7771 1365.6437 1485.1139 1299.7097 1372.9331 1484.8949 1305.9972 1312.6033 1466.0504 1489.0032 1295.9938 1479.0693 1479.7108 1473.4781 1242.8871 1288.5732 1154.6365 1491.2559 1468.2543 1437.4071 1274.0044 1459.7245 1381.2863 1468.771 1385.4353 1151.2013 1479.2261 1303.9437 1347.0626 1444.3802 1476.3518 1264.4313 1495.2616 1430.5183 1290.5206 1478.8293 1455.158 1360.1901 1269.2435 1305.1246 1499.7261 1379.91 1342.6914 1220.9456 1503.1061 1454.9182 1344.3663 1355.3195 1480.0548 1266.1744 1337.1136 1113.586 1483.1768 1360.1462 1044.9493 1279.5948 1476.928 1452.4443 1194.6134 1095.589 1470.8893 1475.3943 1333.5571 1190.1501 1473.0142 1488.6514 1296.4911 1403.2242 1250.9639 1371.9341 1483.6941 1142.8364 1344.259 1289.9424 1486.0052 1474.7095 1405.7847 1479.0911 1078.4946 1272.5728 1455.1339 1274.2451 1210.6703 1482.5188 1312.2325 1469.122 1252.2026 1385.4666 1491.3704 1479.7462 1369.2799 1252.2755 1456.5149 1330.6031 1492.5099 1358.3464 1232.549 1241.4072 1462.5819 1483.0441 1288.7422 1246.554 1054.8624 1475.1287 1366.301 1329.8695 1304.7147 1476.46 1483.4347 1477.0054 1362.4081 1510.2073 1323.9712 1506.1979 1353.7825 1466.8191 1437.2762 1152.2062 1362.2765 1487.8927 1325.1532 1238.0635 1305.1929 1488.3229 1504.7473 1414.3505 1173.4132 1311.3748 1454.3678 1474.727 1302.7655 1296.8286 1136.1244 1419.7228 1166.9902 1193.3965 1489.3495 1472.7072 1295.6229 1334.1434 1494.7457 1280.85 1320.5057 1463.5796 1471.5681 1478.0525 1410.7134 1277.0571 1341.8733 1483.9456 1360.3547 1377.3915 1472.8342 1470.4689 1464.5989 1286.5383 1329.2125 1292.5829 1322.4517 1471.217 1225.6829 1428.4165 1483.5491 1296.0767 1410.5107 1452.3716 1477.1738 1446.9247 1360.5056 1479.5881 1300.2068 1318.8718 1455.8514 1230.5951 1272.9305 1452.0308 1486.7291 1340.211 1487.6842 1371.6256 1502.4904 1147.9612 1372.8059 1367.6128 1483.4965 1423.5837 1182.1775 1369.271 1477.7307 1328.7609 1336.4084 1504.4332 1374.5575 1488.1719 1449.0823 1263.7577 1270.2766 1486.1343 1302.4188 1318.945 1375.2399 1278.9384 1251.6097 1392.0723 1468.4513 1479.486 1295.0511 1262.8501 1442.3837 1360.3618 1459.5616 1482.6996 1394.4585 1484.3337 1288.3804 1276.6893 1434.4799 1382.4406 1416.0388 1476.9713 1450.9216 1457.3684 1470.4861 1448.8424 1390.1199 1387.5216 1244.7936 1463.7009 1498.7017 1479.0734 1327.6255 1502.9393 1429.5503 1492.5289 1317.8722 1258.305 1372.457 1359.1454 1477.1246 1268.6732 1472.4836 1459.4434 1384.4746 1340.594 1474.0797 1479.2977 1187.822 1229.8801 1245.7441 1183.196 1503.6177 1435.0468 1456.4138 1488.1805 1442.1884 1263.0186 1479.3966 1282.1134 1461.3612 1473.8827 1387.0842 1484.6068 1452.7136 1229.0806 1281.1926 1331.588 1184.9183 1489.9114 1486.0491 1496.196 1387.1315 1334.2797 1456.6813 1494.8528 1456.3345 1490.216 1300.1405 1521.2795 1441.3762 1336.1982 1187.6295 1336.5939 1428.468 1471.846 1486.4851 1267.1785 1422.2473 1494.1702 1375.4796
 11 1310.45 1262.0768 1508.7452 1432.9176 1484.5411 1361.2705 1261.7899 1252.9297 1188.8721 1447.9457 1479.0939 1375.7264 1276.6437 1460.9479 1469.1841 1468.7216 1408.018 1388.9655 1184.7764 1468.9637 1368.1976 1393.0687 1277.9265 1498.0828 1371.4412 1084.3711 1388.985 1473.1396 1470.1982 1505.1759 1286.538 1322.2974 1477.6273 1484.6332 1472.1495 1476.8654 1417.6896 1316.0585 1506.2433 1389.4115 1492.8417 1292.5701 1371.3636 1134.8734 1437.8381 1336.4045 1440.1661 1512.7864 1417.1045 1320.5532 1505.3076 1467.7771 1365.6437 1485.1139 1299.7097 1372.9331 1484.8949 1305.9972 1312.6033 1466.0504 1489.0032 1295.9938 1479.0693 1479.7108 1473.4781 1242.8871 1288.5732 1154.6365 1491.2559 1468.2543 1437.4071 1274.0044 1459.7245 1381.2863 1468.771 1385.4353 1151.2013 1479.2261 1303.9437 1347.0626 1444.3802 1476.3518 1264.4313 1495.2616 1430.5183 1290.5206 1478.8293 1455.158 1360.1901 1269.2435 1305.1246 1499.7261 1379.91 1342.6914 1220.9456 1503.1061 1454.9182 1344.3663 1355.3195 1480.0548 1266.1744 1337.1136 1113.586 1483.1768 1360.1462 1044.9493 1279.5948 1476.928 1452.4443 1194.6134 1095.589 1470.8893 1475.3943 1333.5571 1190.1501 1473.0142 1488.6514 1296.4911 1403.2242 1250.9639 1371.9341 1483.6941 1142.8364 1344.259 1289.9424 1486.0052 1474.7095 1405.7847 1479.0911 1078.4946 1272.5728 1455.1339 1274.2451 1210.6703 1482.5188 1312.2325 1469.122 1252.2026 1385.4666 1491.3704 1479.7462 1369.2799 1252.2755 1456.5149 1330.6031 1492.5099 1358.3464 1232.549 1241.4072 1462.5819 1483.0441 1288.7422 1246.554 1054.8624 1475.1287 1366.301 1329.8695 1304.7147 1476.46 1483.4347 1477.0054 1362.4081 1510.2073 1323.9712 1506.1979 1353.7825 1466.8191 1437.2762 1152.2062 1362.2765 1487.8927 1325.1532 1238.0635 1305.1929 1488.3229 1504.7473 1414.3505 1173.4132 1311.3748 1454.3678 1474.727 1302.7655 1296.8286 1136.1244 1419.7228 1166.9902 1193.3965 1489.3495 1472.7072 1295.6229 1334.1434 1494.7457 1280.85 1320.5057 1463.5796 1471.5681 1478.0525 1410.7134 1277.0571 1341.8733 1483.9456 1360.3547 1377.3915 1472.8342 1470.4689 1464.5989 1286.5383 1329.2125 1292.5829 1322.4517 1471.217 1225.6829 1428.4165 1483.5491 1296.0767 1410.5107 1452.3716 1477.1738 1446.9247 1360.5056 1479.5881 1300.2068 1318.8718 1455.8514 1230.5951 1272.9305 1452.0308 1486.7291 1340.211 1487.6842 1371.6256 1502.4904 1147.9612 1372.8059 1367.6128 1483.4965 1423.5837 1182.1775 1369.271 1477.7307 1328.7609 1336.4084 1504.4332 1374.5575 1488.1719 1449.0823 1263.7577 1270.2766 1486.1343 1302.4188 1318.945 1375.2399 1278.9384 1251.6097 1392.0723 1468.4513 1479.486 1295.0511 1262.8501 1442.3837 1360.3618 1459.5616 1482.6996 1394.4585 1484.3337 1288.3804 1276.6893 1434.4799 1382.4406 1416.0388 1476.9713 1450.9216 1457.3684 1470.4861 1448.8424 1390.1199 1387.5216 1244.7936 1463.7009 1498.7017 1479.0734 1327.6255 1502.9393 1429.5503 1492.5289 1317.8722 1258.305 1372.457 1359.1454 1477.1246 1268.6732 1472.4836 1459.4434 1384.4746 1340.594 1474.0797 1479.2977 1187.822 1229.8801 1245.7441 1183.196 1503.6177 1435.0468 1456.4138 1488.1805 1442.1884 1263.0186 1479.3966 1282.1134 1461.3612 1473.8827 1387.0842 1484.6068 1452.7136 1229.0806 1281.1926 1331.588 1184.9183 1489.9114 1486.0491 1496.196 1387.1315 1334.2797 1456.6813 1494.8528 1456.3345 1490.216 1300.1405 1521.2795 1441.3762 1336.1982 1187.6295 1336.5939 1428.468 1471.846 1486.4851 1267.1785 1422.2473 1494.1702 1375.4796
 12 1310.45 1262.0768 1508.7452 1432.9176 1484.5411 1361.2705 1261.7899 1252.9297 1188.8721 1447.9457 1479.0939 1375.7264 1276.6437 1460.9479 1469.1841 1468.7216 1408.018 1388.9655 1184.7764 1468.9637 1368.1976 1393.0687 1277.9265 1498.0828 1371.4412 1084.3711 1388.985 1473.1396 1470.1982 1505.1759 1286.538 1322.2974 1477.6273 1484.6332 1472.1495 1476.8654 1417.6896 1316.0585 1506.2433 1389.4115 1492.8417 1292.5701 1371.3636 1134.8734 1437.8381 1336.4045 1440.1661 1512.7864 1417.1045 1320.5532 1505.3076 1467.7771 1365.6437 1485.1139 1299.7097 1372.9331 1484.8949 1305.9972 1312.6033 1466.0504 1489.0032 1295.9938 1479.0693 1479.7108 1473.4781 1242.8871 1288.5732 1154.6365 1491.2559 1468.2543 1437.4071 1274.0044 1459.7245 1381.2863 1468.771 1385.4353 1151.2013 1479.2261 1303.9437 1347.0626 1444.3802 1476.3518 1264.4313 1495.2616 1430.5183 1290.5206 1478.8293 1455.158 1360.1901 1269.2435 1305.1246 1499.7261 1379.91 1342.6914 1220.9456 1503.1061 1454.9182 1344.3663 1355.3195 1480.0548 1266.1744 1337.1136 1113.586 1483.1768 1360.1462 1044.9493 1279.5948 1476.928 1452.4443 1194.6134 1095.589 1470.8893 1475.3943 1333.5571 1190.1501 1473.0142 1488.6514 1296.4911 1403.2242 1250.9639 1371.9341 1483.6941 1142.8364 1344.259 1289.9424 1486.0052 1474.7095 1405.7847 1479.0911 1078.4946 1272.5728 1455.1339 1274.2451 1210.6703 1482.5188 1312.2325 1469.122 1252.2026 1385.4666 1491.3704 1479.7462 1369.2799 1252.2755 1456.5149 1330.6031 1492.5099 1358.3464 1232.549 1241.4072 1462.5819 1483.0441 1288.7422 1246.554 1054.8624 1475.1287 1366.301 1329.8695 1304.7147 1476.46 1483.4347 1477.0054 1362.4081 1510.2073 1323.9712 1506.1979 1353.7825 1466.8191 1437.2762 1152.2062 1362.2765 1487.8927 1325.1532 1238.0635 1305.1929 1488.3229 1504.7473 1414.3505 1173.4132 1311.3748 1454.3678 1474.727 1302.7655 1296.8286 1136.1244 1419.7228 1166.9902 1193.3965 1489.3495 1472.7072 1295.6229 1334.1434 1494.7457 1280.85 1320.5057 1463.5796 1471.5681 1478.0525 1410.7134 1277.0571 1341.8733 1483.9456 1360.3547 1377.3915 1472.8342 1470.4689 1464.5989 1286.5383 1329.2125 1292.5829 1322.4517 1471.217 1225.6829 1428.4165 1483.5491 1296.0767 1410.5107 1452.3716 1477.1738 1446.9247 1360.5056 1479.5881 1300.2068 1318.8718 1455.8514 1230.5951 1272.9305 1452.0308 1486.7291 1340.211 1487.6842 1371.6256 1502.4904 1147.9612 1372.8059 1367.6128 1483.4965 1423.5837 1182.1775 1369.271 1477.7307 1328.7609 1336.4084 1504.4332 1374.5575 1488.1719 1449.0823 1263.7577 1270.2766 1486.1343 1302.4188 1318.945 1375.2399 1278.9384 1251.6097 1392.0723 1468.4513 1479.486 1295.0511 1262.8501 1442.3837 1360.3618 1459.5616 1482.6996 1394.4585 1484.3337 1288.3804 1276.6893 1434.4799 1382.4406 1416.0388 1476.9713 1450.9216 1457.3684 1470.4861 1448.8424 1390.1199 1387.5216 1244.7936 1463.7009 1498.7017 1479.0734 1327.6255 1502.9393 1429.5503 1492.5289 1317.8722 1258.305 1372.457 1359.1454 1477.1246 1268.6732 1472.4836 1459.4434 1384.4746 1340.594 1474.0797 1479.2977 1187.822 1229.8801 1245.7441 1183.196 1503.6177 1435.0468 1456.4138 1488.1805 1442.1884 1263.0186 1479.3966 1282.1134 1461.3612 1473.8827 1387.0842 1484.6068 1452.7136 1229.0806 1281.1926 1331.588 1184.9183 1489.9114 1486.0491 1496.196 1387.1315 1334.2797 1456.6813 1494.8528 1456.3345 1490.216 1300.1405 1521.2795 1441.3762 1336.1982 1187.6295 1336.5939 1428.468 1471.846 1486.4851 1267.1785 1422.2473 1494.1702 1375.4796
 13 1310.45 1262.0768 1508.7452 1432.9176 1484.5411 1361.2705 1261.7899 1252.9297 1188.8721 1447.9457 1479.0939 1375.7264 1276.6437 1460.9479 1469.1841 1468.7216 1408.018 1388.9655 1184.7764 1468.9637 1368.1976 1393.0687 1277.9265 1498.0828 1371.4412 1084.3711 1388.985 1473.1396 1470.1982 1505.1759 1286.538 1322.2974 1477.6273 1484.6332 1472.1495 1476.8654 1417.6896 1316.0585 1506.2433 1389.4115 1492.8417 1292.5701 1371.3636 1134.8734 1437.8381 1336.4045 1440.1661 1512.7864 1417.1045 1320.5532 1505.3076 1467.7771 1365.6437 1485.1139 1299.7097 1372.9331 1484.8949 1305.9972 1312.6033 1466.0504 1489.0032 1295.9938 1479.0693 1479.7108 1473.4781 1242.8871 1288.5732 1154.6365 1491.2559 1468.2543 1437.4071 1274.0044 1459.7245 1381.2863 1468.771 1385.4353 1151.2013 1479.2261 1303.9437 1347.0626 1444.3802 1476.3518 1264.4313 1495.2616 1430.5183 1290.5206 1478.8293 1455.158 1360.1901 1269.2435 1305.1246 1499.7261 1379.91 1342.6914 1220.9456 1503.1061 1454.9182 1344.3663 1355.3195 1480.0548 1266.1744 1337.1136 1113.586 1483.1768 1360.1462 1044.9493 1279.5948 1476.928 1452.4443 1194.6134 1095.589 1470.8893 1475.3943 1333.5571 1190.1501 1473.0142 1488.6514 1296.4911 1403.2242 1250.9639 1371.9341 1483.6941 1142.8364 1344.259 1289.9424 1486.0052 1474.7095 1405.7847 1479.0911 1078.4946 1272.5728 1455.1339 1274.2451 1210.6703 1482.5188 1312.2325 1469.122 1252.2026 1385.4666 1491.3704 1479.7462 1369.2799 1252.2755 1456.5149 1330.6031 1492.5099 1358.3464 1232.549 1241.4072 1462.5819 1483.0441 1288.7422 1246.554 1054.8624 1475.1287 1366.301 1329.8695 1304.7147 1476.46 1483.4347 1477.0054 1362.4081 1510.2073 1323.9712 1506.1979 1353.7825 1466.8191 1437.2762 1152.2062 1362.2765 1487.8927 1325.1532 1238.0635 1305.1929 1488.3229 1504.7473 1414.3505 1173.4132 1311.3748 1454.3678 1474.727 1302.7655 1296.8286 1136.1244 1419.7228 1166.9902 1193.3965 1489.3495 1472.7072 1295.6229 1334.1434 1494.7457 1280.85 1320.5057 1463.5796 1471.5681 1478.0525 1410.7134 1277.0571 1341.8733 1483.9456 1360.3547 1377.3915 1472.8342 1470.4689 1464.5989 1286.5383 1329.2125 1292.5829 1322.4517 1471.217 1225.6829 1428.4165 1483.5491 1296.0767 1410.5107 1452.3716 1477.1738 1446.9247 1360.5056 1479.5881 1300.2068 1318.8718 1455.8514 1230.5951 1272.9305 1452.0308 1486.7291 1340.211 1487.6842 1371.6256 1502.4904 1147.9612 1372.8059 1367.6128 1483.4965 1423.5837 1182.1775 1369.271 1477.7307 1328.7609 1336.4084 1504.4332 1374.5575 1488.1719 1449.0823 1263.7577 1270.2766 1486.1343 1302.4188 1318.945 1375.2399 1278.9384 1251.6097 1392.0723 1468.4513 1479.486 1295.0511 1262.8501 1442.3837 1360.3618 1459.5616 1482.6996 1394.4585 1484.3337 1288.3804 1276.6893 1434.4799 1382.4406 1416.0388 1476.9713 1450.9216 1457.3684 1470.4861 1448.8424 1390.1199 1387.5216 1244.7936 1463.7009 1498.7017 1479.0734 1327.6255 1502.9393 1429.5503 1492.5289 1317.8722 1258.305 1372.457 1359.1454 1477.1246 1268.6732 1472.4836 1459.4434 1384.4746 1340.594 1474.0797 1479.2977 1187.822 1229.8801 1245.7441 1183.196 1503.6177 1435.0468 1456.4138 1488.1805 1442.1884 1263.0186 1479.3966 1282.1134 1461.3612 1473.8827 1387.0842 1484.6068 1452.7136 1229.0806 1281.1926 1331.588 1184.9183 1489.9114 1486.0491 1496.196 1387.1315 1334.2797 1456.6813 1494.8528 1456.3345 1490.216 1300.1405 1521.2795 1441.3762 1336.1982 1187.6295 1336.5939 1428.468 1471.846 1486.4851 1267.1785 1422.2473 1494.1702 1375.4796
 14 1310.45 1262.0768 1508.7452 1432.9176 1484.5411 1361.2705 1261.7899 1252.9297 1188.8721 1447.9457 1479.0939 1375.7264 1276.6437 1460.9479 1469.1841 1468.7216 1408.018 1388.9655 1184.7764 1468.9637 1368.1976 1393.0687 1277.9265 1498.0828 1371.4412 1084.3711 1388.985 1473.1396 1470.1982 1505.1759 1286.538 1322.2974 1477.6273 1484.6332 1472.1495 1476.8654 1417.6896 1316.0585 1506.2433 1389.4115 1492.8417 1292.5701 1371.3636 1134.8734 1437.8381 1336.4045 1440.1661 1512.7864 1417.1045 1320.5532 1505.3076 1467.7771 1365.6437 1485.1139 1299.7097 1372.9331 1484.8949 1305.9972 1312.6033 1466.0504 1489.0032 1295.9938 1479.0693 1479.7108 1473.4781 1242.8871 1288.5732 1154.6365 1491.2559 1468.2543 1437.4071 1274.0044 1459.7245 1381.2863 1468.771 1385.4353 1151.2013 1479.2261 1303.9437 1347.0626 1444.3802 1476.3518 1264.4313 1495.2616 1430.5183 1290.5206 1478.8293 1455.158 1360.1901 1269.2435 1305.1246 1499.7261 1379.91 1342.6914 1220.9456 1503.1061 1454.9182 1344.3663 1355.3195 1480.0548 1266.1744 1337.1136 1113.586 1483.1768 1360.1462 1044.9493 1279.5948 1476.928 1452.4443 1194.6134 1095.589 1470.8893 1475.3943 1333.5571 1190.1501 1473.0142 1488.6514 1296.4911 1403.2242 1250.9639 1371.9341 1483.6941 1142.8364 1344.259 1289.9424 1486.0052 1474.7095 1405.7847 1479.0911 1078.4946 1272.5728 1455.1339 1274.2451 1210.6703 1482.5188 1312.2325 1469.122 1252.2026 1385.4666 1491.3704 1479.7462 1369.2799 1252.2755 1456.5149 1330.6031 1492.5099 1358.3464 1232.549 1241.4072 1462.5819 1483.0441 1288.7422 1246.554 1054.8624 1475.1287 1366.301 1329.8695 1304.7147 1476.46 1483.4347 1477.0054 1362.4081 1510.2073 1323.9712 1506.1979 1353.7825 1466.8191 1437.2762 1152.2062 1362.2765 1487.8927 1325.1532 1238.0635 1305.1929 1488.3229 1504.7473 1414.3505 1173.4132 1311.3748 1454.3678 1474.727 1302.7655 1296.8286 1136.1244 1419.7228 1166.9902 1193.3965 1489.3495 1472.7072 1295.6229 1334.1434 1494.7457 1280.85 1320.5057 1463.5796 1471.5681 1478.0525 1410.7134 1277.0571 1341.8733 1483.9456 1360.3547 1377.3915 1472.8342 1470.4689 1464.5989 1286.5383 1329.2125 1292.5829 1322.4517 1471.217 1225.6829 1428.4165 1483.5491 1296.0767 1410.5107 1452.3716 1477.1738 1446.9247 1360.5056 1479.5881 1300.2068 1318.8718 1455.8514 1230.5951 1272.9305 1452.0308 1486.7291 1340.211 1487.6842 1371.6256 1502.4904 1147.9612 1372.8059 1367.6128 1483.4965 1423.5837 1182.1775 1369.271 1477.7307 1328.7609 1336.4084 1504.4332 1374.5575 1488.1719 1449.0823 1263.7577 1270.2766 1486.1343 1302.4188 1318.945 1375.2399 1278.9384 1251.6097 1392.0723 1468.4513 1479.486 1295.0511 1262.8501 1442.3837 1360.3618 1459.5616 1482.6996 1394.4585 1484.3337 1288.3804 1276.6893 1434.4799 1382.4406 1416.0388 1476.9713 1450.9216 1457.3684 1470.4861 1448.8424 1390.1199 1387.5216 1244.7936 1463.7009 1498.7017 1479.0734 1327.6255 1502.9393 1429.5503 1492.5289 1317.8722 1258.305 1372.457 1359.1454 1477.1246 1268.6732 1472.4836 1459.4434 1384.4746 1340.594 1474.0797 1479.2977 1187.822 1229.8801 1245.7441 1183.196 1503.6177 1435.0468 1456.4138 1488.1805 1442.1884 1263.0186 1479.3966 1282.1134 1461.3612 1473.8827 1387.0842 1484.6068 1452.7136 1229.0806 1281.1926 1331.588 1184.9183 1489.9114 1486.0491 1496.196 1387.1315 1334.2797 1456.6813 1494.8528 1456.3345 1490.216 1300.1405 1521.2795 1441.3762 1336.1982 1187.6295 1336.5939 1428.468 1471.846 1486.4851 1267.1785 1422.2473 1494.1702 1375.4796
 15 1310.45 1262.0768 1508.7452 1432.9176 1484.5411 1361.2705 1261.7899 1252.9297 1188.8721 1447.9457 1479.0939 1375.7264 1276.6437 1460.9479 1469.1841 1468.7216 1408.018 1388.9655 1184.7764 1468.9637 1368.1976 1393.0687 1277.9265 1498.0828 1371.4412 1084.3711 1388.985 1473.1396 1470.1982 1505.1759 1286.538 1322.2974 1477.6273 1484.6332 1472.1495 1476.8654 1417.6896 1316.0585 1506.2433 1389.4115 1492.8417 1292.5701 1371.3636 1134.8734 1437.8381 1336.4045 1440.1661 1512.7864 1417.1045 1320.5532 1505.3076 1467.7771 1365.6437 1485.1139 1299.7097 1372.9331 1484.8949 1305.9972 1312.6033 1466.0504 1489.0032 1295.9938 1479.0693 1479.7108 1473.4781 1242.8871 1288.5732 1154.6365 1491.2559 1468.2543 1437.4071 1274.0044 1459.7245 1381.2863 1468.771 1385.4353 1151.2013 1479.2261 1303.9437 1347.0626 1444.3802 1476.3518 1264.4313 1495.2616 1430.5183 1290.5206 1478.8293 1455.158 1360.1901 1269.2435 1305.1246 1499.7261 1379.91 1342.6914 1220.9456 1503.1061 1454.9182 1344.3663 1355.3195 1480.0548 1266.1744 1337.1136 1113.586 1483.1768 1360.1462 1044.9493 1279.5948 1476.928 1452.4443 1194.6134 1095.589 1470.8893 1475.3943 1333.5571 1190.1501 1473.0142 1488.6514 1296.4911 1403.2242 1250.9639 1371.9341 1483.6941 1142.8364 1344.259 1289.9424 1486.0052 1474.7095 1405.7847 1479.0911 1078.4946 1272.5728 1455.1339 1274.2451 1210.6703 1482.5188 1312.2325 1469.122 1252.2026 1385.4666 1491.3704 1479.7462 1369.2799 1252.2755 1456.5149 1330.6031 1492.5099 1358.3464 1232.549 1241.4072 1462.5819 1483.0441 1288.7422 1246.554 1054.8624 1475.1287 1366.301 1329.8695 1304.7147 1476.46 1483.4347 1477.0054 1362.4081 1510.2073 1323.9712 1506.1979 1353.7825 1466.8191 1437.2762 1152.2062 1362.2765 1487.8927 1325.1532 1238.0635 1305.1929 1488.3229 1504.7473 1414.3505 1173.4132 1311.3748 1454.3678 1474.727 1302.7655 1296.8286 1136.1244 1419.7228 1166.9902 1193.3965 1489.3495 1472.7072 1295.6229 1334.1434 1494.7457 1280.85 1320.5057 1463.5796 1471.5681 1478.0525 1410.7134 1277.0571 1341.8733 1483.9456 1360.3547 1377.3915 1472.8342 1470.4689 1464.5989 1286.5383 1329.2125 1292.5829 1322.4517 1471.217 1225.6829 1428.4165 1483.5491 1296.0767 1410.5107 1452.3716 1477.1738 1446.9247 1360.5056 1479.5881 1300.2068 1318.8718 1455.8514 1230.5951 1272.9305 1452.0308 1486.7291 1340.211 1487.6842 1371.6256 1502.4904 1147.9612 1372.8059 1367.6128 1483.4965 1423.5837 1182.1775 1369.271 1477.7307 1328.7609 1336.4084 1504.4332 1374.5575 1488.1719 1449.0823 1263.7577 1270.2766 1486.1343 1302.4188 1318.945 1375.2399 1278.9384 1251.6097 1392.0723 1468.4513 1479.486 1295.0511 1262.8501 1442.3837 1360.3618 1459.5616 1482.6996 1394.4585 1484.3337 1288.3804 1276.6893 1434.4799 1382.4406 1416.0388 1476.9713 1450.9216 1457.3684 1470.4861 1448.8424 1390.1199 1387.5216 1244.7936 1463.7009 1498.7017 1479.0734 1327.6255 1502.9393 1429.5503 1492.5289 1317.8722 1258.305 1372.457 1359.1454 1477.1246 1268.6732 1472.4836 1459.4434 1384.4746 1340.594 1474.0797 1479.2977 1187.822 1229.8801 1245.7441 1183.196 1503.6177 1435.0468 1456.4138 1488.1805 1442.1884 1263.0186 1479.3966 1282.1134 1461.3612 1473.8827 1387.0842 1484.6068 1452.7136 1229.0806 1281.1926 1331.588 1184.9183 1489.9114 1486.0491 1496.196 1387.1315 1334.2797 1456.6813 1494.8528 1456.3345 1490.216 1300.1405 1521.2795 1441.3762 1336.1982 1187.6295 1336.5939 1428.468 1471.846 1486.4851 1267.1785 1422.2473 1494.1702 1375.4796
 16 1310.45 1262.0768 1508.7452 1432.9176 1484.5411 1361.2705 1261.7899 1252.9297 1188.8721 1447.9457 1479.0939 1375.7264 1276.6437 1460.9479 1469.1841 1468.7216 1408.018 1388.9655 1184.7764 1468.9637 1368.1976 1393.0687 1277.9265 1498.0828 1371.4412 1084.3711 1388.985 1473.1396 1470.1982 1505.1759 1286.538 1322.2974 1477.6273 1484.6332 1472.1495 1476.8654 1417.6896 1316.0585 1506.2433 1389.4115 1492.8417 1292.5701 1371.3636 1134.8734 1437.8381 1336.4045 1440.1661 1512.7864 1417.1045 1320.5532 1505.3076 1467.7771 1365.6437 1485.1139 1299.7097 1372.9331 1484.8949 1305.9972 1312.6033 1466.0504 1489.0032 1295.9938 1479.0693 1479.7108 1473.4781 1242.8871 1288.5732 1154.6365 1491.2559 1468.2543 1437.4071 1274.0044 1459.7245 1381.2863 1468.771 1385.4353 1151.2013 1479.2261 1303.9437 1347.0626 1444.3802 1476.3518 1264.4313 1495.2616 1430.5183 1290.5206 1478.8293 1455.158 1360.1901 1269.2435 1305.1246 1499.7261 1379.91 1342.6914 1220.9456 1503.1061 1454.9182 1344.3663 1355.3195 1480.0548 1266.1744 1337.1136 1113.586 1483.1768 1360.1462 1044.9493 1279.5948 1476.928 1452.4443 1194.6134 1095.589 1470.8893 1475.3943 1333.5571 1190.1501 1473.0142 1488.6514 1296.4911 1403.2242 1250.9639 1371.9341 1483.6941 1142.8364 1344.259 1289.9424 1486.0052 1474.7095 1405.7847 1479.0911 1078.4946 1272.5728 1455.1339 1274.2451 1210.6703 1482.5188 1312.2325 1469.122 1252.2026 1385.4666 1491.3704 1479.7462 1369.2799 1252.2755 1456.5149 1330.6031 1492.5099 1358.3464 1232.549 1241.4072 1462.5819 1483.0441 1288.7422 1246.554 1054.8624 1475.1287 1366.301 1329.8695 1304.7147 1476.46 1483.4347 1477.0054 1362.4081 1510.2073 1323.9712 1506.1979 1353.7825 1466.8191 1437.2762 1152.2062 1362.2765 1487.8927 1325.1532 1238.0635 1305.1929 1488.3229 1504.7473 1414.3505 1173.4132 1311.3748 1454.3678 1474.727 1302.7655 1296.8286 1136.1244 1419.7228 1166.9902 1193.3965 1489.3495 1472.7072 1295.6229 1334.1434 1494.7457 1280.85 1320.5057 1463.5796 1471.5681 1478.0525 1410.7134 1277.0571 1341.8733 1483.9456 1360.3547 1377.3915 1472.8342 1470.4689 1464.5989 1286.5383 1329.2125 1292.5829 1322.4517 1471.217 1225.6829 1428.4165 1483.5491 1296.0767 1410.5107 1452.3716 1477.1738 1446.9247 1360.5056 1479.5881 1300.2068 1318.8718 1455.8514 1230.5951 1272.9305 1452.0308 1486.7291 1340.211 1487.6842 1371.6256 1502.4904 1147.9612 1372.8059 1367.6128 1483.4965 1423.5837 1182.1775 1369.271 1477.7307 1328.7609 1336.4084 1504.4332 1374.5575 1488.1719 1449.0823 1263.7577 1270.2766 1486.1343 1302.4188 1318.945 1375.2399 1278.9384 1251.6097 1392.0723 1468.4513 1479.486 1295.0511 1262.8501 1442.3837 1360.3618 1459.5616 1482.6996 1394.4585 1484.3337 1288.3804 1276.6893 1434.4799 1382.4406 1416.0388 1476.9713 1450.9216 1457.3684 1470.4861 1448.8424 1390.1199 1387.5216 1244.7936 1463.7009 1498.7017 1479.0734 1327.6255 1502.9393 1429.5503 1492.5289 1317.8722 1258.305 1372.457 1359.1454 1477.1246 1268.6732 1472.4836 1459.4434 1384.4746 1340.594 1474.0797 1479.2977 1187.822 1229.8801 1245.7441 1183.196 1503.6177 1435.0468 1456.4138 1488.1805 1442.1884 1263.0186 1479.3966 1282.1134 1461.3612 1473.8827 1387.0842 1484.6068 1452.7136 1229.0806 1281.1926 1331.588 1184.9183 1489.9114 1486.0491 1496.196 1387.1315 1334.2797 1456.6813 1494.8528 1456.3345 1490.216 1300.1405 1521.2795 1441.3762 1336.1982 1187.6295 1336.5939 1428.468 1471.846 1486.4851 1267.1785 1422.2473 1494.1702 1375.4796
 17 1310.45 1262.0768 1508.7452 1432.9176 1484.5411 1361.2705 1261.7899 1252.9297 1188.8721 1447.9457 1479.0939 1375.7264 1276.6437 1460.9479 1469.1841 1468.7216 1408.018 1388.9655 1184.7764 1468.9637 1368.1976 1393.0687 1277.9265 1498.0828 1371.4412 1084.3711 1388.985 1473.1396 1470.1982 1505.1759 1286.538 1322.2974 1477.6273 1484.6332 1472.1495 1476.8654 1417.6896 1316.0585 1506.2433 1389.4115 1492.8417 1292.5701 1371.3636 1134.8734 1437.8381 1336.4045 1440.1661 1512.7864 1417.1045 1320.5532 1505.3076 1467.7771 1365.6437 1485.1139 1299.7097 1372.9331 1484.8949 1305.9972 1312.6033 1466.0504 1489.0032 1295.9938 1479.0693 1479.7108 1473.4781 1242.8871 1288.5732 1154.6365 1491.2559 1468.2543 1437.4071 1274.0044 1459.7245 1381.2863 1468.771 1385.4353 1151.2013 1479.2261 1303.9437 1347.0626 1444.3802 1476.3518 1264.4313 1495.2616 1430.5183 1290.5206 1478.8293 1455.158 1360.1901 1269.2435 1305.1246 1499.7261 1379.91 1342.6914 1220.9456 1503.1061 1454.9182 1344.3663 1355.3195 1480.0548 1266.1744 1337.1136 1113.586 1483.1768 1360.1462 1044.9493 1279.5948 1476.928 1452.4443 1194.6134 1095.589 1470.8893 1475.3943 1333.5571 1190.1501 1473.0142 1488.6514 1296.4911 1403.2242 1250.9639 1371.9341 1483.6941 1142.8364 1344.259 1289.9424 1486.0052 1474.7095 1405.7847 1479.0911 1078.4946 1272.5728 1455.1339 1274.2451 1210.6703 1482.5188 1312.2325 1469.122 1252.2026 1385.4666 1491.3704 1479.7462 1369.2799 1252.2755 1456.5149 1330.6031 1492.5099 1358.3464 1232.549 1241.4072 1462.5819 1483.0441 1288.7422 1246.554 1054.8624 1475.1287 1366.301 1329.8695 1304.7147 1476.46 1483.4347 1477.0054 1362.4081 1510.2073 1323.9712 1506.1979 1353.7825 1466.8191 1437.2762 1152.2062 1362.2765 1487.8927 1325.1532 1238.0635 1305.1929 1488.3229 1504.7473 1414.3505 1173.4132 1311.3748 1454.3678 1474.727 1302.7655 1296.8286 1136.1244 1419.7228 1166.9902 1193.3965 1489.3495 1472.7072 1295.6229 1334.1434 1494.7457 1280.85 1320.5057 1463.5796 1471.5681 1478.0525 1410.7134 1277.0571 1341.8733 1483.9456 1360.3547 1377.3915 1472.8342 1470.4689 1464.5989 1286.5383 1329.2125 1292.5829 1322.4517 1471.217 1225.6829 1428.4165 1483.5491 1296.0767 1410.5107 1452.3716 1477.1738 1446.9247 1360.5056 1479.5881 1300.2068 1318.8718 1455.8514 1230.5951 1272.9305 1452.0308 1486.7291 1340.211 1487.6842 1371.6256 1502.4904 1147.9612 1372.8059 1367.6128 1483.4965 1423.5837 1182.1775 1369.271 1477.7307 1328.7609 1336.4084 1504.4332 1374.5575 1488.1719 1449.0823 1263.7577 1270.2766 1486.1343 1302.4188 1318.945 1375.2399 1278.9384 1251.6097 1392.0723 1468.4513 1479.486 1295.0511 1262.8501 1442.3837 1360.3618 1459.5616 1482.6996 1394.4585 1484.3337 1288.3804 1276.6893 1434.4799 1382.4406 1416.0388 1476.9713 1450.9216 1457.3684 1470.4861 1448.8424 1390.1199 1387.5216 1244.7936 1463.7009 1498.7017 1479.0734 1327.6255 1502.9393 1429.5503 1492.5289 1317.8722 1258.305 1372.457 1359.1454 1477.1246 1268.6732 1472.4836 1459.4434 1384.4746 1340.594 1474.0797 1479.2977 1187.822 1229.8801 1245.7441 1183.196 1503.6177 1435.0468 1456.4138 1488.1805 1442.1884 1263.0186 1479.3966 1282.1134 1461.3612 1473.8827 1387.0842 1484.6068 1452.7136 1229.0806 1281.1926 1331.588 1184.9183 1489.9114 1486.0491 1496.196 1387.1315 1334.2797 1456.6813 1494.8528 1456.3345 1490.216 1300.1405 1521.2795 1441.3762 1336.1982 1187.6295 1336.5939 1428.468 1471.846 1486.4851 1267.1785 1422.2473 1494.1702 1375.4796
 18 1310.45 1262.0768 1508.7452 1432.9176 1484.5411 1361.2705 1261.7899 1252.9297 1188.8721 1447.9457 1479.0939 1375.7264 1276.6437 1460.9479 1469.1841 1468.7216 1408.018 1388.9655 1184.7764 1468.9637 1368.1976 1393.0687 1277.9265 1498.0828 1371.4412 1084.3711 1388.985 1473.1396 1470.1982 1505.1759 1286.538 1322.2974 1477.6273 1484.6332 1472.1495 1476.8654 1417.6896 1316.0585 1506.2433 1389.4115 1492.8417 1292.5701 1371.3636 1134.8734 1437.8381 1336.4045 1440.1661 1512.7864 1417.1045 1320.5532 1505.3076 1467.7771 1365.6437 1485.1139 1299.7097 1372.9331 1484.8949 1305.9972 1312.6033 1466.0504 1489.0032 1295.9938 1479.0693 1479.7108 1473.4781 1242.8871 1288.5732 1154.6365 1491.2559 1468.2543 1437.4071 1274.0044 1459.7245 1381.2863 1468.771 1385.4353 1151.2013 1479.2261 1303.9437 1347.0626 1444.3802 1476.3518 1264.4313 1495.2616 1430.5183 1290.5206 1478.8293 1455.158 1360.1901 1269.2435 1305.1246 1499.7261 1379.91 1342.6914 1220.9456 1503.1061 1454.9182 1344.3663 1355.3195 1480.0548 1266.1744 1337.1136 1113.586 1483.1768 1360.1462 1044.9493 1279.5948 1476.928 1452.4443 1194.6134 1095.589 1470.8893 1475.3943 1333.5571 1190.1501 1473.0142 1488.6514 1296.4911 1403.2242 1250.9639 1371.9341 1483.6941 1142.8364 1344.259 1289.9424 1486.0052 1474.7095 1405.7847 1479.0911 1078.4946 1272.5728 1455.1339 1274.2451 1210.6703 1482.5188 1312.2325 1469.122 1252.2026 1385.4666 1491.3704 1479.7462 1369.2799 1252.2755 1456.5149 1330.6031 1492.5099 1358.3464 1232.549 1241.4072 1462.5819 1483.0441 1288.7422 1246.554 1054.8624 1475.1287 1366.301 1329.8695 1304.7147 1476.46 1483.4347 1477.0054 1362.4081 1510.2073 1323.9712 1506.1979 1353.7825 1466.8191 1437.2762 1152.2062 1362.2765 1487.8927 1325.1532 1238.0635 1305.1929 1488.3229 1504.7473 1414.3505 1173.4132 1311.3748 1454.3678 1474.727 1302.7655 1296.8286 1136.1244 1419.7228 1166.9902 1193.3965 1489.3495 1472.7072 1295.6229 1334.1434 1494.7457 1280.85 1320.5057 1463.5796 1471.5681 1478.0525 1410.7134 1277.0571 1341.8733 1483.9456 1360.3547 1377.3915 1472.8342 1470.4689 1464.5989 1286.5383 1329.2125 1292.5829 1322.4517 1471.217 1225.6829 1428.4165 1483.5491 1296.0767 1410.5107 1452.3716 1477.1738 1446.9247 1360.5056 1479.5881 1300.2068 1318.8718 1455.8514 1230.5951 1272.9305 1452.0308 1486.7291 1340.211 1487.6842 1371.6256 1502.4904 1147.9612 1372.8059 1367.6128 1483.4965 1423.5837 1182.1775 1369.271 1477.7307 1328.7609 1336.4084 1504.4332 1374.5575 1488.1719 1449.0823 1263.7577 1270.2766 1486.1343 1302.4188 1318.945 1375.2399 1278.9384 1251.6097 1392.0723 1468.4513 1479.486 1295.0511 1262.8501 1442.3837 1360.3618 1459.5616 1482.6996 1394.4585 1484.3337 1288.3804 1276.6893 1434.4799 1382.4406 1416.0388 1476.9713 1450.9216 1457.3684 1470.4861 1448.8424 1390.1199 1387.5216 1244.7936 1463.7009 1498.7017 1479.0734 1327.6255 1502.9393 1429.5503 1492.5289 1317.8722 1258.305 1372.457 1359.1454 1477.1246 1268.6732 1472.4836 1459.4434 1384.4746 1340.594 1474.0797 1479.2977 1187.822 1229.8801 1245.7441 1183.196 1503.6177 1435.0468 1456.4138 1488.1805 1442.1884 1263.0186 1479.3966 1282.1134 1461.3612 1473.8827 1387.0842 1484.6068 1452.7136 1229.0806 1281.1926 1331.588 1184.9183 1489.9114 1486.0491 1496.196 1387.1315 1334.2797 1456.6813 1494.8528 1456.3345 1490.216 1300.1405 1521.2795 1441.3762 1336.1982 1187.6295 1336.5939 1428.468 1471.846 1486.4851 1267.1785 1422.2473 1494.1702 1375.4796
 19 1310.45 1262.0768 1508.7452 1432.9176 1484.5411 1361.2705 1261.7899 1252.9297 1188.8721 1447.9457 1479.0939 1375.7264 1276.6437 1460.9479 1469.1841 1468.7216 1408.018 1388.9655 1184.7764 1468.9637 1368.1976 1393.0687 1277.9265 1498.0828 1371.4412 1084.3711 1388.985 1473.1396 1470.1982 1505.1759 1286.538 1322.2974 1477.6273 1484.6332 1472.1495 1476.8654 1417.6896 1316.0585 1506.2433 1389.4115 1492.8417 1292.5701 1371.3636 1134.8734 1437.8381 1336.4045 1440.1661 1512.7864 1417.1045 1320.5532 1505.3076 1467.7771 1365.6437 1485.1139 1299.7097 1372.9331 1484.8949 1305.9972 1312.6033 1466.0504 1489.0032 1295.9938 1479.0693 1479.7108 1473.4781 1242.8871 1288.5732 1154.6365 1491.2559 1468.2543 1437.4071 1274.0044 1459.7245 1381.2863 1468.771 1385.4353 1151.2013 1479.2261 1303.9437 1347.0626 1444.3802 1476.3518 1264.4313 1495.2616 1430.5183 1290.5206 1478.8293 1455.158 1360.1901 1269.2435 1305.1246 1499.7261 1379.91 1342.6914 1220.9456 1503.1061 1454.9182 1344.3663 1355.3195 1480.0548 1266.1744 1337.1136 1113.586 1483.1768 1360.1462 1044.9493 1279.5948 1476.928 1452.4443 1194.6134 1095.589 1470.8893 1475.3943 1333.5571 1190.1501 1473.0142 1488.6514 1296.4911 1403.2242 1250.9639 1371.9341 1483.6941 1142.8364 1344.259 1289.9424 1486.0052 1474.7095 1405.7847 1479.0911 1078.4946 1272.5728 1455.1339 1274.2451 1210.6703 1482.5188 1312.2325 1469.122 1252.2026 1385.4666 1491.3704 1479.7462 1369.2799 1252.2755 1456.5149 1330.6031 1492.5099 1358.3464 1232.549 1241.4072 1462.5819 1483.0441 1288.7422 1246.554 1054.8624 1475.1287 1366.301 1329.8695 1304.7147 1476.46 1483.4347 1477.0054 1362.4081 1510.2073 1323.9712 1506.1979 1353.7825 1466.8191 1437.2762 1152.2062 1362.2765 1487.8927 1325.1532 1238.0635 1305.1929 1488.3229 1504.7473 1414.3505 1173.4132 1311.3748 1454.3678 1474.727 1302.7655 1296.8286 1136.1244 1419.7228 1166.9902 1193.3965 1489.3495 1472.7072 1295.6229 1334.1434 1494.7457 1280.85 1320.5057 1463.5796 1471.5681 1478.0525 1410.7134 1277.0571 1341.8733 1483.9456 1360.3547 1377.3915 1472.8342 1470.4689 1464.5989 1286.5383 1329.2125 1292.5829 1322.4517 1471.217 1225.6829 1428.4165 1483.5491 1296.0767 1410.5107 1452.3716 1477.1738 1446.9247 1360.5056 1479.5881 1300.2068 1318.8718 1455.8514 1230.5951 1272.9305 1452.0308 1486.7291 1340.211 1487.6842 1371.6256 1502.4904 1147.9612 1372.8059 1367.6128 1483.4965 1423.5837 1182.1775 1369.271 1477.7307 1328.7609 1336.4084 1504.4332 1374.5575 1488.1719 1449.0823 1263.7577 1270.2766 1486.1343 1302.4188 1318.945 1375.2399 1278.9384 1251.6097 1392.0723 1468.4513 1479.486 1295.0511 1262.8501 1442.3837 1360.3618 1459.5616 1482.6996 1394.4585 1484.3337 1288.3804 1276.6893 1434.4799 1382.4406 1416.0388 1476.9713 1450.9216 1457.3684 1470.4861 1448.8424 1390.1199 1387.5216 1244.7936 1463.7009 1498.7017 1479.0734 1327.6255 1502.9393 1429.5503 1492.5289 1317.8722 1258.305 1372.457 1359.1454 1477.1246 1268.6732 1472.4836 1459.4434 1384.4746 1340.594 1474.0797 1479.2977 1187.822 1229.8801 1245.7441 1183.196 1503.6177 1435.0468 1456.4138 1488.1805 1442.1884 1263.0186 1479.3966 1282.1134 1461.3612 1473.8827 1387.0842 1484.6068 1452.7136 1229.0806 1281.1926 1331.588 1184.9183 1489.9114 1486.0491 1496.196 1387.1315 1334.2797 1456.6813 1494.8528 1456.3345 1490.216 1300.1405 1521.2795 1441.3762 1336.1982 1187.6295 1336.5939 1428.468 1471.846 1486.4851 1267.1785 1422.2473 1494.1702 1375.4796
 20 1310.45 1262.0768 1508.7452 1432.9176 1484.5411 1361.2705 1261.7899 1252.9297 1188.8721 1447.9457 1479.0939 1375.7264 1276.6437 1460.9479 1469.1841 1468.7216 1408.018 1388.9655 1184.7764 1468.9637 1368.1976 1393.0687 1277.9265 1498.0828 1371.4412 1084.3711 1388.985 1473.1396 1470.1982 1505.1759 1286.538 1322.2974 1477.6273 1484.6332 1472.1495 1476.8654 1417.6896 1316.0585 1506.2433 1389.4115 1492.8417 1292.5701 1371.3636 1134.8734 1437.8381 1336.4045 1440.1661 1512.7864 1417.1045 1320.5532 1505.3076 1467.7771 1365.6437 1485.1139 1299.7097 1372.9331 1484.8949 1305.9972 1312.6033 1466.0504 1489.0032 1295.9938 1479.0693 1479.7108 1473.4781 1242.8871 1288.5732 1154.6365 1491.2559 1468.2543 1437.4071 1274.0044 1459.7245 1381.2863 1468.771 1385.4353 1151.2013 1479.2261 1303.9437 1347.0626 1444.3802 1476.3518 1264.4313 1495.2616 1430.5183 1290.5206 1478.8293 1455.158 1360.1901 1269.2435 1305.1246 1499.7261 1379.91 1342.6914 1220.9456 1503.1061 1454.9182 1344.3663 1355.3195 1480.0548 1266.1744 1337.1136 1113.586 1483.1768 1360.1462 1044.9493 1279.5948 1476.928 1452.4443 1194.6134 1095.589 1470.8893 1475.3943 1333.5571 1190.1501 1473.0142 1488.6514 1296.4911 1403.2242 1250.9639 1371.9341 1483.6941 1142.8364 1344.259 1289.9424 1486.0052 1474.7095 1405.7847 1479.0911 1078.4946 1272.5728 1455.1339 1274.2451 1210.6703 1482.5188 1312.2325 1469.122 1252.2026 1385.4666 1491.3704 1479.7462 1369.2799 1252.2755 1456.5149 1330.6031 1492.5099 1358.3464 1232.549 1241.4072 1462.5819 1483.0441 1288.7422 1246.554 1054.8624 1475.1287 1366.301 1329.8695 1304.7147 1476.46 1483.4347 1477.0054 1362.4081 1510.2073 1323.9712 1506.1979 1353.7825 1466.8191 1437.2762 1152.2062 1362.2765 1487.8927 1325.1532 1238.0635 1305.1929 1488.3229 1504.7473 1414.3505 1173.4132 1311.3748 1454.3678 1474.727 1302.7655 1296.8286 1136.1244 1419.7228 1166.9902 1193.3965 1489.3495 1472.7072 1295.6229 1334.1434 1494.7457 1280.85 1320.5057 1463.5796 1471.5681 1478.0525 1410.7134 1277.0571 1341.8733 1483.9456 1360.3547 1377.3915 1472.8342 1470.4689 1464.5989 1286.5383 1329.2125 1292.5829 1322.4517 1471.217 1225.6829 1428.4165 1483.5491 1296.0767 1410.5107 1452.3716 1477.1738 1446.9247 1360.5056 1479.5881 1300.2068 1318.8718 1455.8514 1230.5951 1272.9305 1452.0308 1486.7291 1340.211 1487.6842 1371.6256 1502.4904 1147.9612 1372.8059 1367.6128 1483.4965 1423.5837 1182.1775 1369.271 1477.7307 1328.7609 1336.4084 1504.4332 1374.5575 1488.1719 1449.0823 1263.7577 1270.2766 1486.1343 1302.4188 1318.945 1375.2399 1278.9384 1251.6097 1392.0723 1468.4513 1479.486 1295.0511 1262.8501 1442.3837 1360.3618 1459.5616 1482.6996 1394.4585 1484.3337 1288.3804 1276.6893 1434.4799 1382.4406 1416.0388 1476.9713 1450.9216 1457.3684 1470.4861 1448.8424 1390.1199 1387.5216 1244.7936 1463.7009 1498.7017 1479.0734 1327.6255 1502.9393 1429.5503 1492.5289 1317.8722 1258.305 1372.457 1359.1454 1477.1246 1268.6732 1472.4836 1459.4434 1384.4746 1340.594 1474.0797 1479.2977 1187.822 1229.8801 1245.7441 1183.196 1503.6177 1435.0468 1456.4138 1488.1805 1442.1884 1263.0186 1479.3966 1282.1134 1461.3612 1473.8827 1387.0842 1484.6068 1452.7136 1229.0806 1281.1926 1331.588 1184.9183 1489.9114 1486.0491 1496.196 1387.1315 1334.2797 1456.6813 1494.8528 1456.3345 1490.216 1300.1405 1521.2795 1441.3762 1336.1982 1187.6295 1336.5939 1428.468 1471.846 1486.4851 1267.1785 1422.2473 1494.1702 1375.4796
 21 1310.45 1262.0768 1508.7452 1432.9176 1484.5411 1361.2705 1261.7899 1252.9297 1188.8721 1447.9457 1479.0939 1375.7264 1276.6437 1460.9479 1469.1841 1468.7216 1408.018 1388.9655 1184.7764 1468.9637 1368.1976 1393.0687 1277.9265 1498.0828 1371.4412 1084.3711 1388.985 1473.1396 1470.1982 1505.1759 1286.538 1322.2974 1477.6273 1484.6332 1472.1495 1476.8654 1417.6896 1316.0585 1506.2433 1389.4115 1492.8417 1292.5701 1371.3636 1134.8734 1437.8381 1336.4045 1440.1661 1512.7864 1417.1045 1320.5532 1505.3076 1467.7771 1365.6437 1485.1139 1299.7097 1372.9331 1484.8949 1305.9972 1312.6033 1466.0504 1489.0032 1295.9938 1479.0693 1479.7108 1473.4781 1242.8871 1288.5732 1154.6365 1491.2559 1468.2543 1437.4071 1274.0044 1459.7245 1381.2863 1468.771 1385.4353 1151.2013 1479.2261 1303.9437 1347.0626 1444.3802 1476.3518 1264.4313 1495.2616 1430.5183 1290.5206 1478.8293 1455.158 1360.1901 1269.2435 1305.1246 1499.7261 1379.91 1342.6914 1220.9456 1503.1061 1454.9182 1344.3663 1355.3195 1480.0548 1266.1744 1337.1136 1113.586 1483.1768 1360.1462 1044.9493 1279.5948 1476.928 1452.4443 1194.6134 1095.589 1470.8893 1475.3943 1333.5571 1190.1501 1473.0142 1488.6514 1296.4911 1403.2242 1250.9639 1371.9341 1483.6941 1142.8364 1344.259 1289.9424 1486.0052 1474.7095 1405.7847 1479.0911 1078.4946 1272.5728 1455.1339 1274.2451 1210.6703 1482.5188 1312.2325 1469.122 1252.2026 1385.4666 1491.3704 1479.7462 1369.2799 1252.2755 1456.5149 1330.6031 1492.5099 1358.3464 1232.549 1241.4072 1462.5819 1483.0441 1288.7422 1246.554 1054.8624 1475.1287 1366.301 1329.8695 1304.7147 1476.46 1483.4347 1477.0054 1362.4081 1510.2073 1323.9712 1506.1979 1353.7825 1466.8191 1437.2762 1152.2062 1362.2765 1487.8927 1325.1532 1238.0635 1305.1929 1488.3229 1504.7473 1414.3505 1173.4132 1311.3748 1454.3678 1474.727 1302.7655 1296.8286 1136.1244 1419.7228 1166.9902 1193.3965 1489.3495 1472.7072 1295.6229 1334.1434 1494.7457 1280.85 1320.5057 1463.5796 1471.5681 1478.0525 1410.7134 1277.0571 1341.8733 1483.9456 1360.3547 1377.3915 1472.8342 1470.4689 1464.5989 1286.5383 1329.2125 1292.5829 1322.4517 1471.217 1225.6829 1428.4165 1483.5491 1296.0767 1410.5107 1452.3716 1477.1738 1446.9247 1360.5056 1479.5881 1300.2068 1318.8718 1455.8514 1230.5951 1272.9305 1452.0308 1486.7291 1340.211 1487.6842 1371.6256 1502.4904 1147.9612 1372.8059 1367.6128 1483.4965 1423.5837 1182.1775 1369.271 1477.7307 1328.7609 1336.4084 1504.4332 1374.5575 1488.1719 1449.0823 1263.7577 1270.2766 1486.1343 1302.4188 1318.945 1375.2399 1278.9384 1251.6097 1392.0723 1468.4513 1479.486 1295.0511 1262.8501 1442.3837 1360.3618 1459.5616 1482.6996 1394.4585 1484.3337 1288.3804 1276.6893 1434.4799 1382.4406 1416.0388 1476.9713 1450.9216 1457.3684 1470.4861 1448.8424 1390.1199 1387.5216 1244.7936 1463.7009 1498.7017 1479.0734 1327.6255 1502.9393 1429.5503 1492.5289 1317.8722 1258.305 1372.457 1359.1454 1477.1246 1268.6732 1472.4836 1459.4434 1384.4746 1340.594 1474.0797 1479.2977 1187.822 1229.8801 1245.7441 1183.196 1503.6177 1435.0468 1456.4138 1488.1805 1442.1884 1263.0186 1479.3966 1282.1134 1461.3612 1473.8827 1387.0842 1484.6068 1452.7136 1229.0806 1281.1926 1331.588 1184.9183 1489.9114 1486.0491 1496.196 1387.1315 1334.2797 1456.6813 1494.8528 1456.3345 1490.216 1300.1405 1521.2795 1441.3762 1336.1982 1187.6295 1336.5939 1428.468 1471.846 1486.4851 1267.1785 1422.2473 1494.1702 1375.4796
 22 1310.45 1262.0768 1508.7452 1432.9176 1484.5411 1361.2705 1261.7899 1252.9297 1188.8721 1447.9457 1479.0939 1375.7264 1276.6437 1460.9479 1469.1841 1468.7216 1408.018 1388.9655 1184.7764 1468.9637 1368.1976 1393.0687 1277.9265 1498.0828 1371.4412 1084.3711 1388.985 1473.1396 1470.1982 1505.1759 1286.538 1322.2974 1477.6273 1484.6332 1472.1495 1476.8654 1417.6896 1316.0585 1506.2433 1389.4115 1492.8417 1292.5701 1371.3636 1134.8734 1437.8381 1336.4045 1440.1661 1512.7864 1417.1045 1320.5532 1505.3076 1467.7771 1365.6437 1485.1139 1299.7097 1372.9331 1484.8949 1305.9972 1312.6033 1466.0504 1489.0032 1295.9938 1479.0693 1479.7108 1473.4781 1242.8871 1288.5732 1154.6365 1491.2559 1468.2543 1437.4071 1274.0044 1459.7245 1381.2863 1468.771 1385.4353 1151.2013 1479.2261 1303.9437 1347.0626 1444.3802 1476.3518 1264.4313 1495.2616 1430.5183 1290.5206 1478.8293 1455.158 1360.1901 1269.2435 1305.1246 1499.7261 1379.91 1342.6914 1220.9456 1503.1061 1454.9182 1344.3663 1355.3195 1480.0548 1266.1744 1337.1136 1113.586 1483.1768 1360.1462 1044.9493 1279.5948 1476.928 1452.4443 1194.6134 1095.589 1470.8893 1475.3943 1333.5571 1190.1501 1473.0142 1488.6514 1296.4911 1403.2242 1250.9639 1371.9341 1483.6941 1142.8364 1344.259 1289.9424 1486.0052 1474.7095 1405.7847 1479.0911 1078.4946 1272.5728 1455.1339 1274.2451 1210.6703 1482.5188 1312.2325 1469.122 1252.2026 1385.4666 1491.3704 1479.7462 1369.2799 1252.2755 1456.5149 1330.6031 1492.5099 1358.3464 1232.549 1241.4072 1462.5819 1483.0441 1288.7422 1246.554 1054.8624 1475.1287 1366.301 1329.8695 1304.7147 1476.46 1483.4347 1477.0054 1362.4081 1510.2073 1323.9712 1506.1979 1353.7825 1466.8191 1437.2762 1152.2062 1362.2765 1487.8927 1325.1532 1238.0635 1305.1929 1488.3229 1504.7473 1414.3505 1173.4132 1311.3748 1454.3678 1474.727 1302.7655 1296.8286 1136.1244 1419.7228 1166.9902 1193.3965 1489.3495 1472.7072 1295.6229 1334.1434 1494.7457 1280.85 1320.5057 1463.5796 1471.5681 1478.0525 1410.7134 1277.0571 1341.8733 1483.9456 1360.3547 1377.3915 1472.8342 1470.4689 1464.5989 1286.5383 1329.2125 1292.5829 1322.4517 1471.217 1225.6829 1428.4165 1483.5491 1296.0767 1410.5107 1452.3716 1477.1738 1446.9247 1360.5056 1479.5881 1300.2068 1318.8718 1455.8514 1230.5951 1272.9305 1452.0308 1486.7291 1340.211 1487.6842 1371.6256 1502.4904 1147.9612 1372.8059 1367.6128 1483.4965 1423.5837 1182.1775 1369.271 1477.7307 1328.7609 1336.4084 1504.4332 1374.5575 1488.1719 1449.0823 1263.7577 1270.2766 1486.1343 1302.4188 1318.945 1375.2399 1278.9384 1251.6097 1392.0723 1468.4513 1479.486 1295.0511 1262.8501 1442.3837 1360.3618 1459.5616 1482.6996 1394.4585 1484.3337 1288.3804 1276.6893 1434.4799 1382.4406 1416.0388 1476.9713 1450.9216 1457.3684 1470.4861 1448.8424 1390.1199 1387.5216 1244.7936 1463.7009 1498.7017 1479.0734 1327.6255 1502.9393 1429.5503 1492.5289 1317.8722 1258.305 1372.457 1359.1454 1477.1246 1268.6732 1472.4836 1459.4434 1384.4746 1340.594 1474.0797 1479.2977 1187.822 1229.8801 1245.7441 1183.196 1503.6177 1435.0468 1456.4138 1488.1805 1442.1884 1263.0186 1479.3966 1282.1134 1461.3612 1473.8827 1387.0842 1484.6068 1452.7136 1229.0806 1281.1926 1331.588 1184.9183 1489.9114 1486.0491 1496.196 1387.1315 1334.2797 1456.6813 1494.8528 1456.3345 1490.216 1300.1405 1521.2795 1441.3762 1336.1982 1187.6295 1336.5939 1428.468 1471.846 1486.4851 1267.1785 1422.2473 1494.1702 1375.4796
 23 1310.45 1262.0768 1508.7452 1432.9176 1484.5411 1361.2705 1261.7899 1252.9297 1188.8721 1447.9457 1479.0939 1375.7264 1276.6437 1460.9479 1469.1841 1468.7216 1408.018 1388.9655 1184.7764 1468.9637 1368.1976 1393.0687 1277.9265 1498.0828 1371.4412 1084.3711 1388.985 1473.1396 1470.1982 1505.1759 1286.538 1322.2974 1477.6273 1484.6332 1472.1495 1476.8654 1417.6896 1316.0585 1506.2433 1389.4115 1492.8417 1292.5701 1371.3636 1134.8734 1437.8381 1336.4045 1440.1661 1512.7864 1417.1045 1320.5532 1505.3076 1467.7771 1365.6437 1485.1139 1299.7097 1372.9331 1484.8949 1305.9972 1312.6033 1466.0504 1489.0032 1295.9938 1479.0693 1479.7108 1473.4781 1242.8871 1288.5732 1154.6365 1491.2559 1468.2543 1437.4071 1274.0044 1459.7245 1381.2863 1468.771 1385.4353 1151.2013 1479.2261 1303.9437 1347.0626 1444.3802 1476.3518 1264.4313 1495.2616 1430.5183 1290.5206 1478.8293 1455.158 1360.1901 1269.2435 1305.1246 1499.7261 1379.91 1342.6914 1220.9456 1503.1061 1454.9182 1344.3663 1355.3195 1480.0548 1266.1744 1337.1136 1113.586 1483.1768 1360.1462 1044.9493 1279.5948 1476.928 1452.4443 1194.6134 1095.589 1470.8893 1475.3943 1333.5571 1190.1501 1473.0142 1488.6514 1296.4911 1403.2242 1250.9639 1371.9341 1483.6941 1142.8364 1344.259 1289.9424 1486.0052 1474.7095 1405.7847 1479.0911 1078.4946 1272.5728 1455.1339 1274.2451 1210.6703 1482.5188 1312.2325 1469.122 1252.2026 1385.4666 1491.3704 1479.7462 1369.2799 1252.2755 1456.5149 1330.6031 1492.5099 1358.3464 1232.549 1241.4072 1462.5819 1483.0441 1288.7422 1246.554 1054.8624 1475.1287 1366.301 1329.8695 1304.7147 1476.46 1483.4347 1477.0054 1362.4081 1510.2073 1323.9712 1506.1979 1353.7825 1466.8191 1437.2762 1152.2062 1362.2765 1487.8927 1325.1532 1238.0635 1305.1929 1488.3229 1504.7473 1414.3505 1173.4132 1311.3748 1454.3678 1474.727 1302.7655 1296.8286 1136.1244 1419.7228 1166.9902 1193.3965 1489.3495 1472.7072 1295.6229 1334.1434 1494.7457 1280.85 1320.5057 1463.5796 1471.5681 1478.0525 1410.7134 1277.0571 1341.8733 1483.9456 1360.3547 1377.3915 1472.8342 1470.4689 1464.5989 1286.5383 1329.2125 1292.5829 1322.4517 1471.217 1225.6829 1428.4165 1483.5491 1296.0767 1410.5107 1452.3716 1477.1738 1446.9247 1360.5056 1479.5881 1300.2068 1318.8718 1455.8514 1230.5951 1272.9305 1452.0308 1486.7291 1340.211 1487.6842 1371.6256 1502.4904 1147.9612 1372.8059 1367.6128 1483.4965 1423.5837 1182.1775 1369.271 1477.7307 1328.7609 1336.4084 1504.4332 1374.5575 1488.1719 1449.0823 1263.7577 1270.2766 1486.1343 1302.4188 1318.945 1375.2399 1278.9384 1251.6097 1392.0723 1468.4513 1479.486 1295.0511 1262.8501 1442.3837 1360.3618 1459.5616 1482.6996 1394.4585 1484.3337 1288.3804 1276.6893 1434.4799 1382.4406 1416.0388 1476.9713 1450.9216 1457.3684 1470.4861 1448.8424 1390.1199 1387.5216 1244.7936 1463.7009 1498.7017 1479.0734 1327.6255 1502.9393 1429.5503 1492.5289 1317.8722 1258.305 1372.457 1359.1454 1477.1246 1268.6732 1472.4836 1459.4434 1384.4746 1340.594 1474.0797 1479.2977 1187.822 1229.8801 1245.7441 1183.196 1503.6177 1435.0468 1456.4138 1488.1805 1442.1884 1263.0186 1479.3966 1282.1134 1461.3612 1473.8827 1387.0842 1484.6068 1452.7136 1229.0806 1281.1926 1331.588 1184.9183 1489.9114 1486.0491 1496.196 1387.1315 1334.2797 1456.6813 1494.8528 1456.3345 1490.216 1300.1405 1521.2795 1441.3762 1336.1982 1187.6295 1336.5939 1428.468 1471.846 1486.4851 1267.1785 1422.2473 1494.1702 1375.4796
 24 1310.45 1262.0768 1508.7452 1432.9176 1484.5411 1361.2705 1261.7899 1252.9297 1188.8721 1447.9457 1479.0939 1375.7264 1276.6437 1460.9479 1469.1841 1468.7216 1408.018 1388.9655 1184.7764 1468.9637 1368.1976 1393.0687 1277.9265 1498.0828 1371.4412 1084.3711 1388.985 1473.1396 1470.1982 1505.1759 1286.538 1322.2974 1477.6273 1484.6332 1472.1495 1476.8654 1417.6896 1316.0585 1506.2433 1389.4115 1492.8417 1292.5701 1371.3636 1134.8734 1437.8381 1336.4045 1440.1661 1512.7864 1417.1045 1320.5532 1505.3076 1467.7771 1365.6437 1485.1139 1299.7097 1372.9331 1484.8949 1305.9972 1312.6033 1466.0504 1489.0032 1295.9938 1479.0693 1479.7108 1473.4781 1242.8871 1288.5732 1154.6365 1491.2559 1468.2543 1437.4071 1274.0044 1459.7245 1381.2863 1468.771 1385.4353 1151.2013 1479.2261 1303.9437 1347.0626 1444.3802 1476.3518 1264.4313 1495.2616 1430.5183 1290.5206 1478.8293 1455.158 1360.1901 1269.2435 1305.1246 1499.7261 1379.91 1342.6914 1220.9456 1503.1061 1454.9182 1344.3663 1355.3195 1480.0548 1266.1744 1337.1136 1113.586 1483.1768 1360.1462 1044.9493 1279.5948 1476.928 1452.4443 1194.6134 1095.589 1470.8893 1475.3943 1333.5571 1190.1501 1473.0142 1488.6514 1296.4911 1403.2242 1250.9639 1371.9341 1483.6941 1142.8364 1344.259 1289.9424 1486.0052 1474.7095 1405.7847 1479.0911 1078.4946 1272.5728 1455.1339 1274.2451 1210.6703 1482.5188 1312.2325 1469.122 1252.2026 1385.4666 1491.3704 1479.7462 1369.2799 1252.2755 1456.5149 1330.6031 1492.5099 1358.3464 1232.549 1241.4072 1462.5819 1483.0441 1288.7422 1246.554 1054.8624 1475.1287 1366.301 1329.8695 1304.7147 1476.46 1483.4347 1477.0054 1362.4081 1510.2073 1323.9712 1506.1979 1353.7825 1466.8191 1437.2762 1152.2062 1362.2765 1487.8927 1325.1532 1238.0635 1305.1929 1488.3229 1504.7473 1414.3505 1173.4132 1311.3748 1454.3678 1474.727 1302.7655 1296.8286 1136.1244 1419.7228 1166.9902 1193.3965 1489.3495 1472.7072 1295.6229 1334.1434 1494.7457 1280.85 1320.5057 1463.5796 1471.5681 1478.0525 1410.7134 1277.0571 1341.8733 1483.9456 1360.3547 1377.3915 1472.8342 1470.4689 1464.5989 1286.5383 1329.2125 1292.5829 1322.4517 1471.217 1225.6829 1428.4165 1483.5491 1296.0767 1410.5107 1452.3716 1477.1738 1446.9247 1360.5056 1479.5881 1300.2068 1318.8718 1455.8514 1230.5951 1272.9305 1452.0308 1486.7291 1340.211 1487.6842 1371.6256 1502.4904 1147.9612 1372.8059 1367.6128 1483.4965 1423.5837 1182.1775 1369.271 1477.7307 1328.7609 1336.4084 1504.4332 1374.5575 1488.1719 1449.0823 1263.7577 1270.2766 1486.1343 1302.4188 1318.945 1375.2399 1278.9384 1251.6097 1392.0723 1468.4513 1479.486 1295.0511 1262.8501 1442.3837 1360.3618 1459.5616 1482.6996 1394.4585 1484.3337 1288.3804 1276.6893 1434.4799 1382.4406 1416.0388 1476.9713 1450.9216 1457.3684 1470.4861 1448.8424 1390.1199 1387.5216 1244.7936 1463.7009 1498.7017 1479.0734 1327.6255 1502.9393 1429.5503 1492.5289 1317.8722 1258.305 1372.457 1359.1454 1477.1246 1268.6732 1472.4836 1459.4434 1384.4746 1340.594 1474.0797 1479.2977 1187.822 1229.8801 1245.7441 1183.196 1503.6177 1435.0468 1456.4138 1488.1805 1442.1884 1263.0186 1479.3966 1282.1134 1461.3612 1473.8827 1387.0842 1484.6068 1452.7136 1229.0806 1281.1926 1331.588 1184.9183 1489.9114 1486.0491 1496.196 1387.1315 1334.2797 1456.6813 1494.8528 1456.3345 1490.216 1300.1405 1521.2795 1441.3762 1336.1982 1187.6295 1336.5939 1428.468 1471.846 1486.4851 1267.1785 1422.2473 1494.1702 1375.4796
 25 1310.45 1262.0768 1508.7452 1432.9176 1484.5411 1361.2705 1261.7899 1252.9297 1188.8721 1447.9457 1479.0939 1375.7264 1276.6437 1460.9479 1469.1841 1468.7216 1408.018 1388.9655 1184.7764 1468.9637 1368.1976 1393.0687 1277.9265 1498.0828 1371.4412 1084.3711 1388.985 1473.1396 1470.1982 1505.1759 1286.538 1322.2974 1477.6273 1484.6332 1472.1495 1476.8654 1417.6896 1316.0585 1506.2433 1389.4115 1492.8417 1292.5701 1371.3636 1134.8734 1437.8381 1336.4045 1440.1661 1512.7864 1417.1045 1320.5532 1505.3076 1467.7771 1365.6437 1485.1139 1299.7097 1372.9331 1484.8949 1305.9972 1312.6033 1466.0504 1489.0032 1295.9938 1479.0693 1479.7108 1473.4781 1242.8871 1288.5732 1154.6365 1491.2559 1468.2543 1437.4071 1274.0044 1459.7245 1381.2863 1468.771 1385.4353 1151.2013 1479.2261 1303.9437 1347.0626 1444.3802 1476.3518 1264.4313 1495.2616 1430.5183 1290.5206 1478.8293 1455.158 1360.1901 1269.2435 1305.1246 1499.7261 1379.91 1342.6914 1220.9456 1503.1061 1454.9182 1344.3663 1355.3195 1480.0548 1266.1744 1337.1136 1113.586 1483.1768 1360.1462 1044.9493 1279.5948 1476.928 1452.4443 1194.6134 1095.589 1470.8893 1475.3943 1333.5571 1190.1501 1473.0142 1488.6514 1296.4911 1403.2242 1250.9639 1371.9341 1483.6941 1142.8364 1344.259 1289.9424 1486.0052 1474.7095 1405.7847 1479.0911 1078.4946 1272.5728 1455.1339 1274.2451 1210.6703 1482.5188 1312.2325 1469.122 1252.2026 1385.4666 1491.3704 1479.7462 1369.2799 1252.2755 1456.5149 1330.6031 1492.5099 1358.3464 1232.549 1241.4072 1462.5819 1483.0441 1288.7422 1246.554 1054.8624 1475.1287 1366.301 1329.8695 1304.7147 1476.46 1483.4347 1477.0054 1362.4081 1510.2073 1323.9712 1506.1979 1353.7825 1466.8191 1437.2762 1152.2062 1362.2765 1487.8927 1325.1532 1238.0635 1305.1929 1488.3229 1504.7473 1414.3505 1173.4132 1311.3748 1454.3678 1474.727 1302.7655 1296.8286 1136.1244 1419.7228 1166.9902 1193.3965 1489.3495 1472.7072 1295.6229 1334.1434 1494.7457 1280.85 1320.5057 1463.5796 1471.5681 1478.0525 1410.7134 1277.0571 1341.8733 1483.9456 1360.3547 1377.3915 1472.8342 1470.4689 1464.5989 1286.5383 1329.2125 1292.5829 1322.4517 1471.217 1225.6829 1428.4165 1483.5491 1296.0767 1410.5107 1452.3716 1477.1738 1446.9247 1360.5056 1479.5881 1300.2068 1318.8718 1455.8514 1230.5951 1272.9305 1452.0308 1486.7291 1340.211 1487.6842 1371.6256 1502.4904 1147.9612 1372.8059 1367.6128 1483.4965 1423.5837 1182.1775 1369.271 1477.7307 1328.7609 1336.4084 1504.4332 1374.5575 1488.1719 1449.0823 1263.7577 1270.2766 1486.1343 1302.4188 1318.945 1375.2399 1278.9384 1251.6097 1392.0723 1468.4513 1479.486 1295.0511 1262.8501 1442.3837 1360.3618 1459.5616 1482.6996 1394.4585 1484.3337 1288.3804 1276.6893 1434.4799 1382.4406 1416.0388 1476.9713 1450.9216 1457.3684 1470.4861 1448.8424 1390.1199 1387.5216 1244.7936 1463.7009 1498.7017 1479.0734 1327.6255 1502.9393 1429.5503 1492.5289 1317.8722 1258.305 1372.457 1359.1454 1477.1246 1268.6732 1472.4836 1459.4434 1384.4746 1340.594 1474.0797 1479.2977 1187.822 1229.8801 1245.7441 1183.196 1503.6177 1435.0468 1456.4138 1488.1805 1442.1884 1263.0186 1479.3966 1282.1134 1461.3612 1473.8827 1387.0842 1484.6068 1452.7136 1229.0806 1281.1926 1331.588 1184.9183 1489.9114 1486.0491 1496.196 1387.1315 1334.2797 1456.6813 1494.8528 1456.3345 1490.216 1300.1405 1521.2795 1441.3762 1336.1982 1187.6295 1336.5939 1428.468 1471.846 1486.4851 1267.1785 1422.2473 1494.1702 1375.4796
 26 1310.45 1262.0768 1508.7452 1432.9176 1484.5411 1361.2705 1261.7899 1252.9297 1188.8721 1447.9457 1479.0939 1375.7264 1276.6437 1460.9479 1469.1841 1468.7216 1408.018 1388.9655 1184.7764 1468.9637 1368.1976 1393.0687 1277.9265 1498.0828 1371.4412 1084.3711 1388.985 1473.1396 1470.1982 1505.1759 1286.538 1322.2974 1477.6273 1484.6332 1472.1495 1476.8654 1417.6896 1316.0585 1506.2433 1389.4115 1492.8417 1292.5701 1371.3636 1134.8734 1437.8381 1336.4045 1440.1661 1512.7864 1417.1045 1320.5532 1505.3076 1467.7771 1365.6437 1485.1139 1299.7097 1372.9331 1484.8949 1305.9972 1312.6033 1466.0504 1489.0032 1295.9938 1479.0693 1479.7108 1473.4781 1242.8871 1288.5732 1154.6365 1491.2559 1468.2543 1437.4071 1274.0044 1459.7245 1381.2863 1468.771 1385.4353 1151.2013 1479.2261 1303.9437 1347.0626 1444.3802 1476.3518 1264.4313 1495.2616 1430.5183 1290.5206 1478.8293 1455.158 1360.1901 1269.2435 1305.1246 1499.7261 1379.91 1342.6914 1220.9456 1503.1061 1454.9182 1344.3663 1355.3195 1480.0548 1266.1744 1337.1136 1113.586 1483.1768 1360.1462 1044.9493 1279.5948 1476.928 1452.4443 1194.6134 1095.589 1470.8893 1475.3943 1333.5571 1190.1501 1473.0142 1488.6514 1296.4911 1403.2242 1250.9639 1371.9341 1483.6941 1142.8364 1344.259 1289.9424 1486.0052 1474.7095 1405.7847 1479.0911 1078.4946 1272.5728 1455.1339 1274.2451 1210.6703 1482.5188 1312.2325 1469.122 1252.2026 1385.4666 1491.3704 1479.7462 1369.2799 1252.2755 1456.5149 1330.6031 1492.5099 1358.3464 1232.549 1241.4072 1462.5819 1483.0441 1288.7422 1246.554 1054.8624 1475.1287 1366.301 1329.8695 1304.7147 1476.46 1483.4347 1477.0054 1362.4081 1510.2073 1323.9712 1506.1979 1353.7825 1466.8191 1437.2762 1152.2062 1362.2765 1487.8927 1325.1532 1238.0635 1305.1929 1488.3229 1504.7473 1414.3505 1173.4132 1311.3748 1454.3678 1474.727 1302.7655 1296.8286 1136.1244 1419.7228 1166.9902 1193.3965 1489.3495 1472.7072 1295.6229 1334.1434 1494.7457 1280.85 1320.5057 1463.5796 1471.5681 1478.0525 1410.7134 1277.0571 1341.8733 1483.9456 1360.3547 1377.3915 1472.8342 1470.4689 1464.5989 1286.5383 1329.2125 1292.5829 1322.4517 1471.217 1225.6829 1428.4165 1483.5491 1296.0767 1410.5107 1452.3716 1477.1738 1446.9247 1360.5056 1479.5881 1300.2068 1318.8718 1455.8514 1230.5951 1272.9305 1452.0308 1486.7291 1340.211 1487.6842 1371.6256 1502.4904 1147.9612 1372.8059 1367.6128 1483.4965 1423.5837 1182.1775 1369.271 1477.7307 1328.7609 1336.4084 1504.4332 1374.5575 1488.1719 1449.0823 1263.7577 1270.2766 1486.1343 1302.4188 1318.945 1375.2399 1278.9384 1251.6097 1392.0723 1468.4513 1479.486 1295.0511 1262.8501 1442.3837 1360.3618 1459.5616 1482.6996 1394.4585 1484.3337 1288.3804 1276.6893 1434.4799 1382.4406 1416.0388 1476.9713 1450.9216 1457.3684 1470.4861 1448.8424 1390.1199 1387.5216 1244.7936 1463.7009 1498.7017 1479.0734 1327.6255 1502.9393 1429.5503 1492.5289 1317.8722 1258.305 1372.457 1359.1454 1477.1246 1268.6732 1472.4836 1459.4434 1384.4746 1340.594 1474.0797 1479.2977 1187.822 1229.8801 1245.7441 1183.196 1503.6177 1435.0468 1456.4138 1488.1805 1442.1884 1263.0186 1479.3966 1282.1134 1461.3612 1473.8827 1387.0842 1484.6068 1452.7136 1229.0806 1281.1926 1331.588 1184.9183 1489.9114 1486.0491 1496.196 1387.1315 1334.2797 1456.6813 1494.8528 1456.3345 1490.216 1300.1405 1521.2795 1441.3762 1336.1982 1187.6295 1336.5939 1428.468 1471.846 1486.4851 1267.1785 1422.2473 1494.1702 1375.4796
 27 1310.45 1262.0768 1508.7452 1432.9176 1484.5411 1361.2705 1261.7899 1252.9297 1188.8721 1447.9457 1479.0939 1375.7264 1276.6437 1460.9479 1469.1841 1468.7216 1408.018 1388.9655 1184.7764 1468.9637 1368.1976 1393.0687 1277.9265 1498.0828 1371.4412 1084.3711 1388.985 1473.1396 1470.1982 1505.1759 1286.538 1322.2974 1477.6273 1484.6332 1472.1495 1476.8654 1417.6896 1316.0585 1506.2433 1389.4115 1492.8417 1292.5701 1371.3636 1134.8734 1437.8381 1336.4045 1440.1661 1512.7864 1417.1045 1320.5532 1505.3076 1467.7771 1365.6437 1485.1139 1299.7097 1372.9331 1484.8949 1305.9972 1312.6033 1466.0504 1489.0032 1295.9938 1479.0693 1479.7108 1473.4781 1242.8871 1288.5732 1154.6365 1491.2559 1468.2543 1437.4071 1274.0044 1459.7245 1381.2863 1468.771 1385.4353 1151.2013 1479.2261 1303.9437 1347.0626 1444.3802 1476.3518 1264.4313 1495.2616 1430.5183 1290.5206 1478.8293 1455.158 1360.1901 1269.2435 1305.1246 1499.7261 1379.91 1342.6914 1220.9456 1503.1061 1454.9182 1344.3663 1355.3195 1480.0548 1266.1744 1337.1136 1113.586 1483.1768 1360.1462 1044.9493 1279.5948 1476.928 1452.4443 1194.6134 1095.589 1470.8893 1475.3943 1333.5571 1190.1501 1473.0142 1488.6514 1296.4911 1403.2242 1250.9639 1371.9341 1483.6941 1142.8364 1344.259 1289.9424 1486.0052 1474.7095 1405.7847 1479.0911 1078.4946 1272.5728 1455.1339 1274.2451 1210.6703 1482.5188 1312.2325 1469.122 1252.2026 1385.4666 1491.3704 1479.7462 1369.2799 1252.2755 1456.5149 1330.6031 1492.5099 1358.3464 1232.549 1241.4072 1462.5819 1483.0441 1288.7422 1246.554 1054.8624 1475.1287 1366.301 1329.8695 1304.7147 1476.46 1483.4347 1477.0054 1362.4081 1510.2073 1323.9712 1506.1979 1353.7825 1466.8191 1437.2762 1152.2062 1362.2765 1487.8927 1325.1532 1238.0635 1305.1929 1488.3229 1504.7473 1414.3505 1173.4132 1311.3748 1454.3678 1474.727 1302.7655 1296.8286 1136.1244 1419.7228 1166.9902 1193.3965 1489.3495 1472.7072 1295.6229 1334.1434 1494.7457 1280.85 1320.5057 1463.5796 1471.5681 1478.0525 1410.7134 1277.0571 1341.8733 1483.9456 1360.3547 1377.3915 1472.8342 1470.4689 1464.5989 1286.5383 1329.2125 1292.5829 1322.4517 1471.217 1225.6829 1428.4165 1483.5491 1296.0767 1410.5107 1452.3716 1477.1738 1446.9247 1360.5056 1479.5881 1300.2068 1318.8718 1455.8514 1230.5951 1272.9305 1452.0308 1486.7291 1340.211 1487.6842 1371.6256 1502.4904 1147.9612 1372.8059 1367.6128 1483.4965 1423.5837 1182.1775 1369.271 1477.7307 1328.7609 1336.4084 1504.4332 1374.5575 1488.1719 1449.0823 1263.7577 1270.2766 1486.1343 1302.4188 1318.945 1375.2399 1278.9384 1251.6097 1392.0723 1468.4513 1479.486 1295.0511 1262.8501 1442.3837 1360.3618 1459.5616 1482.6996 1394.4585 1484.3337 1288.3804 1276.6893 1434.4799 1382.4406 1416.0388 1476.9713 1450.9216 1457.3684 1470.4861 1448.8424 1390.1199 1387.5216 1244.7936 1463.7009 1498.7017 1479.0734 1327.6255 1502.9393 1429.5503 1492.5289 1317.8722 1258.305 1372.457 1359.1454 1477.1246 1268.6732 1472.4836 1459.4434 1384.4746 1340.594 1474.0797 1479.2977 1187.822 1229.8801 1245.7441 1183.196 1503.6177 1435.0468 1456.4138 1488.1805 1442.1884 1263.0186 1479.3966 1282.1134 1461.3612 1473.8827 1387.0842 1484.6068 1452.7136 1229.0806 1281.1926 1331.588 1184.9183 1489.9114 1486.0491 1496.196 1387.1315 1334.2797 1456.6813 1494.8528 1456.3345 1490.216 1300.1405 1521.2795 1441.3762 1336.1982 1187.6295 1336.5939 1428.468 1471.846 1486.4851 1267.1785 1422.2473 1494.1702 1375.4796
 28 1310.45 1262.0768 1508.7452 1432.9176 1484.5411 1361.2705 1261.7899 1252.9297 1188.8721 1447.9457 1479.0939 1375.7264 1276.6437 1460.9479 1469.1841 1468.7216 1408.018 1388.9655 1184.7764 1468.9637 1368.1976 1393.0687 1277.9265 1498.0828 1371.4412 1084.3711 1388.985 1473.1396 1470.1982 1505.1759 1286.538 1322.2974 1477.6273 1484.6332 1472.1495 1476.8654 1417.6896 1316.0585 1506.2433 1389.4115 1492.8417 1292.5701 1371.3636 1134.8734 1437.8381 1336.4045 1440.1661 1512.7864 1417.1045 1320.5532 1505.3076 1467.7771 1365.6437 1485.1139 1299.7097 1372.9331 1484.8949 1305.9972 1312.6033 1466.0504 1489.0032 1295.9938 1479.0693 1479.7108 1473.4781 1242.8871 1288.5732 1154.6365 1491.2559 1468.2543 1437.4071 1274.0044 1459.7245 1381.2863 1468.771 1385.4353 1151.2013 1479.2261 1303.9437 1347.0626 1444.3802 1476.3518 1264.4313 1495.2616 1430.5183 1290.5206 1478.8293 1455.158 1360.1901 1269.2435 1305.1246 1499.7261 1379.91 1342.6914 1220.9456 1503.1061 1454.9182 1344.3663 1355.3195 1480.0548 1266.1744 1337.1136 1113.586 1483.1768 1360.1462 1044.9493 1279.5948 1476.928 1452.4443 1194.6134 1095.589 1470.8893 1475.3943 1333.5571 1190.1501 1473.0142 1488.6514 1296.4911 1403.2242 1250.9639 1371.9341 1483.6941 1142.8364 1344.259 1289.9424 1486.0052 1474.7095 1405.7847 1479.0911 1078.4946 1272.5728 1455.1339 1274.2451 1210.6703 1482.5188 1312.2325 1469.122 1252.2026 1385.4666 1491.3704 1479.7462 1369.2799 1252.2755 1456.5149 1330.6031 1492.5099 1358.3464 1232.549 1241.4072 1462.5819 1483.0441 1288.7422 1246.554 1054.8624 1475.1287 1366.301 1329.8695 1304.7147 1476.46 1483.4347 1477.0054 1362.4081 1510.2073 1323.9712 1506.1979 1353.7825 1466.8191 1437.2762 1152.2062 1362.2765 1487.8927 1325.1532 1238.0635 1305.1929 1488.3229 1504.7473 1414.3505 1173.4132 1311.3748 1454.3678 1474.727 1302.7655 1296.8286 1136.1244 1419.7228 1166.9902 1193.3965 1489.3495 1472.7072 1295.6229 1334.1434 1494.7457 1280.85 1320.5057 1463.5796 1471.5681 1478.0525 1410.7134 1277.0571 1341.8733 1483.9456 1360.3547 1377.3915 1472.8342 1470.4689 1464.5989 1286.5383 1329.2125 1292.5829 1322.4517 1471.217 1225.6829 1428.4165 1483.5491 1296.0767 1410.5107 1452.3716 1477.1738 1446.9247 1360.5056 1479.5881 1300.2068 1318.8718 1455.8514 1230.5951 1272.9305 1452.0308 1486.7291 1340.211 1487.6842 1371.6256 1502.4904 1147.9612 1372.8059 1367.6128 1483.4965 1423.5837 1182.1775 1369.271 1477.7307 1328.7609 1336.4084 1504.4332 1374.5575 1488.1719 1449.0823 1263.7577 1270.2766 1486.1343 1302.4188 1318.945 1375.2399 1278.9384 1251.6097 1392.0723 1468.4513 1479.486 1295.0511 1262.8501 1442.3837 1360.3618 1459.5616 1482.6996 1394.4585 1484.3337 1288.3804 1276.6893 1434.4799 1382.4406 1416.0388 1476.9713 1450.9216 1457.3684 1470.4861 1448.8424 1390.1199 1387.5216 1244.7936 1463.7009 1498.7017 1479.0734 1327.6255 1502.9393 1429.5503 1492.5289 1317.8722 1258.305 1372.457 1359.1454 1477.1246 1268.6732 1472.4836 1459.4434 1384.4746 1340.594 1474.0797 1479.2977 1187.822 1229.8801 1245.7441 1183.196 1503.6177 1435.0468 1456.4138 1488.1805 1442.1884 1263.0186 1479.3966 1282.1134 1461.3612 1473.8827 1387.0842 1484.6068 1452.7136 1229.0806 1281.1926 1331.588 1184.9183 1489.9114 1486.0491 1496.196 1387.1315 1334.2797 1456.6813 1494.8528 1456.3345 1490.216 1300.1405 1521.2795 1441.3762 1336.1982 1187.6295 1336.5939 1428.468 1471.846 1486.4851 1267.1785 1422.2473 1494.1702 1375.4796
 29 1310.45 1262.0768 1508.7452 1432.9176 1484.5411 1361.2705 1261.7899 1252.9297 1188.8721 1447.9457 1479.0939 1375.7264 1276.6437 1460.9479 1469.1841 1468.7216 1408.018 1388.9655 1184.7764 1468.9637 1368.1976 1393.0687 1277.9265 1498.0828 1371.4412 1084.3711 1388.985 1473.1396 1470.1982 1505.1759 1286.538 1322.2974 1477.6273 1484.6332 1472.1495 1476.8654 1417.6896 1316.0585 1506.2433 1389.4115 1492.8417 1292.5701 1371.3636 1134.8734 1437.8381 1336.4045 1440.1661 1512.7864 1417.1045 1320.5532 1505.3076 1467.7771 1365.6437 1485.1139 1299.7097 1372.9331 1484.8949 1305.9972 1312.6033 1466.0504 1489.0032 1295.9938 1479.0693 1479.7108 1473.4781 1242.8871 1288.5732 1154.6365 1491.2559 1468.2543 1437.4071 1274.0044 1459.7245 1381.2863 1468.771 1385.4353 1151.2013 1479.2261 1303.9437 1347.0626 1444.3802 1476.3518 1264.4313 1495.2616 1430.5183 1290.5206 1478.8293 1455.158 1360.1901 1269.2435 1305.1246 1499.7261 1379.91 1342.6914 1220.9456 1503.1061 1454.9182 1344.3663 1355.3195 1480.0548 1266.1744 1337.1136 1113.586 1483.1768 1360.1462 1044.9493 1279.5948 1476.928 1452.4443 1194.6134 1095.589 1470.8893 1475.3943 1333.5571 1190.1501 1473.0142 1488.6514 1296.4911 1403.2242 1250.9639 1371.9341 1483.6941 1142.8364 1344.259 1289.9424 1486.0052 1474.7095 1405.7847 1479.0911 1078.4946 1272.5728 1455.1339 1274.2451 1210.6703 1482.5188 1312.2325 1469.122 1252.2026 1385.4666 1491.3704 1479.7462 1369.2799 1252.2755 1456.5149 1330.6031 1492.5099 1358.3464 1232.549 1241.4072 1462.5819 1483.0441 1288.7422 1246.554 1054.8624 1475.1287 1366.301 1329.8695 1304.7147 1476.46 1483.4347 1477.0054 1362.4081 1510.2073 1323.9712 1506.1979 1353.7825 1466.8191 1437.2762 1152.2062 1362.2765 1487.8927 1325.1532 1238.0635 1305.1929 1488.3229 1504.7473 1414.3505 1173.4132 1311.3748 1454.3678 1474.727 1302.7655 1296.8286 1136.1244 1419.7228 1166.9902 1193.3965 1489.3495 1472.7072 1295.6229 1334.1434 1494.7457 1280.85 1320.5057 1463.5796 1471.5681 1478.0525 1410.7134 1277.0571 1341.8733 1483.9456 1360.3547 1377.3915 1472.8342 1470.4689 1464.5989 1286.5383 1329.2125 1292.5829 1322.4517 1471.217 1225.6829 1428.4165 1483.5491 1296.0767 1410.5107 1452.3716 1477.1738 1446.9247 1360.5056 1479.5881 1300.2068 1318.8718 1455.8514 1230.5951 1272.9305 1452.0308 1486.7291 1340.211 1487.6842 1371.6256 1502.4904 1147.9612 1372.8059 1367.6128 1483.4965 1423.5837 1182.1775 1369.271 1477.7307 1328.7609 1336.4084 1504.4332 1374.5575 1488.1719 1449.0823 1263.7577 1270.2766 1486.1343 1302.4188 1318.945 1375.2399 1278.9384 1251.6097 1392.0723 1468.4513 1479.486 1295.0511 1262.8501 1442.3837 1360.3618 1459.5616 1482.6996 1394.4585 1484.3337 1288.3804 1276.6893 1434.4799 1382.4406 1416.0388 1476.9713 1450.9216 1457.3684 1470.4861 1448.8424 1390.1199 1387.5216 1244.7936 1463.7009 1498.7017 1479.0734 1327.6255 1502.9393 1429.5503 1492.5289 1317.8722 1258.305 1372.457 1359.1454 1477.1246 1268.6732 1472.4836 1459.4434 1384.4746 1340.594 1474.0797 1479.2977 1187.822 1229.8801 1245.7441 1183.196 1503.6177 1435.0468 1456.4138 1488.1805 1442.1884 1263.0186 1479.3966 1282.1134 1461.3612 1473.8827 1387.0842 1484.6068 1452.7136 1229.0806 1281.1926 1331.588 1184.9183 1489.9114 1486.0491 1496.196 1387.1315 1334.2797 1456.6813 1494.8528 1456.3345 1490.216 1300.1405 1521.2795 1441.3762 1336.1982 1187.6295 1336.5939 1428.468 1471.846 1486.4851 1267.1785 1422.2473 1494.1702 1375.4796
 30 1310.45 1262.0768 1508.7452 1432.9176 1484.5411 1361.2705 1261.7899 1252.9297 1188.8721 1447.9457 1479.0939 1375.7264 1276.6437 1460.9479 1469.1841 1468.7216 1408.018 1388.9655 1184.7764 1468.9637 1368.1976 1393.0687 1277.9265 1498.0828 1371.4412 1084.3711 1388.985 1473.1396 1470.1982 1505.1759 1286.538 1322.2974 1477.6273 1484.6332 1472.1495 1476.8654 1417.6896 1316.0585 1506.2433 1389.4115 1492.8417 1292.5701 1371.3636 1134.8734 1437.8381 1336.4045 1440.1661 1512.7864 1417.1045 1320.5532 1505.3076 1467.7771 1365.6437 1485.1139 1299.7097 1372.9331 1484.8949 1305.9972 1312.6033 1466.0504 1489.0032 1295.9938 1479.0693 1479.7108 1473.4781 1242.8871 1288.5732 1154.6365 1491.2559 1468.2543 1437.4071 1274.0044 1459.7245 1381.2863 1468.771 1385.4353 1151.2013 1479.2261 1303.9437 1347.0626 1444.3802 1476.3518 1264.4313 1495.2616 1430.5183 1290.5206 1478.8293 1455.158 1360.1901 1269.2435 1305.1246 1499.7261 1379.91 1342.6914 1220.9456 1503.1061 1454.9182 1344.3663 1355.3195 1480.0548 1266.1744 1337.1136 1113.586 1483.1768 1360.1462 1044.9493 1279.5948 1476.928 1452.4443 1194.6134 1095.589 1470.8893 1475.3943 1333.5571 1190.1501 1473.0142 1488.6514 1296.4911 1403.2242 1250.9639 1371.9341 1483.6941 1142.8364 1344.259 1289.9424 1486.0052 1474.7095 1405.7847 1479.0911 1078.4946 1272.5728 1455.1339 1274.2451 1210.6703 1482.5188 1312.2325 1469.122 1252.2026 1385.4666 1491.3704 1479.7462 1369.2799 1252.2755 1456.5149 1330.6031 1492.5099 1358.3464 1232.549 1241.4072 1462.5819 1483.0441 1288.7422 1246.554 1054.8624 1475.1287 1366.301 1329.8695 1304.7147 1476.46 1483.4347 1477.0054 1362.4081 1510.2073 1323.9712 1506.1979 1353.7825 1466.8191 1437.2762 1152.2062 1362.2765 1487.8927 1325.1532 1238.0635 1305.1929 1488.3229 1504.7473 1414.3505 1173.4132 1311.3748 1454.3678 1474.727 1302.7655 1296.8286 1136.1244 1419.7228 1166.9902 1193.3965 1489.3495 1472.7072 1295.6229 1334.1434 1494.7457 1280.85 1320.5057 1463.5796 1471.5681 1478.0525 1410.7134 1277.0571 1341.8733 1483.9456 1360.3547 1377.3915 1472.8342 1470.4689 1464.5989 1286.5383 1329.2125 1292.5829 1322.4517 1471.217 1225.6829 1428.4165 1483.5491 1296.0767 1410.5107 1452.3716 1477.1738 1446.9247 1360.5056 1479.5881 1300.2068 1318.8718 1455.8514 1230.5951 1272.9305 1452.0308 1486.7291 1340.211 1487.6842 1371.6256 1502.4904 1147.9612 1372.8059 1367.6128 1483.4965 1423.5837 1182.1775 1369.271 1477.7307 1328.7609 1336.4084 1504.4332 1374.5575 1488.1719 1449.0823 1263.7577 1270.2766 1486.1343 1302.4188 1318.945 1375.2399 1278.9384 1251.6097 1392.0723 1468.4513 1479.486 1295.0511 1262.8501 1442.3837 1360.3618 1459.5616 1482.6996 1394.4585 1484.3337 1288.3804 1276.6893 1434.4799 1382.4406 1416.0388 1476.9713 1450.9216 1457.3684 1470.4861 1448.8424 1390.1199 1387.5216 1244.7936 1463.7009 1498.7017 1479.0734 1327.6255 1502.9393 1429.5503 1492.5289 1317.8722 1258.305 1372.457 1359.1454 1477.1246 1268.6732 1472.4836 1459.4434 1384.4746 1340.594 1474.0797 1479.2977 1187.822 1229.8801 1245.7441 1183.196 1503.6177 1435.0468 1456.4138 1488.1805 1442.1884 1263.0186 1479.3966 1282.1134 1461.3612 1473.8827 1387.0842 1484.6068 1452.7136 1229.0806 1281.1926 1331.588 1184.9183 1489.9114 1486.0491 1496.196 1387.1315 1334.2797 1456.6813 1494.8528 1456.3345 1490.216 1300.1405 1521.2795 1441.3762 1336.1982 1187.6295 1336.5939 1428.468 1471.846 1486.4851 1267.1785 1422.2473 1494.1702 1375.4796
 31 1310.45 1262.0768 1508.7452 1432.9176 1484.5411 1361.2705 1261.7899 1252.9297 1188.8721 1447.9457 1479.0939 1375.7264 1276.6437 1460.9479 1469.1841 1468.7216 1408.018 1388.9655 1184.7764 1468.9637 1368.1976 1393.0687 1277.9265 1498.0828 1371.4412 1084.3711 1388.985 1473.1396 1470.1982 1505.1759 1286.538 1322.2974 1477.6273 1484.6332 1472.1495 1476.8654 1417.6896 1316.0585 1506.2433 1389.4115 1492.8417 1292.5701 1371.3636 1134.8734 1437.8381 1336.4045 1440.1661 1512.7864 1417.1045 1320.5532 1505.3076 1467.7771 1365.6437 1485.1139 1299.7097 1372.9331 1484.8949 1305.9972 1312.6033 1466.0504 1489.0032 1295.9938 1479.0693 1479.7108 1473.4781 1242.8871 1288.5732 1154.6365 1491.2559 1468.2543 1437.4071 1274.0044 1459.7245 1381.2863 1468.771 1385.4353 1151.2013 1479.2261 1303.9437 1347.0626 1444.3802 1476.3518 1264.4313 1495.2616 1430.5183 1290.5206 1478.8293 1455.158 1360.1901 1269.2435 1305.1246 1499.7261 1379.91 1342.6914 1220.9456 1503.1061 1454.9182 1344.3663 1355.3195 1480.0548 1266.1744 1337.1136 1113.586 1483.1768 1360.1462 1044.9493 1279.5948 1476.928 1452.4443 1194.6134 1095.589 1470.8893 1475.3943 1333.5571 1190.1501 1473.0142 1488.6514 1296.4911 1403.2242 1250.9639 1371.9341 1483.6941 1142.8364 1344.259 1289.9424 1486.0052 1474.7095 1405.7847 1479.0911 1078.4946 1272.5728 1455.1339 1274.2451 1210.6703 1482.5188 1312.2325 1469.122 1252.2026 1385.4666 1491.3704 1479.7462 1369.2799 1252.2755 1456.5149 1330.6031 1492.5099 1358.3464 1232.549 1241.4072 1462.5819 1483.0441 1288.7422 1246.554 1054.8624 1475.1287 1366.301 1329.8695 1304.7147 1476.46 1483.4347 1477.0054 1362.4081 1510.2073 1323.9712 1506.1979 1353.7825 1466.8191 1437.2762 1152.2062 1362.2765 1487.8927 1325.1532 1238.0635 1305.1929 1488.3229 1504.7473 1414.3505 1173.4132 1311.3748 1454.3678 1474.727 1302.7655 1296.8286 1136.1244 1419.7228 1166.9902 1193.3965 1489.3495 1472.7072 1295.6229 1334.1434 1494.7457 1280.85 1320.5057 1463.5796 1471.5681 1478.0525 1410.7134 1277.0571 1341.8733 1483.9456 1360.3547 1377.3915 1472.8342 1470.4689 1464.5989 1286.5383 1329.2125 1292.5829 1322.4517 1471.217 1225.6829 1428.4165 1483.5491 1296.0767 1410.5107 1452.3716 1477.1738 1446.9247 1360.5056 1479.5881 1300.2068 1318.8718 1455.8514 1230.5951 1272.9305 1452.0308 1486.7291 1340.211 1487.6842 1371.6256 1502.4904 1147.9612 1372.8059 1367.6128 1483.4965 1423.5837 1182.1775 1369.271 1477.7307 1328.7609 1336.4084 1504.4332 1374.5575 1488.1719 1449.0823 1263.7577 1270.2766 1486.1343 1302.4188 1318.945 1375.2399 1278.9384 1251.6097 1392.0723 1468.4513 1479.486 1295.0511 1262.8501 1442.3837 1360.3618 1459.5616 1482.6996 1394.4585 1484.3337 1288.3804 1276.6893 1434.4799 1382.4406 1416.0388 1476.9713 1450.9216 1457.3684 1470.4861 1448.8424 1390.1199 1387.5216 1244.7936 1463.7009 1498.7017 1479.0734 1327.6255 1502.9393 1429.5503 1492.5289 1317.8722 1258.305 1372.457 1359.1454 1477.1246 1268.6732 1472.4836 1459.4434 1384.4746 1340.594 1474.0797 1479.2977 1187.822 1229.8801 1245.7441 1183.196 1503.6177 1435.0468 1456.4138 1488.1805 1442.1884 1263.0186 1479.3966 1282.1134 1461.3612 1473.8827 1387.0842 1484.6068 1452.7136 1229.0806 1281.1926 1331.588 1184.9183 1489.9114 1486.0491 1496.196 1387.1315 1334.2797 1456.6813 1494.8528 1456.3345 1490.216 1300.1405 1521.2795 1441.3762 1336.1982 1187.6295 1336.5939 1428.468 1471.846 1486.4851 1267.1785 1422.2473 1494.1702 1375.4796
 32 1310.45 1262.0768 1508.7452 1432.9176 1484.5411 1361.2705 1261.7899 1252.9297 1188.8721 1447.9457 1479.0939 1375.7264 1276.6437 1460.9479 1469.1841 1468.7216 1408.018 1388.9655 1184.7764 1468.9637 1368.1976 1393.0687 1277.9265 1498.0828 1371.4412 1084.3711 1388.985 1473.1396 1470.1982 1505.1759 1286.538 1322.2974 1477.6273 1484.6332 1472.1495 1476.8654 1417.6896 1316.0585 1506.2433 1389.4115 1492.8417 1292.5701 1371.3636 1134.8734 1437.8381 1336.4045 1440.1661 1512.7864 1417.1045 1320.5532 1505.3076 1467.7771 1365.6437 1485.1139 1299.7097 1372.9331 1484.8949 1305.9972 1312.6033 1466.0504 1489.0032 1295.9938 1479.0693 1479.7108 1473.4781 1242.8871 1288.5732 1154.6365 1491.2559 1468.2543 1437.4071 1274.0044 1459.7245 1381.2863 1468.771 1385.4353 1151.2013 1479.2261 1303.9437 1347.0626 1444.3802 1476.3518 1264.4313 1495.2616 1430.5183 1290.5206 1478.8293 1455.158 1360.1901 1269.2435 1305.1246 1499.7261 1379.91 1342.6914 1220.9456 1503.1061 1454.9182 1344.3663 1355.3195 1480.0548 1266.1744 1337.1136 1113.586 1483.1768 1360.1462 1044.9493 1279.5948 1476.928 1452.4443 1194.6134 1095.589 1470.8893 1475.3943 1333.5571 1190.1501 1473.0142 1488.6514 1296.4911 1403.2242 1250.9639 1371.9341 1483.6941 1142.8364 1344.259 1289.9424 1486.0052 1474.7095 1405.7847 1479.0911 1078.4946 1272.5728 1455.1339 1274.2451 1210.6703 1482.5188 1312.2325 1469.122 1252.2026 1385.4666 1491.3704 1479.7462 1369.2799 1252.2755 1456.5149 1330.6031 1492.5099 1358.3464 1232.549 1241.4072 1462.5819 1483.0441 1288.7422 1246.554 1054.8624 1475.1287 1366.301 1329.8695 1304.7147 1476.46 1483.4347 1477.0054 1362.4081 1510.2073 1323.9712 1506.1979 1353.7825 1466.8191 1437.2762 1152.2062 1362.2765 1487.8927 1325.1532 1238.0635 1305.1929 1488.3229 1504.7473 1414.3505 1173.4132 1311.3748 1454.3678 1474.727 1302.7655 1296.8286 1136.1244 1419.7228 1166.9902 1193.3965 1489.3495 1472.7072 1295.6229 1334.1434 1494.7457 1280.85 1320.5057 1463.5796 1471.5681 1478.0525 1410.7134 1277.0571 1341.8733 1483.9456 1360.3547 1377.3915 1472.8342 1470.4689 1464.5989 1286.5383 1329.2125 1292.5829 1322.4517 1471.217 1225.6829 1428.4165 1483.5491 1296.0767 1410.5107 1452.3716 1477.1738 1446.9247 1360.5056 1479.5881 1300.2068 1318.8718 1455.8514 1230.5951 1272.9305 1452.0308 1486.7291 1340.211 1487.6842 1371.6256 1502.4904 1147.9612 1372.8059 1367.6128 1483.4965 1423.5837 1182.1775 1369.271 1477.7307 1328.7609 1336.4084 1504.4332 1374.5575 1488.1719 1449.0823 1263.7577 1270.2766 1486.1343 1302.4188 1318.945 1375.2399 1278.9384 1251.6097 1392.0723 1468.4513 1479.486 1295.0511 1262.8501 1442.3837 1360.3618 1459.5616 1482.6996 1394.4585 1484.3337 1288.3804 1276.6893 1434.4799 1382.4406 1416.0388 1476.9713 1450.9216 1457.3684 1470.4861 1448.8424 1390.1199 1387.5216 1244.7936 1463.7009 1498.7017 1479.0734 1327.6255 1502.9393 1429.5503 1492.5289 1317.8722 1258.305 1372.457 1359.1454 1477.1246 1268.6732 1472.4836 1459.4434 1384.4746 1340.594 1474.0797 1479.2977 1187.822 1229.8801 1245.7441 1183.196 1503.6177 1435.0468 1456.4138 1488.1805 1442.1884 1263.0186 1479.3966 1282.1134 1461.3612 1473.8827 1387.0842 1484.6068 1452.7136 1229.0806 1281.1926 1331.588 1184.9183 1489.9114 1486.0491 1496.196 1387.1315 1334.2797 1456.6813 1494.8528 1456.3345 1490.216 1300.1405 1521.2795 1441.3762 1336.1982 1187.6295 1336.5939 1428.468 1471.846 1486.4851 1267.1785 1422.2473 1494.1702 1375.4796
 33 1310.45 1262.0768 1508.7452 1432.9176 1484.5411 1361.2705 1261.7899 1252.9297 1188.8721 1447.9457 1479.0939 1375.7264 1276.6437 1460.9479 1469.1841 1468.7216 1408.018 1388.9655 1184.7764 1468.9637 1368.1976 1393.0687 1277.9265 1498.0828 1371.4412 1084.3711 1388.985 1473.1396 1470.1982 1505.1759 1286.538 1322.2974 1477.6273 1484.6332 1472.1495 1476.8654 1417.6896 1316.0585 1506.2433 1389.4115 1492.8417 1292.5701 1371.3636 1134.8734 1437.8381 1336.4045 1440.1661 1512.7864 1417.1045 1320.5532 1505.3076 1467.7771 1365.6437 1485.1139 1299.7097 1372.9331 1484.8949 1305.9972 1312.6033 1466.0504 1489.0032 1295.9938 1479.0693 1479.7108 1473.4781 1242.8871 1288.5732 1154.6365 1491.2559 1468.2543 1437.4071 1274.0044 1459.7245 1381.2863 1468.771 1385.4353 1151.2013 1479.2261 1303.9437 1347.0626 1444.3802 1476.3518 1264.4313 1495.2616 1430.5183 1290.5206 1478.8293 1455.158 1360.1901 1269.2435 1305.1246 1499.7261 1379.91 1342.6914 1220.9456 1503.1061 1454.9182 1344.3663 1355.3195 1480.0548 1266.1744 1337.1136 1113.586 1483.1768 1360.1462 1044.9493 1279.5948 1476.928 1452.4443 1194.6134 1095.589 1470.8893 1475.3943 1333.5571 1190.1501 1473.0142 1488.6514 1296.4911 1403.2242 1250.9639 1371.9341 1483.6941 1142.8364 1344.259 1289.9424 1486.0052 1474.7095 1405.7847 1479.0911 1078.4946 1272.5728 1455.1339 1274.2451 1210.6703 1482.5188 1312.2325 1469.122 1252.2026 1385.4666 1491.3704 1479.7462 1369.2799 1252.2755 1456.5149 1330.6031 1492.5099 1358.3464 1232.549 1241.4072 1462.5819 1483.0441 1288.7422 1246.554 1054.8624 1475.1287 1366.301 1329.8695 1304.7147 1476.46 1483.4347 1477.0054 1362.4081 1510.2073 1323.9712 1506.1979 1353.7825 1466.8191 1437.2762 1152.2062 1362.2765 1487.8927 1325.1532 1238.0635 1305.1929 1488.3229 1504.7473 1414.3505 1173.4132 1311.3748 1454.3678 1474.727 1302.7655 1296.8286 1136.1244 1419.7228 1166.9902 1193.3965 1489.3495 1472.7072 1295.6229 1334.1434 1494.7457 1280.85 1320.5057 1463.5796 1471.5681 1478.0525 1410.7134 1277.0571 1341.8733 1483.9456 1360.3547 1377.3915 1472.8342 1470.4689 1464.5989 1286.5383 1329.2125 1292.5829 1322.4517 1471.217 1225.6829 1428.4165 1483.5491 1296.0767 1410.5107 1452.3716 1477.1738 1446.9247 1360.5056 1479.5881 1300.2068 1318.8718 1455.8514 1230.5951 1272.9305 1452.0308 1486.7291 1340.211 1487.6842 1371.6256 1502.4904 1147.9612 1372.8059 1367.6128 1483.4965 1423.5837 1182.1775 1369.271 1477.7307 1328.7609 1336.4084 1504.4332 1374.5575 1488.1719 1449.0823 1263.7577 1270.2766 1486.1343 1302.4188 1318.945 1375.2399 1278.9384 1251.6097 1392.0723 1468.4513 1479.486 1295.0511 1262.8501 1442.3837 1360.3618 1459.5616 1482.6996 1394.4585 1484.3337 1288.3804 1276.6893 1434.4799 1382.4406 1416.0388 1476.9713 1450.9216 1457.3684 1470.4861 1448.8424 1390.1199 1387.5216 1244.7936 1463.7009 1498.7017 1479.0734 1327.6255 1502.9393 1429.5503 1492.5289 1317.8722 1258.305 1372.457 1359.1454 1477.1246 1268.6732 1472.4836 1459.4434 1384.4746 1340.594 1474.0797 1479.2977 1187.822 1229.8801 1245.7441 1183.196 1503.6177 1435.0468 1456.4138 1488.1805 1442.1884 1263.0186 1479.3966 1282.1134 1461.3612 1473.8827 1387.0842 1484.6068 1452.7136 1229.0806 1281.1926 1331.588 1184.9183 1489.9114 1486.0491 1496.196 1387.1315 1334.2797 1456.6813 1494.8528 1456.3345 1490.216 1300.1405 1521.2795 1441.3762 1336.1982 1187.6295 1336.5939 1428.468 1471.846 1486.4851 1267.1785 1422.2473 1494.1702 1375.4796
 35 1206.4851 1238.5498 1580.6427 1306.7289 1588.6646 1308.621 1221.1683 1218.1304 1203.1676 1250.0863 1596.589 1268.216 1099.8857 1253.0461 1613.2273 1165.0175 1252.5892 1294.4718 1159.9283 1602.8513 1237.2242 1239.6068 1266.0653 1585.5641 1215.1486 1185.8901 1270.6403 1590.8442 1309.3417 1600.925 1170.6548 1228.1262 1270.6085 1602.5938 1258.9622 1324.9038 1350.4315 1225.1938 1572.7339 1356.1052 1585.1248 1226.8777 1246.7512 1093.9778 1339.3542 1248.5691 1296.6294 1575.6304 1208.3944 1172.9261 1612.3364 1269.9296 1305.3212 1595.8899 1214.7273 1294.8663 1609.9554 1214.7714 1170.6217 1312.1251 1593.8595 1203.403 1286.5677 1312.7606 1593.0583 1226.0537 1247.6328 1202.2761 1589.3976 1312.7297 1288.3605 1195.0886 1220.9249 1263.9366 1600.1649 1233.805 1215.4222 1598.1525 1249.549 1332.8116 1292.6676 1319.1307 1238.2163 1593.1825 1256.758 1264.9948 1601.4813 1342.0972 1295.051 1178.4891 1229.794 1582.9585 1287.057 1275.635 1188.9714 1579.5128 1304.2069 1247.3569 1243.1954 1594.2455 1242.8005 1244.2767 1132.7665 1593.5477 1317.9609 1192.0214 1247.4218 1599.0089 1315.1654 1208.6954 1021.99725 1603.3184 1598.6095 1271.1642 1140.5338 1383.8766 1590.6044 1233.8241 1319.9021 1225.491 1264.1787 1588.1844 1139.8342 1285.3967 1247.6377 1584.5695 1372.4929 1345.3047 1595.9968 1045.544 1176.6257 1288.742 1249.8821 1262.5994 1598.6854 1278.2833 1282.6815 1160.4651 1248.2212 1606.4388 1592.3041 1327.0153 1168.987 1357.3596 1257.2853 1590.1497 1267.7026 1193.272 1204.9071 1324.0746 1589.9614 1252.5035 1209.0745 1000.4525 1600.012 1266.4293 1215.2001 1229.3344 1328.6862 1590.8977 1366.7927 1264.9615 1567.4679 1213.4938 1579.5625 1230.4153 1328.8923 1367.7057 1183.8802 1343.0134 1588.7784 1298.7487 1189.7145 1184.1118 1333.5875 1577.7559 1236.806 1127.7452 1206.5068 1605.9581 1604.03 1203.0562 1211.6409 1120.4767 1299.6768 1039.2958 1187.4062 1590.8429 1316.6962 1226.0562 1233.3696 1587.4766 1272.3954 1203.4604 1300.8475 1606.2854 1594.6177 1274.0242 1132.5399 1229.7892 1593.1582 1165.5507 1227.0627 1288.3588 1598.0253 1263.1459 1166.8179 1200.9897 1240.0377 1227.8999 1597.1959 1206.4569 1313.0725 1590.8151 1217.7594 1270.4235 1339.7312 1598.2898 1327.4581 1254.4716 1597.429 1191.2905 1242.1467 1334.5043 1182.8756 1248.7144 1345.896 1588.0024 1186.1312 1259.8109 1184.8439 1592.4049 1101.557 1253.9031 1231.6422 1595.002 1280.8357 1206.4801 1262.3229 1603.5626 1207.3236 1180.6981 1584.9327 1240.9447 1584.9149 1385.4683 1250.5914 1343.0391 1587.1362 1270.3739 1203.3431 1263.6099 1179.1954 1139.5367 1225.5453 1606.0175 1593.5536 1170.868 1287.1971 1346.9132 1246.814 1354.3527 1585.4286 1280.6266 1598.4142 1255.0315 1233.5938 1302.9951 1225.3118 1297.5444 1615.1333 1282.6107 1174.1385 1613.7416 1178.0564 1200.0397 1270.9612 1128.6506 1226.2473 1606.5021 1264.1207 1245.3127 1606.7709 1273.3367 1583.1615 1234.0637 1233.1609 1271.2826 1137.8793 1609.1198 1138.0953 1275.3949 1270.4354 1262.7648 1256.3895 1594.5044 1599.032 1189.7908 1186.0868 1204.5145 1252.5022 1613.0891 1247.4774 1223.8434 1591.0033 1295.5001 1182.986 1335.7227 1215.3586 1301.7644 1594.4366 1230.4883 1596.1774 1288.9032 1199.2427 1195.1604 1212.0619 1194.3844 1595.8813 1316.0854 1597.1266 1299.9468 1311.8402 1314.0972 1595.9332 1318.1815 1269.9866 1180.2981 1606.7129 1207.7302 1198.5483 1138.4065 1206.3132 1279.0182 1323.6082 1583.9911 1155.6521 1317.1345 1580.7728 1296.8188
 36 1112.2991 1147.9457 1462.5717 1187.8805 1470.0618 1210.3868 1137.2157 1145.6549 1128.0189 1158.4728 1467.376 1185.1859 1098.5298 1171.2905 1460.4053 1119.1213 1164.8763 1222.067 1070.7896 1464.5568 1157.5304 1163.9722 1180.8014 1471.2699 1131.1707 1113.5511 1163.9749 1475.4797 1214.0153 1468.5835 1120.4882 1133.1665 1178.0095 1466.2104 1181.6252 1202.3943 1232.1678 1150.2903 1466.8822 1264.09 1468.8127 1137.0658 1162.3015 1048.3549 1234.8671 1157.5227 1192.8712 1469.424 1131.1815 1105.7042 1474.3926 1186.4401 1192.7637 1462.4504 1115.3577 1211.2546 1456.5558 1127.1597 1105.1553 1248.513 1466.9896 1115.5583 1205.0984 1199.268 1474.0225 1149.2566 1160.4796 1129.0093 1467.9684 1213.1346 1219.6947 1119.2432 1139.3252 1191.9615 1466.2297 1155.2745 1128.4113 1468.4584 1147.4541 1212.7809 1215.2247 1206.7894 1142.3607 1465.9976 1163.0983 1154.8129 1469.4845 1246.761 1194.2574 1089.102 1147.4427 1468.6368 1183.5212 1176.8549 1101.6084 1467.8483 1198.7467 1147.1311 1193.5331 1465.2089 1141.4297 1151.6873 1065.9058 1472.839 1202.7946 1120.3635 1144.2823 1468.1812 1240.4752 1118.0704 963.1136 1459.9744 1463.1965 1167.5773 1054.1176 1296.1782 1469.0343 1154.8096 1211.4517 1154.9425 1165.8181 1467.0187 1063.1216 1213.6304 1154.3632 1458.2495 1274.7319 1225.3622 1475.7428 983.4676 1122.2451 1208.1993 1153.4115 1167.565 1468.6158 1171.0625 1233.0632 1081.7158 1170.6178 1464.5762 1462.3114 1211.0381 1075.1289 1237.0498 1165.3513 1467.3268 1205.2621 1122.1008 1119.5612 1229.9497 1470.951 1152.5564 1146.6588 934.3773 1472.4036 1165.2118 1128.8416 1150.3671 1226.1866 1470.4926 1246.5012 1181.2744 1465.4126 1136.7156 1464.574 1149.1084 1224.974 1262.1367 1106.2639 1232.7552 1462.2623 1177.4309 1123.7169 1117.8695 1235.4944 1470.5634 1210.5935 1055.4341 1109.87 1460.6097 1465.6635 1155.2 1122.2373 1057.0652 1213.2301 986.1022 1150.994 1479.5221 1208.9553 1139.2272 1132.7827 1467.9432 1162.834 1168.4612 1189.3695 1465.1359 1477.6676 1188.836 1073.831 1155.6814 1472.8647 1127.7532 1154.0132 1234.1759 1477.049 1176.8218 1104.4562 1139.1575 1164.4238 1156.8768 1471.3754 1171.0767 1204.6732 1467.9474 1140.1366 1187.9075 1213.0675 1467.479 1211.4958 1151.8047 1462.4404 1106.243 1150.6633 1239.5798 1101.2451 1150.336 1250.1475 1466.1514 1126.0477 1181.0356 1117.1466 1479.6641 1035.5083 1200.066 1159.5011 1469.2151 1202.7692 1122.5995 1166.8533 1459.1843 1148.6019 1105.736 1474.3895 1165.3593 1462.6011 1262.3114 1152.0409 1237.0419 1468.6643 1169.4459 1126.2289 1196.1715 1111.5729 1119.6086 1189.1632 1466.8118 1466.6893 1126.0344 1189.983 1267.1517 1156.2935 1222.4391 1464.6656 1211.9323 1467.5194 1165.5879 1152.2653 1235.1599 1143.3977 1189.5447 1448.0732 1193.499 1099.3184 1455.0996 1132.8828 1104.7714 1177.5485 1077.1857 1215.9375 1461.1912 1179.4136 1153.2719 1465.2395 1196.9032 1472.5597 1157.2872 1151.2838 1187.6664 1079.6378 1465.3451 1077.6633 1228.8743 1198.1465 1176.7145 1163.7402 1470.7584 1469.3044 1103.1417 1125.5789 1158.8464 1139.8546 1445.636 1165.2428 1180.2455 1468.234 1189.8746 1103.557 1220.0996 1178.0629 1205.0233 1465.553 1144.118 1472.0979 1204.0663 1143.6665 1173.0709 1137.5227 1127.4037 1464.9042 1217.7992 1459.4784 1184.5969 1209.5854 1206.6436 1461.8444 1246.2705 1160.5554 1095.042 1464.6869 1130.4089 1104.6418 1085.5928 1116.7605 1193.9924 1208.2095 1463.3129 1125.4888 1209.0635 1467.9121 1217.1908
 37 1167.8716 1193.7535 1560.1506 1200.9138 1562.7109 1221.6753 1181.1542 1191.5588 1163.5126 1160.6941 1553.5247 1196.1464 1214.577 1202.6045 1561.8811 1153.8104 1174.9294 1195.7908 1112.4253 1559.8092 1190.7843 1195.79 1193.595 1558.609 1098.6432 1128.8251 1179.1448 1537.3291 1197.3591 1565.0703 1202.3876 1167.1345 1188.1304 1561.0493 1185.9777 1186.4147 1201.0032 1201.3417 1553.7958 1208.7535 1558.6884 1186.6758 1191.5337 1085.1991 1236.9661 1197.2721 1200.4159 1562.418 1152.3048 1127.1166 1572.8514 1192.2457 1189.8682 1561.628 1161.6606 1224.9564 1557.6898 1166.155 1137.0815 1253.9818 1561.4883 1155.705 1189.1434 1203.7312 1563.3386 1192.933 1201.4679 1175.7933 1557.3387 1193.3861 1217.7303 1152.5154 1172.1085 1191.9949 1558.8503 1188.0051 1189.2272 1559.6044 1182.9979 1203.3555 1208.9946 1195.1879 1186.9237 1556.6763 1189.58 1193.6442 1562.6565 1209.4283 1208.0974 1127.2709 1190.0962 1559.8486 1196.8442 1192.3157 1146.6602 1555.9824 1194.3479 1189.9684 1218.7462 1560.0692 1200.6085 1198.1276 1116.5807 1564.2521 1196.8002 1196.1212 1191.635 1561.8408 1242.9324 1217.5867 980.8107 1558.7938 1522.7668 1125.8915 1048.7129 1240.9844 1557.0183 1195.979 1205.8612 1186.7484 1184.6204 1557.4183 1090.9484 1208.717 1191.7952 1557.865 1249.2991 1230.0372 1564.9678 1002.4768 1145.2462 1208.509 1189.3478 1182.9789 1558.7819 1186.3159 1232.1926 1113.5859 1187.2604 1563.9043 1553.2948 1162.7268 1086.7775 1146.4025 1195.2421 1559.7345 1224.1383 1174.5474 1157.3505 1224.217 1560.9147 1193.1787 1176.4088 985.693 1546.9952 1110.7611 1156.552 1189.9064 1223.2344 1564.6483 1244.6854 1202.013 1561.9325 1169.5927 1559.0635 1199.9045 1198.0767 1227.7921 1067.8125 1216.8164 1557.4355 1195.0404 1154.7875 1131.1119 1217.9484 1559.2501 1215.7534 1092.747 1151.3408 1559.5997 1559.5045 1203.3724 1173.2164 1097.1016 1207.2535 980.07465 1194.1366 1565.6595 1204.1904 1177.2175 1172.0696 1561.7976 1189.7062 1183.5894 1184.7704 1560.9705 1563.8342 1197.52 1087.0468 1186.9128 1567.1122 1189.8871 1189.9429 1221.4001 1564.8195 1190.3252 1126.4092 1190.5149 1189.9869 1181.1935 1561.0575 1183.2745 1206.163 1557.4785 1188.2985 1204.2126 1190.7589 1557.7382 1193.0203 1173.0361 1558.7299 1127.0934 1180.9789 1210.946 1139.3914 1180.4891 1250.2622 1558.3817 1147.7631 1193.9429 1139.5682 1566.0142 1069.5928 1203.4277 1186.6489 1561.576 1223.6982 1152.3417 1131.8463 1546.8016 1185.5842 1138.9177 1559.4927 1193.5891 1555.979 1230.5824 1185.5641 1228.4861 1560.9302 1189.9473 1157.4701 1187.5535 1148.4435 1204.8896 1204.3243 1561.5935 1557.6575 1177.3315 1185.2839 1246.6985 1180.2811 1172.8324 1543.447 1238.5878 1562.1696 1184.6274 1183.9388 1220.759 1186.3065 1218.6237 1568.7104 1193.8314 1124.2657 1562.8046 1148.0776 1141.5919 1182.3114 1095.5582 1220.0725 1562.0797 1187.3162 1190.4855 1561.2203 1205.4922 1561.977 1191.369 1197.8114 1199.891 1084.2625 1562.9191 1096.2306 1207.5698 1203.3582 1193.8876 1191.4961 1562.2378 1560.1671 1146.2416 1142.4911 1165.6268 1192.7952 1550.6768 1225.4967 1169.623 1563.6609 1195.805 1141.4546 1208.2771 1195.1143 1193.6531 1559.9302 1182.5222 1559.6427 1188.3656 1183.9357 1182.728 1186.7177 1164.2848 1560.1157 1205.2651 1555.0702 1153.1145 1170.8574 1217.1454 1558.817 1232.3434 1186.1067 1122.0397 1564.0399 1149.7638 1147.8635 1110.6345 1161.2904 1218.609 1203.7561 1558.1798 1201.5482 1209.2732 1560.2158 1218.0657
 38 1169.6609 1193.8143 1562.445 1202.0907 1554.3949 1214.9684 1177.5087 1213.171 1176.4885 1204.2327 1566.8059 1205.2986 1207.7592 1202.6654 1570.4672 1151.3301 1176.9806 1208.315 1112.3092 1563.5002 1205.5516 1198.3948 1191.0197 1557.3282 1092.8893 1138.2601 1187.1342 1562.0746 1197.6622 1569.3735 1212.836 1167.7288 1191.6691 1563.1465 1187.2816 1201.1394 1190.1138 1199.4652 1552.2437 1206.9109 1560.4655 1187.3859 1191.2837 1093.8925 1219.4243 1186.4092 1190.4601 1542.163 1152.1042 1130.5126 1559.5513 1201.3871 1189.4935 1561.4991 1160.3887 1220.911 1571.3206 1168.6328 1130.3535 1243.4392 1563.8467 1158.0347 1186.2758 1205.9064 1555.3076 1189.8921 1204.8936 1173.6864 1561.3992 1191.9584 1219.1995 1154.0144 1177.3766 1196.1393 1567.6636 1205.1683 1190.8851 1561.1647 1181.6318 1199.088 1212.227 1201.7178 1189.5167 1562.3916 1189.1161 1208.5317 1557.873 1207.1135 1203.4142 1124.1068 1188.7816 1555.1525 1220.8789 1197.3082 1136.5839 1566.2256 1194.045 1212.4888 1222.6985 1566.4193 1196.9883 1211.6825 1117.5828 1559.1603 1196.2345 1212.2604 1194.3516 1562.7546 1227.5457 1193.7651 967.16797 1567.6027 1570.3092 1130.4077 1039.3768 1226.4906 1563.9753 1207.5077 1200.305 1185.0452 1213.4907 1559.59 1101.3071 1212.4956 1190.7607 1555.8162 1234.7922 1218.7981 1554.4047 1001.2484 1144.4073 1215.3807 1196.8369 1187.0936 1570.0408 1207.4152 1222.1615 1114.8945 1185.2473 1570.8568 1563.4885 1159.9435 1090.5437 1145.5944 1190.9333 1559.9749 1227.1254 1169.5331 1155.7839 1217.8516 1558.4327 1190.3245 1220.5413 985.0051 1563.4568 1107.4797 1154.7303 1204.2365 1220.1196 1557.4761 1224.7653 1201.6532 1547.9355 1162.4569 1556.5958 1210.1493 1194.401 1216.6411 1054.5587 1215.4874 1559.4824 1193.7668 1154.4928 1127.8638 1212.2024 1555.8999 1221.3351 1093.4327 1154.2483 1565.849 1567.7032 1212.2311 1177.6995 1100.1656 1230.0994 969.6586 1143.2827 1570.4502 1204.4584 1175.2584 1168.4465 1557.4673 1192.9609 1179.0424 1184.001 1568.0757 1552.3546 1199.7266 1087.096 1184.3136 1573.9814 1213.0704 1194.7947 1221.6764 1559.7687 1192.0425 1126.6328 1205.7932 1190.7883 1181.5482 1560.3992 1195.8881 1207.05 1562.4526 1212.8567 1210.7468 1201.8025 1564.3547 1193.8192 1175.1838 1563.4698 1128.5653 1183.6342 1210.1083 1138.7694 1182.1505 1244.627 1560.5289 1148.9639 1190.9237 1138.1183 1549.3124 1050.5825 1139.7284 1128.9285 1578.8906 1220.9344 1149.7319 1148.0966 1566.6254 1201.325 1138.6228 1556.8716 1192.2645 1555.0 1216.4954 1207.1014 1218.7035 1555.94 1188.0978 1155.7738 1187.8881 1151.1241 1212.4114 1203.7878 1569.7859 1564.0203 1200.1357 1185.3783 1242.0963 1181.5885 1167.2633 1556.8499 1226.5001 1564.1398 1187.6777 1184.9753 1221.8483 1214.3711 1208.034 1586.9545 1198.7297 1122.6163 1578.8937 1142.211 1146.6609 1180.3074 1093.3489 1209.3356 1572.2944 1187.7046 1208.9403 1565.7056 1202.1495 1553.9519 1201.4175 1193.6954 1198.7778 1083.4489 1573.1522 1098.5598 1207.2931 1213.5817 1195.0035 1191.1713 1561.5956 1565.5682 1148.3383 1143.4163 1241.8496 1216.2568 1581.0881 1209.9586 1162.1028 1556.5696 1200.627 1135.0767 1202.0278 1204.013 1192.6106 1564.479 1182.4049 1562.2479 1187.698 1227.7545 1188.5096 1209.5005 1162.812 1567.9346 1206.4789 1565.396 1201.8792 1189.4218 1203.8458 1563.7518 1230.1158 1185.7875 1123.2517 1566.289 1149.5675 1149.7924 1111.3964 1160.9055 1221.8611 1206.4829 1560.1367 1212.8585 1205.2039 1557.2012 1218.0511
 40 1157.2279 1182.5297 1544.4036 1193.281 1545.8395 1200.3278 1166.0225 1198.8121 1164.749 1197.7946 1551.5809 1202.3619 1198.8127 1194.026 1555.7743 1142.8757 1147.7084 1183.9097 1122.6641 1552.312 1198.7286 1192.536 1179.9723 1542.7666 1086.2859 1128.7015 1179.3787 1546.7063 1192.4803 1550.755 1197.2338 1158.8029 1190.3136 1548.2734 1182.1854 1197.3057 1182.8269 1186.4536 1542.2423 1199.8911 1557.2091 1225.2244 1131.6177 1132.869 1201.2667 1177.1062 1186.2072 1539.1775 1140.8263 1127.8267 1553.9568 1197.6287 1185.0316 1549.0919 1145.2828 1200.5272 1557.4237 1161.1154 1111.1941 1226.4298 1548.3474 1148.0712 1174.5175 1196.8958 1546.8296 1183.271 1199.6589 1167.07 1549.4309 1187.5398 1199.1003 1140.7917 1168.2872 1188.5199 1550.2719 1197.5371 1180.3148 1544.932 1170.121 1189.5514 1197.0831 1196.0659 1178.2081 1545.14 1182.3832 1195.6555 1545.8982 1199.5973 1150.467 1036.7739 1112.9452 1547.8322 1183.5668 1198.8224 1129.5709 1540.6735 1184.8658 1200.4761 1200.0245 1547.7369 1189.0594 1194.5448 1106.741 1546.5907 1189.4669 1192.8431 1183.0201 1545.0999 1207.0461 1202.1486 953.76807 1551.0468 1552.3505 1124.9979 1028.7687 1208.2803 1559.7887 1191.5133 1186.4458 1215.7549 1195.9811 1545.8129 1084.6172 1167.9249 1185.3391 1541.9163 1203.3395 1195.6075 1546.286 989.5542 1137.4681 1202.6875 1185.6871 1179.4562 1548.3226 1196.503 1199.7972 1116.0968 1169.968 1550.6693 1545.8639 1153.903 1083.5406 1144.366 1123.4515 1543.1539 1206.0966 1071.0775 1147.1091 1197.3905 1544.8069 1180.3701 1209.674 975.48596 1552.0969 1100.017 1142.6008 1196.9349 1208.3711 1546.0636 1199.4818 1194.4933 1536.8204 1151.0134 1544.0544 1198.4308 1187.2985 1200.9503 1018.09686 1200.165 1541.6279 1183.9551 1147.822 1119.409 1201.0072 1540.6962 1199.8401 1081.3555 1142.1057 1550.7477 1549.439 1198.7472 1164.024 1087.0941 1201.0161 953.6873 1136.0605 1544.334 1197.9089 1168.1816 1159.4049 1545.9579 1185.3608 1160.9326 1173.4576 1551.2238 1544.9108 1196.2194 1078.9144 1176.2214 1552.1978 1195.2185 1180.5374 1207.0406 1548.6503 1179.7168 1112.082 1197.0461 1181.7594 1168.7465 1546.4967 1194.865 1193.1007 1545.7953 1200.4277 1188.4636 1196.5687 1550.4381 1184.5653 1165.7278 1548.1003 1117.3694 1172.6942 1203.8114 1139.1714 1181.0475 1225.3281 1557.0914 1122.8027 1202.1971 1064.194 1544.527 1040.6442 1146.2762 1124.9805 1549.7443 1189.267 1133.096 1143.906 1553.1865 1200.3125 1122.8423 1546.7645 1177.4674 1539.5597 1199.2865 1195.1991 1200.0237 1548.1804 1194.0104 1145.9242 1194.4401 1141.7792 1188.2664 1194.006 1553.2715 1548.01 1191.3151 1182.6971 1212.4843 1172.0137 1160.4092 1545.391 1200.2672 1548.2968 1189.1365 1178.3146 1200.5302 1198.1931 1193.6265 1562.6862 1194.2296 1111.045 1558.5684 1135.5891 1138.1084 1173.9514 1084.6703 1198.5197 1552.844 1180.1431 1199.3901 1549.512 1188.748 1541.6912 1196.1423 1187.1637 1187.2047 1074.432 1552.204 1093.2239 1195.4957 1203.8596 1186.3042 1183.2385 1545.8196 1547.2457 1135.632 1118.013 1213.9639 1221.7993 1562.3424 1188.6919 1140.0981 1546.1311 1198.1589 1126.3075 1195.7852 1200.4926 1183.038 1550.1608 1171.2448 1571.5472 1160.2023 1218.6488 1155.6173 1198.0211 1157.3522 1547.516 1195.9236 1550.4664 1198.0121 1199.0717 1194.3031 1549.5717 1201.6711 1194.4216 1122.4338 1561.5217 1131.0784 1164.7134 1131.115 1148.0225 1201.036 1196.0507 1543.0228 1205.7736 1191.0769 1542.2074 1202.0585
 41 1114.0128 1131.9402 1457.1581 1254.2515 1456.3876 1157.656 1248.3109 1148.242 1106.0532 1166.5696 1455.5981 1262.462 1182.9246 1161.4487 1452.7815 1314.8788 1113.664 1169.3708 1271.0488 1459.0071 1167.1661 1280.7617 1116.5078 1462.169 1075.8013 1212.6166 1130.8372 1460.5776 1176.3002 1457.9773 1151.04 1279.3792 1161.2086 1463.0775 1156.8428 1162.6947 1143.8699 1293.472 1463.9829 1158.8573 1461.6426 1146.6876 1261.0477 1039.8275 1158.6389 1138.7056 1149.7794 1471.3625 1112.0553 1109.5201 1452.4366 1175.7216 1265.4794 1456.8708 1100.3234 1158.834 1456.3259 1123.9424 1082.3562 1191.0494 1457.3976 1103.718 1164.1936 1241.4661 1456.7277 1134.0424 1169.601 1262.8312 1461.8014 1161.7772 1173.5712 1265.9313 1278.6398 1148.2853 1457.1399 1176.1643 1130.9076 1459.0378 1270.5789 1151.5321 1170.6765 1256.8475 1124.5637 1461.95 1279.6016 1146.8708 1459.7135 1161.7854 1243.9716 1029.2985 1019.39075 1460.2827 1140.0095 1151.3351 1088.146 1470.5939 1266.5863 1149.6625 1168.6649 1459.8591 1129.598 1295.3632 1094.6664 1459.1934 1148.5154 1141.8945 1265.3531 1455.5775 1195.6758 1208.3287 1198.606 1463.8717 1460.4207 1088.2173 1001.74634 1179.2833 1457.9868 1158.721 1136.21 1282.685 1296.659 1461.4886 1077.0863 1163.6343 1155.2073 1465.2036 1161.113 1233.9908 1466.9115 975.3261 1251.0593 1171.2196 1149.5197 1134.1693 1458.512 1271.1625 1283.8553 1071.1959 1150.5173 1460.9768 1466.3998 1112.3201 1042.08 1108.1871 1126.859 1458.0521 1186.333 1235.1926 1246.7656 1183.4099 1455.9839 1138.8335 1145.8542 931.96893 1459.2318 1058.6744 1109.5983 1154.7124 1178.3475 1462.0278 1159.226 1160.8162 1472.3844 1118.0587 1463.416 1284.5311 1134.175 1168.5121 1035.6664 1276.2874 1461.1201 1077.6082 1111.7227 1083.8094 1158.5017 1470.9233 1161.2567 1048.1298 1279.0948 1454.9021 1462.2428 1169.8916 1119.4102 1053.9993 1214.6783 1160.2769 1159.79 1469.6195 1260.4229 1139.5343 1134.6833 1460.9509 1113.6727 1263.7272 1146.7104 1458.6565 1465.0942 1260.6488 1089.4104 1154.6932 1455.1407 1302.0745 1151.6895 1185.6976 1459.6584 1175.7882 1232.1727 1170.5391 1143.0332 1137.0437 1464.9691 1157.9047 1160.4034 1462.2937 1158.9808 1246.5844 1164.6874 1458.6782 1170.4744 1263.9141 1457.931 1104.5311 1269.8849 1148.772 1104.079 1132.3524 1271.7285 1463.8848 1107.3292 1281.703 1054.4313 1459.7079 1220.4805 1170.0143 1130.642 1463.3997 1166.6643 1107.518 1078.1974 1460.1821 1160.0656 1258.275 1461.3655 1171.0824 1463.529 1154.0804 1265.1051 1161.7134 1459.2864 1260.9708 1109.8265 1162.8364 1266.5812 1149.4845 1180.6244 1457.0254 1466.5754 1296.3873 1144.221 1200.5576 1258.8348 1131.8351 1461.592 1169.3079 1463.2415 1145.9171 1139.9636 1271.6937 1156.8356 1284.2601 1447.212 1159.6774 1093.6443 1449.463 1115.02 1292.362 1139.3562 1267.0491 1189.0925 1458.1465 1155.6603 1157.7655 1463.4558 1151.2026 1467.3912 1156.031 1143.5446 1152.0297 1052.8618 1462.0042 1055.5116 1168.7593 1178.8213 1265.9069 1137.8971 1459.6857 1463.5314 1128.8064 1269.0548 1166.9233 1174.1285 1438.3495 1161.0653 1284.1282 1455.0569 1181.7087 1086.2175 1239.7134 1157.7333 1150.9994 1456.634 1289.8853 1454.4448 1130.5697 1291.4904 1144.1216 1267.7832 1099.7273 1457.4199 1180.4462 1456.0829 1275.864 1163.5851 1144.422 1462.221 1178.0278 1147.5494 1085.0098 1453.8778 1131.2526 1281.8671 1128.0854 1125.074 1260.2894 1158.0117 1459.1635 1164.0642 1253.4866 1461.7289 1157.2401
 42 1158.2351 1177.1025 1534.4376 1285.2893 1535.1141 1186.6761 1278.7267 1172.3138 1136.1066 1156.0216 1535.3834 1276.4719 1102.657 1135.641 1527.4027 1252.3536 1140.2129 1157.9819 1281.1184 1532.6523 1159.9729 1281.8458 1147.7142 1530.9644 1104.9299 1274.1945 1180.8625 1539.2239 1176.6049 1529.8864 1180.4401 1279.4341 1188.7919 1526.7627 1176.2034 1186.869 1176.7589 1281.1287 1528.2158 1184.9979 1532.1162 1178.4656 1277.6025 1060.2347 1191.1274 1169.8124 1181.1993 1528.882 1130.4938 1121.8164 1529.8763 1180.9312 1286.712 1533.7708 1135.4539 1182.1566 1526.754 1151.3745 1096.6476 1196.8052 1532.7008 1141.331 1173.6189 1279.0659 1536.324 1177.2412 1188.2388 1284.8541 1533.5762 1154.0284 1169.5105 1277.755 1270.551 1157.3259 1531.1991 1149.7487 1178.5769 1532.4287 1280.559 1172.8512 1168.2987 1275.7528 1169.0776 1534.2115 1284.2798 1176.8003 1532.8925 1196.5068 1278.4034 1053.4211 1050.7985 1533.6464 1174.9232 1168.4788 1119.1772 1526.0348 1281.1815 1154.8704 1169.7378 1530.1156 1171.0504 1282.2717 1111.613 1532.6959 1189.8114 1166.3158 1287.0431 1536.8307 1170.3438 1115.9617 1238.7487 1528.1921 1527.7914 1116.4562 1020.79285 1191.5188 1533.6285 1166.7758 1174.091 1279.9288 1278.3165 1527.0544 1093.2864 1146.6405 1188.0144 1532.133 1189.1141 1276.6172 1528.8025 993.7766 1274.533 1182.2778 1171.9944 1168.5493 1534.2458 1287.9226 1274.8425 1099.859 1158.4944 1522.2687 1525.6926 1141.1093 1075.8872 1140.3313 1171.1255 1530.7986 1196.0369 1271.1176 1278.4691 1180.9797 1536.0452 1186.1531 1155.6196 958.96075 1527.2175 1085.5208 1130.4786 1174.3527 1188.9136 1526.5315 1187.9028 1180.7852 1528.1436 1145.0942 1534.1505 1281.8704 1172.3821 1178.9305 1048.9962 1268.9023 1532.5232 1142.2454 1141.843 1108.9095 1183.2489 1526.4965 1157.9753 1074.5697 1279.9214 1534.8145 1525.376 1155.9099 1145.9094 1070.1932 1226.2692 1229.043 1189.7545 1527.251 1286.2552 1172.8433 1170.5825 1530.045 1156.9882 1265.7717 1147.6422 1530.7943 1527.4833 1276.8069 1101.6954 1174.4062 1531.3394 1252.4926 1125.7059 1160.3276 1530.2006 1144.0541 1250.6329 1144.0206 1172.567 1159.8468 1525.9446 1181.8951 1180.0859 1532.0768 1152.0071 1268.0775 1181.7192 1531.0336 1172.9921 1276.7548 1531.8873 1127.5591 1283.3315 1174.898 1135.1697 1151.4833 1286.5189 1528.7583 1125.5729 1280.4656 1063.493 1527.5107 1271.8673 1165.8121 1151.1187 1532.9502 1179.7867 1125.2697 1106.4296 1527.3331 1167.6847 1274.2637 1533.0338 1169.782 1533.0876 1200.3663 1281.408 1174.4193 1532.111 1280.6807 1141.1425 1163.231 1258.9034 1090.4032 1116.3762 1530.5582 1525.3445 1264.9128 1159.2168 1162.8805 1281.739 1159.8906 1530.4941 1190.0358 1527.5089 1144.8977 1178.8391 1280.556 1183.8108 1273.2969 1541.5538 1185.6796 1106.4733 1535.5475 1118.9501 1280.1293 1153.8007 1272.2904 1163.0317 1530.1019 1174.4087 1178.1157 1520.852 1171.3823 1526.9967 1184.1339 1179.0334 1181.873 1066.1599 1527.3744 1083.5793 1180.5162 1171.9299 1269.4774 1174.971 1531.0842 1526.7227 1161.9381 1269.9393 1127.574 1091.5253 1531.7935 1162.4355 1260.7969 1533.7905 1175.4016 1110.4567 1282.9015 1140.258 1176.733 1529.8032 1257.1746 1530.6504 1149.46 1277.6423 1149.8232 1278.4729 1132.5087 1531.5641 1176.8192 1532.1525 1283.6532 1159.2787 1182.4037 1523.293 1170.359 1182.6842 1104.7826 1534.7268 1139.2219 1279.1965 1145.1157 1159.0918 1277.4384 1182.8466 1532.0736 1140.1854 1278.63 1532.0638 1177.2861
 43 1185.7029 1195.5913 1556.823 1412.0011 1556.7118 1219.4758 1408.4199 1201.0588 1154.1407 1207.3629 1560.8944 1418.308 1159.2902 1181.0884 1563.132 1428.936 1166.7147 1215.4746 1418.4235 1559.8824 1202.4548 1409.5796 1193.389 1553.7866 1136.7805 1389.657 1205.9176 1558.9928 1208.7976 1560.3862 1200.9303 1424.5546 1204.1125 1558.5475 1190.6808 1201.5316 1200.0172 1416.8326 1553.3322 1207.7435 1556.061 1195.3759 1410.0356 1104.792 1208.5511 1186.542 1197.2529 1549.851 1148.1619 1140.1954 1563.9066 1199.7776 1412.6381 1558.7677 1166.8652 1236.8558 1563.3232 1176.144 1139.5431 1242.1421 1558.4073 1165.1825 1217.8384 1391.0419 1554.5703 1194.3132 1223.7405 1410.993 1557.2867 1223.5315 1237.3354 1410.0883 1423.1082 1215.6044 1559.219 1197.0166 1202.99 1556.3379 1414.8727 1215.4808 1237.7437 1406.476 1191.5831 1557.4233 1421.2488 1203.951 1555.6704 1221.8644 1395.5149 1088.4391 1049.1273 1553.3882 1195.0577 1208.7639 1141.7588 1553.0151 1411.0902 1211.0869 1217.5532 1557.6537 1175.7725 1421.8572 1146.949 1555.1001 1213.8822 1202.764 1415.0771 1558.5569 1250.1986 1175.6338 1414.256 1558.2737 1561.1011 1135.0103 1043.0626 1229.9103 1557.476 1185.6725 1204.1775 1404.7657 1419.8491 1556.9906 1145.7115 1230.1213 1211.82 1554.4067 1222.191 1373.305 1553.783 1023.3218 1374.7585 1225.1802 1201.0332 1215.6986 1559.6833 1422.352 1377.0859 1119.8251 1213.3615 1559.7225 1555.813 1171.1078 1096.291 1158.7996 1207.8081 1555.7582 1236.846 1384.5138 1409.7224 1250.9365 1556.8531 1211.2084 1178.0771 1003.5865 1559.8898 1108.3416 1156.3552 1198.3412 1229.9508 1555.0477 1205.9316 1200.7721 1551.4744 1162.3569 1554.7692 1408.277 1179.798 1208.2468 1115.7334 1415.081 1554.5151 1122.7043 1160.2332 1129.7839 1215.7681 1553.2749 1213.1876 1105.3157 1435.5771 1560.2657 1557.4888 1208.994 1173.8899 1100.5234 1280.5662 1369.3435 1262.0553 1550.9653 1406.3456 1203.2382 1213.3705 1555.9552 1182.4005 1372.3326 1207.5309 1560.084 1553.1068 1393.7083 1154.1116 1209.475 1558.411 1429.7985 1189.8789 1231.174 1557.0698 1186.174 1348.7555 1182.8127 1195.1299 1182.2979 1555.8647 1203.2443 1212.877 1555.3556 1181.7557 1365.5308 1206.3949 1558.396 1236.5616 1416.831 1557.3475 1185.3151 1424.0503 1245.8981 1173.8368 1227.2753 1381.3124 1555.4989 1156.5543 1418.5387 1091.7745 1557.2632 1413.5597 1226.2924 1191.6206 1559.489 1218.5352 1143.8622 1174.3401 1561.0043 1203.5981 1408.7921 1554.9917 1217.53 1553.3704 1209.2261 1401.326 1213.0358 1557.674 1404.082 1172.3663 1223.3807 1417.9558 1154.1506 1211.2529 1559.8912 1555.6667 1420.4717 1209.9695 1249.7876 1407.1578 1181.2012 1558.1836 1219.1373 1555.7698 1200.0835 1204.9458 1379.486 1203.0386 1407.5714 1568.288 1199.2756 1130.2952 1564.9246 1149.2559 1432.535 1229.7916 1438.6417 1292.3694 1561.9691 1197.7958 1197.4932 1557.4142 1223.6481 1553.665 1205.2987 1197.5042 1204.4025 1087.8783 1560.6992 1101.2754 1220.9331 1223.3445 1389.2461 1188.9048 1556.8922 1555.7136 1201.2391 1367.5846 1144.8232 1120.3768 1567.9908 1186.0188 1358.3417 1556.564 1193.5529 1141.9713 1409.3608 1202.2711 1209.2334 1557.6923 1427.4551 1556.6302 1179.9148 1420.7026 1220.747 1398.2263 1171.0941 1557.6233 1222.5482 1558.979 1416.6111 1235.3224 1195.7426 1557.9187 1225.7045 1200.0916 1133.5347 1562.0455 1184.3541 1425.4901 1181.2914 1196.1372 1387.7756 1203.5195 1553.5177 1183.2869 1393.6641 1553.222 1226.5137
 44 1179.2963 1196.9167 1566.8417 1334.2502 1565.6007 1207.6953 1333.2543 1216.319 1151.7869 1177.0845 1568.4053 1332.8151 1181.7277 1159.674 1556.305 1313.6838 1158.7749 1184.3842 1323.9901 1566.7837 1190.988 1329.9585 1195.4736 1561.1378 1128.0315 1344.9224 1201.0728 1569.3341 1185.4354 1558.6619 1214.5912 1318.1628 1202.4852 1555.2687 1189.9628 1211.062 1196.1577 1322.0479 1559.0785 1211.2158 1563.2355 1185.528 1336.2314 1106.3112 1205.9788 1184.2991 1197.4027 1553.3784 1142.0754 1133.4927 1556.4133 1198.2639 1338.2373 1567.506 1146.5336 1199.0735 1548.1552 1167.2294 1132.7922 1210.5908 1566.6605 1158.4985 1183.4248 1336.5184 1564.6157 1195.2587 1202.4681 1330.8502 1566.88 1178.3577 1189.6736 1317.3816 1315.9098 1182.1627 1564.9346 1182.7701 1191.006 1558.9065 1304.2139 1240.2634 1175.8774 1325.0511 1187.9164 1565.2423 1323.9763 1211.0919 1565.3297 1201.1316 1322.6732 1074.0944 1059.1072 1562.2194 1192.3025 1205.9008 1140.0787 1553.1206 1325.8977 1207.5453 1195.7327 1564.0188 1185.4744 1324.9851 1128.77 1563.6957 1209.6162 1211.3002 1337.6787 1569.0319 1194.0701 1176.9993 1313.6914 1560.4967 1558.4225 1132.7444 1033.6786 1206.9595 1565.8823 1229.3401 1195.491 1326.174 1318.1902 1561.6223 1116.1338 1167.5344 1203.8384 1567.9684 1219.79 1338.4729 1559.4434 1002.7295 1312.8147 1193.8735 1191.0425 1202.1321 1566.3567 1328.1876 1320.6263 1133.2242 1143.0793 1549.3971 1555.7594 1170.0348 1093.9408 1158.5623 1181.3801 1564.9445 1214.1624 1315.7261 1333.2522 1207.3846 1569.9451 1210.2645 1260.6073 1002.9212 1557.6952 1114.5925 1149.6854 1209.6859 1214.5768 1559.5807 1202.3961 1203.6991 1550.8267 1159.2103 1561.3989 1317.0679 1186.2567 1234.8567 1077.8191 1316.0333 1564.9961 1153.2961 1158.078 1125.7985 1208.106 1555.0865 1178.8812 1088.6388 1317.7358 1567.5624 1556.5726 1198.9583 1168.4574 1091.8132 1213.0815 1309.0507 1128.156 1556.6682 1330.2252 1193.9802 1193.7952 1564.7045 1185.6427 1311.5695 1186.1908 1564.0532 1558.4017 1327.3824 1122.9736 1193.6272 1563.3638 1310.6178 1150.115 1180.4537 1563.0259 1171.3049 1304.6173 1201.996 1188.7753 1172.2903 1558.5054 1195.8146 1203.0037 1563.0474 1221.6199 1313.0659 1198.7533 1566.6068 1181.1743 1320.0808 1567.9418 1149.0057 1325.7136 1206.4216 1159.8552 1184.1179 1323.2251 1564.1462 1137.2992 1317.0245 1070.9045 1561.6642 1321.685 1164.0228 1163.0822 1564.6276 1194.4026 1130.3073 1171.727 1553.5665 1203.7264 1325.0698 1562.624 1182.2369 1560.6729 1215.7607 1333.5028 1199.2871 1565.8368 1332.4486 1161.8794 1187.0157 1330.0596 1198.7032 1176.5653 1564.6597 1557.76 1308.1038 1196.707 1179.746 1329.4921 1177.5814 1560.7596 1203.9915 1561.5055 1191.2411 1197.9552 1313.3868 1212.0103 1309.4888 1559.3806 1193.7438 1116.3075 1565.9487 1136.4026 1314.8268 1170.8462 1302.0913 1148.822 1562.2916 1191.6414 1216.5576 1554.6183 1200.0864 1555.6704 1208.0157 1196.513 1198.5667 1077.7666 1558.6663 1096.0565 1197.4163 1198.9932 1316.7832 1186.0974 1565.6218 1548.4617 1152.959 1304.8635 1261.164 1239.0791 1545.841 1170.2887 1314.3112 1564.5759 1200.1172 1140.3182 1332.8091 1189.0715 1196.9365 1565.6078 1317.1082 1567.455 1167.6096 1327.1283 1170.2644 1332.0253 1169.3593 1565.1262 1185.5134 1567.2441 1329.6758 1199.0498 1200.7207 1556.284 1203.4557 1198.8828 1124.2373 1566.7711 1149.9602 1321.4185 1161.7738 1181.991 1318.9779 1209.6807 1565.9791 1208.1779 1332.7606 1563.9761 1207.5865
 45 1147.4045 1170.9084 1530.4585 1239.3846 1511.4921 1208.0573 1158.6685 1099.4911 1078.7495 1149.5137 1499.8317 1254.2244 1179.0719 1126.6676 1503.4663 1226.8962 1144.6962 1219.1776 1243.0446 1514.9875 1197.864 1253.5479 1212.6719 1530.429 1098.9283 1259.0797 1166.6368 1527.6206 1158.3374 1513.4961 1200.9489 1232.8247 1188.0911 1511.9728 1176.9879 1198.5819 1172.7437 1239.6267 1532.5901 1189.8976 1531.4028 1160.829 1247.6183 1057.1367 1188.0118 1165.9403 1182.5808 1531.2976 1123.6586 1117.512 1501.5387 1191.2646 1240.5839 1513.8636 1122.2307 1242.5637 1503.0571 1142.7112 1072.2245 1235.0706 1513.8123 1128.6292 1118.2545 1260.0454 1528.8333 1174.1572 1219.9205 1250.443 1530.8386 1128.8319 1213.0516 1238.2861 1244.058 1236.8345 1523.3533 1209.8499 1167.3557 1520.5824 1242.7449 1185.4728 1214.2107 1262.5988 1169.2413 1528.9459 1237.6649 1194.8506 1529.1677 1175.5654 1213.7554 1043.8604 1056.5667 1524.541 1173.004 1183.1313 1121.8846 1527.8871 1250.9226 1176.0187 1228.4692 1524.703 1169.335 1238.1124 1099.0201 1529.956 1184.2549 1187.3593 1248.9716 1531.1415 1202.7479 1197.038 1245.6439 1524.9199 1512.603 1121.0887 1016.7595 1241.2134 1527.7438 1175.2885 1163.8893 1238.6434 1206.136 1516.6172 1094.1708 1191.5912 1170.1318 1536.7642 1221.7784 1264.6927 1528.5135 973.6805 1243.6213 1174.7578 1143.4554 1066.1099 1503.9729 1225.4423 1273.7444 1107.2145 1112.2008 1513.7666 1519.3977 1130.8088 1072.5286 1142.0746 1128.851 1528.0299 1236.1805 1240.6753 1196.2302 1208.7666 1523.9313 1225.3109 1155.5624 910.7036 1515.6989 1075.044 1134.2317 1202.421 1218.7253 1526.0071 1186.3777 1196.4144 1532.0168 1143.7244 1536.0768 1258.0597 1165.7383 1169.2489 1054.3972 1288.5502 1530.8284 1133.944 1118.5406 1099.656 1187.5223 1513.8162 1199.6625 1060.75 1232.9675 1525.0883 1518.4436 1280.6202 1166.1008 1094.1825 1178.6807 1253.1443 1075.3081 1533.8093 1248.6353 1144.294 1154.3848 1525.5457 1161.6632 1269.5325 1158.8761 1520.7278 1530.8766 1254.1235 1083.9432 1164.8346 1495.1572 1229.5865 1080.7216 1137.8956 1523.1344 1134.8754 1232.3751 1177.9225 1174.0918 1163.4099 1526.0503 1231.9255 1173.817 1529.4187 1184.6869 1253.6539 1189.8395 1523.7269 1105.6006 1234.7865 1529.4271 1118.8337 1234.6329 1247.206 1127.9034 1105.7927 1277.4591 1531.3682 1111.1648 1234.6749 1049.0088 1523.8628 1247.557 1180.5933 1145.6964 1527.2584 1231.3423 1131.3926 1089.2682 1509.5879 1178.419 1243.5646 1532.5354 1142.5709 1534.1156 1202.7012 1254.1885 1160.502 1526.1724 1260.3022 1146.4208 1196.2124 1251.8167 1202.866 1179.9767 1524.442 1522.6396 1238.2507 1137.7474 1195.7354 1247.5579 1160.2164 1529.394 1244.1416 1527.81 1152.7036 1177.7725 1280.9386 1195.517 1282.318 1498.9564 1178.6083 1087.4382 1509.9303 1091.1604 1222.9014 1107.4708 1243.6598 1158.6353 1518.221 1182.1284 1193.8878 1518.9061 1221.0403 1528.4325 1197.6244 1176.7736 1179.7748 1077.3344 1515.1187 1092.2025 1238.6255 1218.8916 1254.0881 1169.89 1530.9846 1519.1445 1132.6433 1273.9049 1145.8517 1167.7762 1495.0714 1145.4578 1253.9535 1525.9323 1189.8325 1123.9164 1242.0293 1192.2114 1175.377 1529.6373 1233.2917 1535.2554 1155.5563 1246.6425 1180.4178 1255.3456 1104.2919 1526.5004 1147.4459 1526.3855 1242.2319 1200.2872 1187.2635 1519.3021 1211.7588 1172.5779 1107.581 1508.0316 1105.5115 1227.1698 1144.1293 1155.2601 1274.8353 1195.0762 1533.2363 1222.873 1251.9573 1535.4307 1215.0042
 46 1187.2814 1187.9934 1521.1385 1330.3727 1518.1495 1192.6398 1336.0095 1334.622 1104.6926 1247.3828 1515.5863 1326.2761 1255.5377 1158.1954 1513.4552 1359.5839 1136.1013 1138.1077 1313.0192 1523.7692 1227.6462 1327.5271 1204.0598 1533.5022 1112.6628 1306.7717 1175.3845 1533.5398 1177.6901 1530.8702 1213.1572 1340.156 1193.6572 1516.2277 1180.7904 1205.6239 1178.7145 1324.486 1531.3359 1216.0337 1532.3429 1164.5199 1316.9888 1071.2701 1190.3649 1166.9928 1184.4869 1529.0665 1131.4928 1125.6074 1501.439 1210.7915 1313.2031 1526.7631 1125.6312 1173.6881 1520.5544 1148.8069 1092.5879 1215.287 1527.181 1134.7931 1166.8322 1304.6761 1521.9606 1175.4648 1200.996 1312.1721 1531.6354 1165.1425 1214.8291 1334.1224 1325.9341 1167.8075 1527.4849 1211.7998 1179.0784 1527.492 1335.1034 1200.5635 1197.5476 1312.6588 1169.2977 1532.2832 1333.8016 1224.7407 1528.2104 1187.4015 1331.4257 1063.4637 1040.1886 1532.1588 1177.3898 1235.3599 1132.9395 1530.7286 1318.7664 1259.2069 1186.5277 1526.9891 1161.5975 1331.5035 1116.8838 1530.1858 1194.4255 1235.2817 1322.2826 1532.9806 1200.5663 1232.7534 1327.1069 1529.4374 1523.015 1125.7092 1020.11017 1221.4631 1527.3975 1239.411 1176.2087 1322.0648 1325.4342 1525.2902 1120.4736 1194.8201 1192.9014 1538.0756 1194.2495 1318.2281 1528.8732 993.9582 1310.2009 1229.1493 1192.6665 1181.4377 1519.7937 1335.7622 1334.0702 1119.7504 1154.0148 1526.0187 1528.9473 1151.1234 1080.4423 1150.105 1184.787 1529.9174 1188.6296 1332.8171 1361.0336 1199.5868 1526.3153 1126.9259 1255.7101 962.13324 1518.1254 1096.4125 1150.4688 1222.9912 1206.0875 1521.2411 1191.3435 1211.1658 1537.4397 1149.242 1538.9648 1332.3583 1164.3779 1172.3823 1076.6443 1335.064 1534.9252 1126.3333 1129.5095 1105.6943 1197.7867 1528.0569 1191.7981 1068.7074 1357.0039 1526.4349 1530.164 1160.3104 1145.4001 1067.1681 1216.3135 1311.4607 1114.5165 1531.0958 1318.4185 1157.1987 1174.9518 1530.2479 1165.6366 1286.059 1167.0637 1523.8032 1528.5903 1308.9258 1108.7604 1177.1613 1519.2244 1342.2317 1117.9069 1149.1329 1515.8433 1170.1322 1306.0703 1239.6505 1169.6085 1152.0175 1530.4263 1175.9563 1191.2029 1531.7152 1236.8857 1314.4175 1219.5984 1522.139 1153.0094 1326.1198 1535.313 1141.0352 1331.2048 1221.9115 1140.2535 1150.9447 1310.748 1532.7976 1127.6426 1329.2142 1065.8357 1525.7317 1318.329 1176.3438 1155.7153 1529.8092 1146.9767 1090.8103 1156.6731 1523.7168 1238.0319 1324.3901 1533.3274 1170.9078 1535.0398 1200.992 1313.505 1182.8059 1523.7606 1315.4673 1152.0438 1215.0277 1316.8503 1222.9196 1162.0342 1528.1509 1529.9551 1338.6108 1170.1708 1207.3157 1320.8021 1166.192 1534.3225 1194.8947 1532.8286 1179.3916 1185.4238 1317.9845 1210.7795 1291.977 1510.9608 1181.4966 1101.2548 1509.9907 1130.1387 1340.1287 1149.5308 1326.0823 1161.0549 1526.1932 1186.8557 1215.915 1528.3068 1204.8698 1530.1567 1210.7926 1179.9392 1185.908 1072.5955 1524.3964 1087.471 1203.7993 1202.6393 1306.9551 1174.6598 1527.2379 1527.5188 1136.9866 1301.33 1244.1 1237.845 1515.908 1160.188 1324.1099 1525.7672 1214.4904 1129.7567 1324.4453 1168.6926 1186.1476 1528.5846 1333.4667 1537.184 1164.86 1329.5859 1198.9944 1308.7808 1138.2795 1524.647 1168.4043 1524.052 1325.0565 1199.1663 1183.9828 1526.4186 1181.8737 1177.393 1103.2573 1527.1482 1138.4889 1332.1302 1150.9541 1167.5555 1319.8329 1210.6738 1532.641 1189.1062 1324.5604 1536.5114 1190.8047
 47 1161.6553 1183.0111 1547.4176 1287.1539 1556.1844 1174.3629 1273.637 1242.1624 1102.6714 1170.9915 1557.9196 1271.7485 1156.4752 1147.0513 1580.45 1237.8629 1139.9872 1111.3745 1270.9434 1562.8242 1172.9338 1268.3746 1189.1057 1553.3555 1115.9396 1283.9823 1181.856 1553.9731 1164.7031 1562.7648 1188.497 1271.9913 1202.1396 1566.456 1187.473 1208.717 1185.0055 1270.7301 1548.4739 1212.034 1556.9443 1172.5048 1284.9908 1103.0026 1200.2916 1177.1458 1196.9526 1551.1901 1134.9225 1121.8301 1578.1461 1195.4784 1281.533 1559.2156 1122.719 1145.2539 1576.6127 1165.0043 1103.5201 1202.0244 1557.7501 1144.551 1165.6211 1282.4275 1551.9965 1189.4664 1187.2428 1271.0856 1556.7668 1162.4946 1176.1119 1272.8821 1264.3411 1147.7869 1560.5791 1178.4312 1188.1421 1553.8622 1273.0831 1208.4556 1167.6619 1269.7062 1178.6941 1555.7014 1269.9427 1179.7863 1552.1433 1187.2914 1284.3499 1060.1011 1052.879 1546.0394 1186.8318 1201.0942 1137.1971 1549.8414 1269.4868 1183.1329 1166.3562 1555.5969 1179.8949 1273.3672 1114.0989 1552.4359 1195.8408 1177.2134 1273.9039 1549.6523 1170.2322 1156.4103 1248.9633 1561.4847 1570.6289 1143.2799 1024.6866 1208.0126 1553.9724 1169.657 1184.7208 1280.6969 1281.8052 1575.8455 1118.7954 1166.8552 1188.7444 1550.1305 1209.8047 1285.2552 1554.9481 984.0178 1266.7191 1196.1836 1175.7786 1154.9283 1561.1267 1272.2128 1248.4679 1135.3677 1153.2094 1568.494 1560.5269 1175.5073 1095.0863 1164.4259 1174.3949 1555.3562 1186.6007 1274.4465 1301.7549 1184.5793 1547.0968 1127.4481 1177.2096 998.71704 1561.0626 1096.4188 1163.9047 1186.2292 1190.2842 1563.5486 1196.5667 1202.5836 1546.9154 1153.7267 1546.0674 1269.781 1179.0691 1214.7155 1050.5443 1255.5908 1553.0377 1159.1746 1137.0131 1111.594 1204.3926 1554.1528 1148.6564 1067.8085 1259.3923 1561.707 1575.0525 1201.109 1178.3008 1081.194 1195.5819 1273.0164 1112.364 1550.8496 1275.077 1159.9287 1172.5652 1553.292 1125.0557 1161.4606 1124.1367 1610.3531 1553.8577 1273.7949 1095.2025 1176.6893 1562.1305 1259.9899 1096.4905 1114.2018 1561.2272 1139.0792 1239.7277 1168.8772 1180.0581 1158.4906 1560.3962 1193.4534 1186.138 1561.1904 1165.6389 1253.4254 1193.0664 1560.3444 1157.4718 1273.5868 1553.5513 1125.5286 1273.1708 1211.831 1140.5718 1160.5945 1269.6226 1555.6335 1121.5935 1269.5084 1054.3463 1557.5424 1270.7051 1136.9227 1144.5096 1559.8009 1119.1179 1089.923 1185.4633 1573.0115 1182.7719 1271.9698 1545.6996 1156.0935 1553.6974 1180.4335 1225.6317 1249.0006 1561.4562 1267.5188 1150.4023 1213.6084 1262.4221 1155.3267 1116.4637 1561.5809 1560.0006 1267.5664 1191.7152 1161.0657 1276.6449 1172.8044 1555.1377 1191.0968 1559.6752 1196.7202 1190.4257 1259.0818 1191.1294 1238.1819 1583.2067 1184.7878 1101.81 1571.2732 1131.2909 1269.1846 1157.823 1263.6943 1111.3375 1569.2274 1186.7793 1197.4833 1565.7568 1202.3809 1551.6547 1200.5903 1191.7954 1191.201 1073.012 1570.0924 1097.1141 1194.5696 1178.6161 1256.5067 1189.8927 1556.4539 1561.0648 1142.2537 1228.0522 1179.9775 1176.27 1588.6123 1159.591 1236.0692 1555.4951 1205.3564 1151.1965 1271.3181 1149.671 1185.3007 1557.0303 1264.3677 1552.7506 1165.2041 1274.7518 1185.379 1278.953 1178.7225 1555.9102 1161.4023 1557.6929 1275.6215 1188.7477 1199.5068 1565.1045 1176.7749 1193.6195 1113.932 1561.9321 1122.3688 1274.0687 1147.794 1159.9596 1258.1077 1201.426 1550.8578 1200.7906 1278.1624 1548.3116 1211.1937
 48 1141.5939 1158.2227 1531.051 1187.8289 1531.3671 1138.8434 1168.7714 1119.344 1093.1195 1146.5817 1525.9645 1172.2461 1157.0771 1112.5844 1520.4452 1158.607 1115.2733 1073.9218 1175.9838 1529.8009 1159.6967 1185.0553 1166.0308 1534.053 1090.2921 1202.4928 1149.0986 1531.2268 1131.6937 1526.2458 1157.3813 1160.849 1151.792 1504.8649 1178.6158 1148.3905 1161.6692 1176.8274 1533.0835 1170.0421 1533.7174 1143.8729 1198.1825 1072.4622 1161.2081 1152.97 1171.5067 1512.9298 1109.2212 1098.4712 1515.8677 1165.9325 1185.8579 1527.0886 1082.576 1110.8376 1520.064 1135.6509 1075.5433 1165.9877 1529.4099 1119.1168 1126.064 1198.1855 1529.7922 1149.2637 1152.748 1178.3254 1519.1097 1132.164 1140.133 1138.2662 1170.9414 1112.3519 1527.511 1152.6576 971.70807 1530.1558 1168.8972 1147.0251 1120.8525 1181.9342 1155.7683 1530.5956 1167.4618 1153.627 1528.3768 1162.7612 1183.1482 1030.3295 1054.0737 1533.5576 1162.4846 1142.1018 1115.972 1532.0864 1178.2533 1140.7104 1143.8167 1528.7439 1172.1177 1169.658 1084.4255 1531.208 1159.185 1142.7808 1182.4946 1529.3612 1139.6293 1168.6051 1164.1771 1528.8715 1524.0894 1120.0663 1000.4392 1163.8993 1530.9343 1172.2535 1148.7422 1182.053 1091.37 1496.929 1025.1941 1059.5039 1152.7864 1533.6558 1183.9333 1206.5211 1531.0598 949.6217 1185.5605 1145.7402 1138.2831 1104.8269 1527.5035 1164.8558 1109.6221 1128.2069 1131.9249 1512.6239 1527.7137 1151.1023 1073.9866 1147.5496 1131.8463 1530.4779 1160.4696 1171.3568 1196.5121 1144.337 1531.825 1106.6672 1146.3269 961.82214 1524.5983 1069.58 1136.0792 1162.2898 1162.0778 1526.9559 1136.6183 1147.9073 1500.5007 1138.4716 1522.646 1258.2272 1214.9674 1225.778 1004.69275 1157.6145 1531.5642 1163.0483 1092.527 1056.038 1177.6099 1513.2827 1109.9705 1036.589 1140.7915 1527.0442 1525.92 1161.9952 1142.7832 1051.2057 1093.6559 1174.9209 1145.0729 1503.7421 1183.6495 1134.7598 1135.6213 1529.2178 1077.3457 1176.0062 1083.0994 1480.8768 1530.7748 1190.9492 1051.3849 1145.8442 1527.3738 1155.125 1050.1393 1072.6644 1504.1542 1077.2776 1156.254 1130.0457 1153.2948 1129.2389 1529.065 1163.9197 1153.3344 1530.7466 1165.2588 1170.6918 1148.2612 1527.3607 1105.252 1169.5154 1531.4222 1076.1354 1166.3302 1167.829 1107.0011 1126.9556 1188.2799 1531.2463 1091.6475 1173.9376 1025.2803 1528.1627 1177.7325 1095.2526 1111.1742 1529.5525 1100.2233 1078.9199 1134.7106 1521.9116 1157.2772 1185.2291 1532.8776 1120.1241 1534.8077 1186.2537 1175.2233 1129.1671 1528.8861 1171.882 1112.6936 1153.0684 1179.197 1167.6176 1081.2126 1527.224 1529.5613 1168.2725 1156.7686 1110.1393 1180.082 1149.8203 1529.2439 1167.0377 1530.0546 1141.385 1152.426 1173.4937 1156.0614 1156.8195 1514.0734 1161.1346 1074.6063 1521.6897 1104.7767 1148.1506 1118.7491 1170.906 1072.8604 1524.6908 1161.0164 1154.5596 1526.4662 1154.1936 1530.196 1155.078 1148.4672 1161.8625 1051.0526 1524.7795 1075.463 1161.9395 1152.508 1171.6041 1161.3224 1530.331 1529.3882 1108.3867 1153.4285 1158.6571 1254.8524 1518.7812 1175.3297 1143.678 1528.3234 1154.8461 1118.4312 1169.2739 1115.385 1157.4894 1529.9369 1159.9342 1533.1064 1143.2874 1175.8856 1147.6714 1193.6978 1147.2682 1529.182 1122.4385 1527.5319 1173.2734 1145.6364 1165.0947 1526.2898 1150.1118 1149.6422 1087.6406 1526.0989 1076.3993 1164.281 1115.7101 1125.5193 1164.423 1160.1599 1532.2289 1136.0077 1191.4144 1534.4917 1169.8763
 49 1154.3092 1169.2579 1537.574 1308.0262 1544.2635 1170.0358 1306.0126 1138.9579 1100.1154 1198.3401 1540.1902 1315.0156 1226.0049 1161.3939 1543.4841 1365.2866 1154.8639 1209.532 1326.9348 1541.5012 1204.4199 1320.8969 1210.1051 1542.2665 1115.0035 1292.3447 1165.1271 1537.3771 1169.4199 1540.3485 1168.7174 1334.8593 1166.2478 1545.3246 1192.1877 1162.6578 1173.4573 1323.6248 1543.3342 1173.3855 1540.8823 1162.5892 1294.5105 1064.8486 1180.7946 1172.9349 1187.4379 1539.9723 1126.1722 1116.7856 1541.3964 1185.4435 1308.9082 1539.2043 1123.6005 1172.1836 1544.7449 1153.3301 1101.4531 1191.0786 1541.7075 1136.8488 1165.3066 1297.2708 1538.5193 1159.2476 1208.0084 1312.7625 1539.2935 1163.7134 1242.9103 1337.45 1332.5853 1183.12 1542.019 1211.4933 976.3612 1540.6614 1326.427 1156.9625 1208.2904 1316.1327 1173.5326 1540.4089 1326.9055 1177.2152 1538.9205 1187.9292 1318.6577 1063.9136 1045.0051 1538.8715 1173.7775 1159.0703 1127.0626 1542.3745 1317.155 1165.1935 1200.3759 1540.5763 1157.5294 1321.516 1109.8539 1537.7004 1178.4513 1172.5812 1307.1693 1539.306 1210.8552 1241.5007 1343.6825 1543.8706 1543.981 1132.9788 1020.42706 1203.3815 1541.2173 1190.6511 1176.5544 1313.0197 1322.6248 1552.3748 1106.8354 1183.3054 1188.1799 1541.2596 1186.7787 1305.548 1542.2213 982.72644 1307.3837 1183.1208 1164.081 1129.9135 1540.2827 1315.1052 1371.57 1145.5796 1171.9073 1553.7927 1544.3142 1158.7501 1087.5892 1159.6417 1189.001 1542.285 1214.2773 1332.0995 1307.2866 1197.6488 1540.0471 1121.303 1162.8632 967.1935 1540.5054 1085.2646 1158.0217 1186.2234 1204.3643 1543.1957 1152.2861 1168.6322 1542.2845 1173.0002 1542.7002 1401.3975 1226.5073 1215.2375 1086.9423 1353.1859 1541.0804 1125.7024 1112.5499 1074.8909 1200.7903 1542.2765 1208.5415 1053.2529 1320.563 1538.5615 1544.2312 1211.6948 1164.8049 1078.1263 1145.4722 1303.2753 1200.3918 1543.5955 1312.7262 1161.8251 1176.8926 1541.3309 1074.7786 1409.2834 1127.6102 1549.0422 1540.4117 1305.158 1105.4476 1178.7133 1541.7354 1346.4655 1121.5697 1156.3562 1542.5339 1158.1394 1338.1687 1204.5504 1175.5742 1156.5323 1543.0968 1206.6094 1195.5228 1541.4255 1209.006 1321.9264 1178.6073 1541.3376 1138.3043 1316.9004 1540.2137 1128.0027 1319.9554 1184.5642 1145.6538 1159.2496 1324.9944 1542.4359 1125.8883 1325.6398 1062.0248 1541.3448 1320.3035 1180.1411 1155.5817 1541.6399 1207.9265 1131.9817 1145.0759 1545.0786 1174.4734 1313.0347 1540.3956 1164.259 1542.7213 1215.7262 1344.1049 1110.0297 1541.5735 1327.2423 1156.7979 1203.5623 1327.201 1248.938 1188.0789 1541.33 1544.072 1342.4934 1177.2246 1216.4108 1308.5878 1164.1611 1542.2097 1218.9819 1542.7401 1164.1105 1178.833 1334.3365 1192.7528 1373.3776 1540.7869 1179.5308 1095.275 1540.4097 1115.529 1341.1128 1152.2083 1340.0344 1181.6283 1542.1158 1183.0322 1167.9972 1545.7858 1200.3828 1537.7499 1168.9279 1156.0918 1178.858 1073.7489 1543.907 1091.5536 1211.5292 1238.284 1337.7263 1171.7997 1541.5669 1543.5228 1168.4509 1372.9719 1183.3038 1300.7819 1544.2692 1212.8412 1366.2103 1537.9673 1155.4373 1101.1991 1326.38 1206.7784 1193.9824 1542.1523 1341.4941 1541.2043 1168.651 1321.1145 1215.8138 1304.382 1145.5865 1543.3745 1167.1648 1541.2595 1323.4493 1214.3818 1171.8293 1545.6553 1215.7106 1165.6285 1110.8109 1538.3221 1127.6505 1319.9198 1149.7944 1172.3265 1331.7349 1179.2246 1540.0809 1160.6138 1311.791 1541.7201 1183.8333
 50 1163.9835 1177.8915 1545.5039 1376.4076 1548.4933 1183.2168 1378.4655 1149.5084 1102.6238 1221.9205 1547.0624 1384.8718 1243.6039 1174.5074 1550.3901 1415.5372 1142.5171 1124.0145 1379.6534 1549.1216 1221.078 1388.2565 1172.7589 1549.1794 1129.3976 1355.7821 1178.411 1545.6685 1183.846 1550.2197 1174.4336 1403.6692 1171.0637 1552.323 1195.3649 1165.7874 1180.7034 1392.7065 1549.4368 1178.0085 1547.5227 1175.6265 1360.8473 1076.8022 1188.0725 1179.9652 1193.4258 1549.9811 1132.0029 1122.6254 1551.6698 1192.4745 1373.6804 1548.5941 1141.152 1164.4191 1551.1252 1157.5104 1108.393 1191.8258 1547.4595 1144.7635 1172.6501 1360.1332 1549.0474 1165.7194 1210.7755 1381.2899 1549.3447 1168.6307 1148.7104 1389.3804 1394.9557 1138.1565 1550.6969 1220.723 984.19293 1548.6553 1396.4132 1167.155 1180.7834 1372.8544 1176.4406 1548.4392 1397.9824 1190.1664 1548.6306 1199.9138 1374.471 1079.187 1043.4138 1547.0001 1179.564 1169.3209 1133.2964 1549.5493 1387.0393 1173.4171 1183.5841 1547.2748 1156.3354 1392.6984 1123.9122 1548.5468 1189.7375 1191.4739 1381.6501 1547.4509 1200.6501 1257.828 1394.414 1551.6652 1551.8938 1136.8721 1020.04767 1168.9832 1547.7115 1197.925 1188.164 1369.5289 1395.8142 1550.0951 1127.7184 1172.1318 1205.6953 1547.8651 1170.504 1363.5736 1549.8417 996.81494 1363.0466 1201.3129 1177.2737 1149.0846 1548.2849 1388.8868 1369.0985 1148.4503 1174.2991 1553.8384 1552.7306 1168.7533 1093.9402 1165.236 1198.8984 1549.6636 1198.4375 1363.6669 1375.409 1212.9401 1546.9922 1130.8307 1170.2329 984.8903 1548.9027 1092.5918 1164.0222 1192.971 1209.9421 1550.5231 1159.3322 1176.1335 1551.7709 1180.1436 1551.716 1414.2595 1232.7881 1223.8213 1104.1871 1346.9161 1550.4845 1132.5524 1119.2933 1078.2994 1193.682 1551.2859 1155.2389 1058.5371 1395.8767 1549.7399 1553.2375 1204.6707 1168.214 1081.2983 1175.2361 1372.3755 1216.6843 1551.6354 1383.6783 1177.0175 1199.7871 1549.3187 1086.1832 1362.4414 1117.9513 1551.105 1549.2089 1373.4767 1136.223 1195.7961 1549.7112 1400.1959 1137.1287 1138.4896 1549.7595 1172.2465 1358.984 1218.2256 1180.6664 1161.15 1550.3358 1203.1371 1204.8524 1550.0713 1217.9973 1344.5139 1193.607 1549.347 1169.5829 1392.8737 1549.2032 1147.0646 1393.5492 1165.9531 1158.9777 1175.4872 1362.4025 1551.0367 1140.0463 1395.7529 1076.2413 1550.9652 1384.6547 1159.7585 1162.726 1549.3948 1166.7018 1127.2452 1154.3604 1553.4384 1189.38 1385.0472 1547.8032 1188.7996 1548.6923 1218.0933 1392.8829 1122.6898 1550.2249 1384.177 1159.8768 1136.1415 1385.7115 1267.1086 1160.4196 1549.5659 1551.171 1372.7715 1186.4712 1171.9346 1387.0293 1178.6556 1551.489 1191.8748 1551.227 1174.891 1184.7906 1352.3512 1194.2496 1364.183 1551.0251 1181.1793 1105.889 1546.7928 1129.3939 1408.0734 1161.5735 1385.0782 1123.631 1550.0763 1181.1411 1173.7338 1553.3652 1161.2201 1549.4772 1176.1891 1163.3652 1189.0693 1055.6584 1550.838 1078.4519 1147.0238 1220.3568 1361.537 1176.0686 1550.6918 1551.5396 1171.0256 1330.119 1182.5193 1292.106 1532.8573 1205.0587 1361.2455 1548.1815 1168.4873 1115.4576 1389.6033 1162.4473 1199.3411 1550.6191 1399.5808 1549.5084 1160.3113 1385.4333 1147.8871 1370.6423 1160.1995 1549.1035 1192.8584 1527.2642 1363.9185 1222.5073 1166.4658 1552.782 1197.0393 1168.3397 1108.4678 1549.6509 1150.7786 1395.0911 1164.6577 1187.5199 1376.6749 1187.4731 1548.5134 1167.998 1383.2831 1548.178 1152.2408
 51 1137.4913 1151.8969 1518.5084 1247.0508 1515.4482 1147.2334 1248.81 1170.4615 1072.8049 1129.574 1509.3395 1232.0938 1099.6946 1103.6316 1501.2294 1190.7532 1107.1495 1063.4625 1236.0833 1511.2673 1140.7482 1249.3988 1149.5157 1522.693 1096.4517 1261.4069 1143.6499 1514.1953 1139.7612 1509.2043 1211.0647 1223.1891 1156.2587 1504.1285 1182.4332 1201.4431 1154.9677 1239.9215 1520.7653 1191.1987 1521.7092 1144.1049 1262.1594 1074.5616 1157.9293 1149.0693 1165.8365 1508.3943 1106.5336 1096.2434 1498.1094 1174.6562 1251.8506 1512.1118 1087.8645 1112.4906 1502.9287 1127.0884 1066.5533 1158.6401 1512.164 1112.7958 1130.5085 1258.6099 1515.1241 1139.5314 1154.886 1243.3276 1517.7281 1129.2766 1078.7694 1231.9393 1223.9661 1085.1892 1510.6392 1128.571 956.06287 1515.3982 1237.7208 1141.3738 1116.6804 1242.2661 1145.5543 1514.9434 1234.2738 1178.5043 1514.6483 1163.6011 1242.0591 1039.0303 1039.9377 1522.4594 1154.9987 1187.9432 1116.6302 1517.9163 1243.9554 1188.2883 1146.3043 1511.8607 1151.9282 1240.1497 1087.2748 1519.6154 1159.4691 1169.8083 1253.2621 1517.43 1130.2303 1088.0074 1196.5376 1511.4984 1505.4869 1114.2855 1000.4555 1178.5942 1516.2926 1181.8373 1148.7412 1241.791 1225.4231 1500.9424 1058.7086 1091.1656 1172.8335 1520.234 1151.0643 1278.8511 1517.2114 941.8071 1250.1775 1155.1263 1140.5968 1119.5806 1510.4015 1240.4138 1215.7732 1107.1948 1133.0776 1509.3087 1511.2928 1152.3896 1067.3303 1142.959 1138.957 1515.0768 1159.1399 1218.2021 1253.8019 1153.8899 1519.0969 1101.9572 1199.3977 976.2355 1507.1051 1072.3096 1129.3173 1178.0121 1166.0741 1508.5536 1136.4952 1183.6704 1517.1577 1152.9602 1522.0876 1186.2197 1147.5651 1179.6548 1058.1765 1158.9666 1512.2882 1144.262 1093.9263 1053.232 1170.2675 1508.044 1094.0255 1027.2783 1221.169 1510.6743 1509.0732 1166.3921 1132.4048 1046.3073 1152.4148 1255.8868 1112.8438 1515.4606 1248.0095 1138.6444 1144.0314 1515.2867 1067.8601 1181.1449 1059.4318 1499.7688 1516.1869 1253.4083 1072.9967 1151.1525 1509.7555 1208.8773 1059.6805 1069.9667 1499.606 1136.1982 1196.7256 1134.9814 1146.6096 1124.1207 1511.7666 1165.321 1153.3193 1513.9335 1141.1182 1215.5452 1159.1294 1509.2405 1136.4939 1240.026 1515.8365 1089.389 1233.017 1186.0851 1110.995 1138.4167 1243.1478 1516.6487 1095.1995 1234.0891 1031.6152 1512.9353 1238.697 1096.7675 1112.658 1512.3225 1121.1401 1095.6322 1127.0902 1505.5352 1186.6787 1248.2373 1522.5933 1134.6016 1523.387 1186.7708 1263.3359 1094.595 1513.3151 1245.7775 1116.7667 1108.1661 1218.8478 1061.2722 1075.9305 1510.5771 1510.9998 1196.0933 1189.6471 1090.7546 1247.8618 1145.4213 1515.8384 1168.6285 1513.6322 1151.517 1149.199 1226.6365 1168.821 1187.4886 1498.3917 1155.3533 1071.2289 1501.6987 1103.538 1212.1748 1119.7551 1224.5529 1047.0831 1505.2357 1160.834 1206.0029 1509.3558 1134.56 1516.7046 1185.6442 1139.6421 1159.6892 1052.8379 1505.4069 1070.6368 1186.8629 1140.2627 1211.3049 1147.6494 1513.8939 1512.4524 1114.1176 1183.4597 1185.8793 1080.9841 1509.2178 1142.3376 1174.7126 1514.5958 1173.8508 1106.1393 1250.4646 1097.5 1156.1348 1513.5295 1212.9213 1518.593 1132.5245 1240.4758 1109.8711 1257.9648 1151.5845 1513.9869 1139.062 1501.454 1217.7516 1146.8373 1153.5249 1508.9788 1166.0996 1135.6866 1080.1964 1508.5886 1085.0386 1229.0879 1121.5021 1131.4061 1217.7347 1175.356 1517.8848 1199.2678 1264.8848 1522.4528 1149.4609
 52 1157.3425 1172.0884 1539.6154 1345.8665 1539.4648 1178.9196 1350.0098 1203.2457 1087.6877 1174.0093 1538.0048 1344.2323 1160.731 1154.684 1540.8922 1372.6699 1163.191 1247.5538 1363.7074 1539.1997 1183.7103 1351.3159 1257.1449 1539.9154 1124.0201 1337.315 1169.0894 1538.193 1176.7877 1540.5142 1236.2496 1363.2693 1174.8182 1542.2018 1199.0934 1222.0702 1174.0969 1353.4811 1541.6156 1207.024 1540.4153 1170.2904 1344.4126 1095.2596 1182.1481 1172.9863 1187.9092 1541.1195 1128.087 1117.9226 1541.5447 1197.6309 1349.1868 1538.1525 1136.4128 1246.8263 1542.1661 1152.584 1097.6492 1235.4824 1538.6472 1137.3123 1168.95 1339.5964 1538.9506 1159.1581 1230.8618 1351.3501 1538.3663 1186.3339 1256.1106 1365.1108 1362.534 1233.685 1538.6378 1195.47 976.14636 1539.9988 1356.5294 1164.4841 1270.076 1363.2566 1178.861 1538.5333 1357.8405 1208.8707 1539.9894 1190.747 1349.7323 1072.871 1041.3135 1540.7571 1175.575 1216.574 1136.8033 1542.6957 1357.5334 1229.8488 1242.1188 1539.5872 1154.2206 1356.3447 1115.3282 1541.053 1183.0983 1203.2079 1348.2727 1539.4417 1248.7297 1153.4923 1363.5609 1535.6901 1541.0068 1136.4832 1031.2926 1263.3304 1536.7235 1202.4156 1185.5151 1347.0525 1365.0894 1542.8403 1118.2412 1212.7955 1195.2477 1540.135 1200.9785 1342.8772 1540.7542 984.4698 1340.9741 1191.5763 1170.2034 1151.3949 1539.6423 1353.4448 1405.2961 1153.4575 1201.099 1540.8755 1541.1992 1174.8496 1088.3445 1162.2246 1190.0198 1538.2216 1255.0581 1353.8435 1345.5745 1215.563 1539.1399 1119.0679 1228.6992 998.54926 1540.681 1097.2632 1157.8066 1203.4092 1200.6699 1541.5978 1156.577 1209.2843 1542.5685 1172.9316 1540.9489 1360.6356 1164.879 1171.009 1187.5912 1547.6782 1536.6453 1128.4781 1116.4812 1077.0922 1207.7052 1541.263 1234.943 1053.8948 1356.576 1538.107 1541.2466 1231.838 1163.5962 1080.9181 1198.7152 1348.5925 1145.9518 1542.0309 1349.4315 1167.2858 1184.5326 1539.6821 1085.7993 1441.0862 1140.7919 1543.5369 1542.6455 1345.438 1120.5431 1185.8419 1539.774 1375.7373 1131.5293 1193.1182 1540.8081 1192.0652 1361.2902 1191.8185 1179.4314 1163.0792 1540.9128 1237.2095 1204.4684 1539.2397 1190.0603 1378.9803 1189.79 1539.4619 1186.025 1356.3656 1538.3022 1144.1168 1356.0419 1247.1578 1152.7205 1173.7516 1364.9657 1539.5339 1129.4644 1356.4576 1066.9958 1540.7305 1354.8611 1224.2407 1162.9729 1539.4133 1233.957 1138.1224 1163.9552 1542.3309 1209.8821 1348.2723 1539.5018 1174.7122 1541.3906 1198.1757 1348.2319 1121.7252 1539.8154 1361.9344 1169.1516 1237.9355 1353.955 1135.38 1228.5767 1538.878 1540.4835 1402.4727 1201.2224 1277.5963 1349.8577 1172.524 1539.3195 1254.8085 1539.9401 1193.204 1185.3771 1395.2572 1220.9767 1446.3373 1543.4037 1183.051 1093.4496 1539.2992 1122.0365 1364.4839 1172.7067 1382.7126 1254.6703 1540.1876 1195.4042 1230.1205 1542.2998 1236.3862 1541.0829 1211.8898 1160.9381 1189.8893 1092.305 1541.1179 1101.7919 1282.8497 1256.1812 1360.1357 1174.6387 1538.6339 1540.5365 1198.7275 1455.6328 1219.8102 1129.943 1544.7435 1201.4274 1443.3344 1540.5875 1206.2607 1133.5558 1354.3785 1211.9054 1197.408 1539.2483 1366.3684 1539.4255 1182.9019 1359.5961 1269.5656 1358.6686 1182.3119 1537.0155 1172.311 1543.3805 1361.1248 1230.1704 1175.194 1541.6383 1240.8485 1159.1039 1110.2598 1538.369 1132.2229 1353.007 1156.0559 1185.2322 1387.1091 1204.3972 1538.206 1244.8749 1345.2561 1539.8115 1219.0109
 53 1158.6854 1173.4059 1541.4576 1352.0635 1541.9121 1177.5736 1354.4583 1203.8467 1088.0465 1175.7576 1542.4172 1352.0831 1163.7786 1157.1011 1542.775 1384.6189 1142.512 1148.9167 1358.33 1542.0892 1171.9758 1355.4337 1144.3866 1539.1016 1121.7228 1341.9125 1170.0248 1540.6458 1177.5277 1541.6923 1235.0552 1371.7186 1175.3042 1543.1327 1198.4874 1223.536 1175.0626 1360.4836 1543.2675 1206.7731 1541.7021 1171.2024 1349.9274 1093.727 1182.4955 1173.0037 1188.0903 1543.1927 1126.5085 1116.2493 1543.5029 1196.6791 1348.7117 1540.5145 1127.585 1164.4692 1543.111 1147.565 1090.1156 1191.0503 1543.7107 1136.777 1147.8856 1343.2247 1538.7043 1158.0576 1196.5565 1352.9939 1540.779 1170.0275 1161.8179 1348.0999 1358.6133 1100.102 1541.3721 1170.2233 977.7404 1541.6439 1363.8984 1164.6826 1149.0908 1344.1693 1166.9303 1540.6776 1366.5444 1211.7711 1541.3135 1191.3982 1338.4436 1070.2556 1042.7278 1541.471 1174.1165 1189.0886 1131.3342 1541.909 1358.3262 1223.8796 1166.2549 1542.114 1153.332 1361.5593 1114.775 1539.8917 1184.3313 1205.0781 1356.3922 1541.9437 1154.4292 1134.1654 1341.8225 1543.0262 1542.0197 1133.8336 1015.41846 1161.692 1545.768 1206.1155 1181.352 1343.5524 1364.2701 1543.6886 1113.4259 1154.4775 1192.3606 1540.5367 1148.0364 1341.5997 1542.2822 977.70636 1323.8572 1186.8484 1171.823 1151.3619 1543.1226 1360.2408 1355.6421 1135.2115 1104.1395 1542.6478 1542.5725 1174.9805 1088.115 1162.176 1191.1952 1540.7748 1214.5242 1354.8336 1349.077 1191.0852 1541.2795 1123.5619 1229.387 998.51447 1544.4186 1097.366 1149.3413 1196.8949 1169.2789 1542.8029 1154.5354 1206.7451 1542.2316 1172.8795 1541.9462 1372.7864 1164.1229 1168.119 967.0643 1343.7288 1543.0854 1145.3365 1116.6892 1063.8604 1146.4882 1542.6282 1129.8503 1048.0287 1358.6805 1542.3187 1542.78 1166.8097 1150.0583 1062.3673 1199.0441 1351.3668 1146.7332 1542.9912 1355.7745 1169.2637 1186.6832 1541.5775 1087.3224 1382.2175 1118.7191 1543.7924 1541.6853 1349.0879 1120.9258 1186.1141 1542.0964 1364.4254 1115.9573 1096.1382 1544.474 1180.0359 1334.594 1182.7993 1163.2495 1135.2703 1542.9432 1150.0555 1193.4556 1541.4521 1178.6859 1329.5074 1191.0756 1543.3645 1188.7681 1365.008 1540.6626 1125.7773 1359.8304 1144.7147 1148.4878 1170.8278 1345.6793 1541.9016 1128.9377 1365.1365 1064.9707 1541.3682 1356.779 1154.4568 1151.1078 1542.4708 1149.093 1116.1445 1156.0623 1543.236 1209.9326 1355.8654 1540.4562 1176.151 1541.685 1197.6273 1352.4204 1121.1931 1542.4753 1357.0796 1152.0333 1136.1534 1345.7013 1112.41 1116.9243 1542.4364 1541.3715 1394.7465 1193.5161 1201.8834 1349.8267 1169.4437 1538.6569 1195.1477 1540.3276 1135.5692 1180.7463 1350.0901 1207.3798 1369.4349 1544.9299 1175.5463 1094.7943 1543.7606 1121.6556 1375.8394 1152.2817 1328.9374 1095.6763 1543.3076 1176.3821 1229.9817 1542.7378 1132.7007 1542.8328 1211.0322 1162.0214 1187.4988 1055.4689 1543.3169 1075.7335 1165.7941 1198.0319 1331.3589 1170.8943 1541.7242 1542.4094 1180.0922 1386.8767 1215.5858 1108.8793 1541.5507 1178.1605 1352.076 1542.6449 1205.266 1110.0748 1360.0597 1129.0348 1189.9521 1542.1619 1366.5458 1541.5634 1153.1875 1355.2258 1141.0692 1352.2979 1177.3357 1545.9214 1180.6786 1543.8348 1371.7338 1176.145 1170.7994 1542.861 1195.6613 1156.4572 1099.1289 1541.4373 1132.5964 1361.0105 1154.8279 1175.9473 1348.4292 1201.8354 1540.7456 1234.5013 1354.0018 1540.1239 1143.6422
 54 1160.8312 1175.4099 1540.102 1387.7977 1541.4663 1183.1072 1389.5555 1209.2523 1080.7657 1186.5962 1542.5652 1381.428 1172.8866 1162.7129 1544.693 1407.0417 1148.848 1171.0659 1396.1699 1541.3248 1185.285 1392.652 1158.0093 1543.6812 1128.8685 1376.4426 1176.9565 1543.2863 1184.5881 1542.4543 1237.6108 1401.9022 1177.3528 1542.7281 1199.4341 1224.1003 1176.224 1395.2203 1541.3474 1207.3093 1541.5941 1177.2823 1384.4912 1096.0105 1181.245 1171.9652 1187.8477 1537.5481 1128.8829 1119.9835 1539.177 1200.7896 1387.6117 1543.5962 1139.3121 1184.929 1537.3197 1147.568 1093.5928 1209.0372 1538.2898 1138.4987 1154.3068 1375.9062 1541.6191 1160.5026 1217.681 1391.922 1541.6031 1181.6018 1188.5052 1392.2278 1396.36 1127.5767 1541.9215 1187.6792 981.27216 1543.7281 1397.7821 1168.366 1176.0563 1390.2334 1170.595 1541.4707 1397.9132 1215.2986 1539.9258 1195.8683 1379.9285 1078.7599 1038.1145 1540.3295 1175.6815 1183.7505 1131.5844 1542.7568 1398.8159 1241.236 1192.513 1541.6006 1150.4515 1395.6404 1120.283 1541.1505 1188.2404 1212.2108 1390.286 1541.5236 1183.0262 1156.5166 1393.2728 1539.8671 1540.1057 1137.4249 1019.55133 1172.1107 1534.786 1205.5413 1183.0142 1379.8643 1400.9791 1536.711 1125.5393 1187.2135 1196.8082 1543.0304 1164.5022 1372.738 1540.8335 993.699 1365.3434 1196.948 1174.0789 1155.2964 1536.4116 1392.5221 1393.2432 1135.9972 1084.9167 1537.5105 1543.3014 1176.8073 1089.5425 1163.1819 1199.7374 1537.0391 1234.4601 1400.8922 1388.6166 1216.6667 1541.2081 1126.9183 1228.7534 996.7221 1538.666 1097.4691 1152.7473 1200.6293 1184.7799 1538.3405 1157.7042 1210.1677 1543.5801 1173.43 1540.4332 1402.375 1166.2014 1165.498 933.05774 1397.7434 1539.1282 1133.7026 1117.094 1065.7013 1157.724 1540.1031 1152.2977 1049.528 1395.769 1539.5134 1542.1659 1195.5222 1156.2524 1072.1287 1212.7906 1386.0487 1154.4257 1537.052 1392.013 1176.4503 1198.1066 1543.851 1087.0486 1403.6077 1122.7344 1538.5222 1538.8259 1385.1396 1137.4906 1194.6656 1538.8094 1405.3988 1130.7695 1116.9564 1535.0189 1200.2006 1385.1743 1199.6078 1168.6265 1144.805 1538.9347 1172.3087 1204.7196 1539.6652 1189.9866 1378.0684 1195.6881 1536.8545 1199.3715 1396.5275 1545.0637 1141.2489 1396.798 1165.9318 1157.2673 1177.641 1383.1941 1539.817 1135.8762 1399.0344 1072.3978 1542.1119 1395.2026 1180.8181 1163.3274 1538.3638 1181.2279 1126.0592 1160.2555 1540.3951 1215.6003 1393.9279 1545.1208 1189.0895 1541.1381 1196.6714 1385.6844 1127.489 1539.6506 1386.455 1157.8062 1154.6471 1392.1207 1133.1873 1146.4589 1539.2677 1540.9054 1409.2075 1197.559 1214.4823 1376.335 1175.7557 1530.7747 1220.6112 1539.6421 1124.223 1186.654 1388.1747 1212.0374 1399.7682 1540.5126 1177.2618 1098.3455 1536.9141 1126.3787 1402.1644 1159.9989 1383.909 1119.5973 1535.5652 1182.9276 1231.2673 1540.6998 1153.01 1541.5908 1213.6385 1164.4562 1192.8055 1061.3889 1537.5775 1077.5935 1179.135 1226.2008 1393.6451 1178.9635 1531.0292 1538.2794 1181.7452 1406.8186 1218.5597 1119.085 1559.929 1193.7263 1385.8405 1538.8368 1209.1539 1104.6863 1391.9006 1152.8854 1197.6709 1540.8514 1403.3663 1539.7688 1160.7338 1393.6875 1160.6799 1414.8059 1192.3446 1538.16 1176.3822 1544.5072 1398.7389 1202.447 1171.6393 1540.1686 1224.355 1156.5823 1104.2274 1549.3862 1145.0638 1389.7665 1171.9644 1185.9384 1387.9242 1205.5724 1539.6783 1248.1873 1387.9955 1545.0116 1167.6475
 55 1094.8564 1109.3821 1441.385 1265.5562 1443.9445 1116.181 1261.3356 1135.2228 1043.1106 1132.3217 1445.2053 1268.1984 1132.3293 1101.946 1459.3235 1264.4503 1102.1172 1140.2836 1259.0328 1449.9824 1133.6195 1278.5995 1181.1655 1450.3287 1074.8033 1270.9688 1109.8292 1448.5435 1127.0085 1453.3191 1135.6613 1258.9177 1139.8019 1459.8148 1160.5011 1166.5063 1117.3907 1270.3835 1454.1018 1159.904 1449.1722 1109.0764 1275.8568 1040.0503 1125.0176 1115.5625 1138.7415 1453.7452 1087.2428 1078.5383 1448.6412 1157.9675 1260.9382 1438.4963 1075.5775 1162.1042 1466.1934 1105.7599 1073.3486 1177.3331 1448.0605 1081.96 1108.909 1275.154 1434.1152 1097.7778 1153.5637 1258.71 1447.1583 1130.1566 1182.594 1242.0813 1257.2505 1127.9512 1445.2332 1115.2825 926.1109 1453.2131 1267.635 1115.225 1141.7827 1260.079 1106.1427 1445.0693 1261.5046 1136.2175 1444.4344 1140.1047 1260.8989 1017.27734 997.00366 1447.361 1121.0007 1142.892 1080.3955 1462.1252 1264.2319 1133.2561 1145.6316 1443.6416 1097.7942 1261.0437 1057.3441 1446.7205 1127.7642 1126.4457 1266.0077 1443.1517 1147.708 1113.7307 1238.2761 1458.9604 1459.0151 1097.9694 991.16626 1197.3514 1444.9141 1146.1836 1118.5514 1266.2104 1249.4811 1460.4314 1052.3273 1118.0024 1132.8188 1449.8579 1155.626 1273.9363 1456.3075 939.198 1271.8441 1139.2661 1114.5416 1098.2029 1450.3873 1265.3241 1278.331 1087.4482 1066.4539 1459.2455 1464.2659 1128.4366 1040.4711 1118.1415 1110.5599 1454.5714 1163.6216 1230.5452 1261.9008 1141.2915 1437.4409 1056.9574 1139.1029 945.3818 1448.5504 1037.4119 1101.663 1135.5787 1142.6459 1447.6321 1149.7404 1166.7728 1469.0033 1083.5846 1456.6777 1262.6697 1115.7031 1133.0454 850.08374 1251.2439 1460.6432 1099.9927 1065.2013 1027.5095 1157.1814 1459.8593 1139.1013 997.51263 1249.7655 1447.0658 1454.0178 1144.6818 1098.7135 1019.98694 1138.4227 1275.8892 1110.0488 1457.3362 1272.1625 1114.7181 1120.6877 1447.94 1039.5717 1246.2444 1052.15 1460.2639 1450.2432 1279.1348 1075.3494 1133.4414 1454.2529 1250.641 1058.5618 1113.4656 1439.2146 1101.7913 1232.9818 1109.1843 1118.1338 1100.5708 1455.7291 1153.6125 1131.9313 1451.9668 1133.5953 1260.2242 1142.276 1451.3136 1120.2589 1265.5991 1451.4756 1077.4265 1252.6465 1180.8505 1085.9052 1120.3291 1267.3318 1450.5464 1082.1633 1273.4023 1024.4039 1453.9045 1263.9336 1128.7386 1106.3638 1453.65 1130.4232 1074.8113 1104.2831 1458.661 1150.262 1274.7609 1453.5254 1120.7075 1454.1251 1147.3724 1273.7155 1070.2755 1449.6644 1275.4777 1110.9749 1154.7686 1266.4286 1110.2286 1140.3468 1451.7753 1462.1858 1255.8123 1144.8073 1160.6345 1247.6398 1128.7423 1441.5415 1192.1729 1455.7534 1093.947 1130.6433 1277.33 1138.7552 1258.3615 1453.432 1137.718 1056.0944 1443.6376 1097.8683 1252.4467 1116.274 1269.5609 1158.1096 1455.9463 1140.313 1148.6268 1460.395 1161.5381 1458.3629 1166.824 1116.2408 1136.1222 1043.9308 1459.6307 1054.6593 1184.9515 1137.2516 1227.1096 1126.3456 1461.224 1460.1764 1104.2108 1243.7721 1143.4401 1138.303 1465.6039 1142.3345 1259.7129 1440.9229 1138.5264 1043.0107 1266.7557 1114.5588 1136.2264 1450.4756 1247.5774 1453.5652 1132.3009 1262.4252 1167.6613 1243.4231 1104.5237 1470.3374 1125.2849 1441.9806 1254.7719 1134.0138 1126.1852 1453.9485 1140.6448 1096.9836 1048.1144 1449.7081 1079.9249 1259.8121 1107.5427 1103.2482 1223.5144 1137.7888 1449.3301 1109.855 1267.7557 1442.6158 1152.7201
 56 1163.6625 1177.9349 1555.8857 1314.7345 1564.2306 1170.011 1327.5352 1237.0115 1118.4253 1257.8748 1571.2057 1333.3096 1273.7992 1170.7579 1591.8474 1346.0122 1134.4559 1068.6045 1318.2029 1568.1388 1243.5914 1319.9867 1170.8328 1551.4694 1122.192 1321.1875 1167.4502 1553.9814 1174.0902 1575.6764 1289.022 1335.2596 1188.5522 1586.282 1206.7267 1247.2632 1176.4482 1319.3593 1553.0701 1222.3872 1575.6764 1170.095 1324.5276 1049.6976 1193.7946 1182.8906 1199.2891 1567.3126 1077.1332 1035.34 1614.4501 1175.5536 1325.1356 1564.5544 1129.7205 1169.2568 1590.1261 1152.4137 1055.2206 1154.663 1566.908 1137.7766 1118.1237 1325.0243 1564.5532 1169.4458 1214.0773 1323.695 1558.04 1132.9962 1139.8969 1322.0659 1339.1779 1077.923 1569.8342 1244.5822 986.7488 1561.7919 1325.2725 1148.3702 1086.5828 1306.2294 1169.2999 1559.8878 1328.6876 1261.9619 1563.6722 1194.2595 1315.4398 1068.0994 1050.74 1551.8234 1183.8021 1245.9363 1148.2274 1558.6206 1323.8914 1295.1891 1064.471 1571.2206 1169.1542 1322.2461 1117.2089 1555.2913 1196.0992 1276.9794 1328.2317 1572.148 1098.2418 1268.7593 1370.6921 1574.4994 1580.1925 1153.4879 1032.2668 1206.8883 1560.5934 1251.0107 1181.6222 1319.4108 1361.7507 1597.6896 1076.413 1056.3806 1196.4985 1551.7142 1144.4601 1320.0175 1560.0171 977.1363 1318.8705 1229.9211 1179.4526 1131.1942 1571.1365 1329.5739 1318.6659 1135.669 1087.0309 1573.4545 1570.1123 1170.4099 1098.4434 1173.7644 1186.8391 1567.429 1206.8016 1327.1421 1307.3336 1114.5536 1554.5546 1127.7921 1271.4924 961.73267 1575.0419 1108.2634 1153.7693 1263.8878 1136.735 1571.499 1230.2433 1244.0571 1563.468 1109.6608 1550.887 1335.0317 1169.441 1160.4053 971.58014 1505.8335 1566.958 1116.424 1127.8326 1070.2861 1137.5973 1568.8085 1099.5609 1047.9021 1330.9276 1567.9958 1577.1199 1218.7804 1173.823 1058.8019 1228.8533 1321.1409 1082.3812 1558.1637 1318.8625 1171.9255 1182.9468 1560.6838 1083.8212 1426.8457 1027.0491 1606.386 1559.1002 1316.6636 1104.2858 1183.1863 1570.0442 1330.2935 1104.1748 1080.432 1582.9409 1191.4753 1339.2804 1310.6377 1169.0397 1137.7402 1565.2739 1182.394 1192.3636 1566.6127 1276.6047 1327.0012 1247.3627 1573.3745 1156.5769 1330.1216 1563.8314 1119.8732 1324.673 1186.7946 1142.8279 1139.0602 1309.5698 1558.6648 1122.203 1320.0682 1055.7607 1564.8729 1318.4852 1070.0908 1130.8424 1566.847 1035.3778 1079.8934 1141.4297 1585.0593 1237.3923 1313.3013 1552.2418 1163.7266 1555.2728 1212.0725 1319.3252 1102.2495 1583.141 1335.369 1155.8458 1111.2587 1333.4172 1284.7042 1097.5463 1570.9402 1566.7552 1319.4453 1158.0392 1154.2617 1340.5383 1185.8304 1578.159 1206.5251 1579.4996 1170.8389 1134.5674 1338.2146 1298.091 1358.432 1602.7894 1193.799 1086.3391 1587.4897 1085.5892 1346.5569 1138.8351 1321.3597 1149.6901 1580.9943 1164.4314 1269.3519 1577.0637 1109.2917 1563.5132 1239.6882 1170.3969 1178.325 1067.0852 1579.946 1092.6782 1197.5676 1205.705 1322.9882 1181.8082 1566.1346 1566.8896 1171.3394 1335.3373 1263.8431 1282.0813 1629.5159 1204.3182 1332.4879 1563.1774 1239.381 1090.511 1326.1997 1060.2617 1178.0684 1565.4092 1329.7505 1555.0177 1153.725 1315.1748 1104.6837 1324.0548 1136.4978 1602.4612 1176.208 1579.7092 1363.8586 1073.0232 1196.2876 1572.143 1037.7244 1149.7478 1063.755 1574.9648 1117.1099 1335.6111 1153.4298 1173.248 1316.9282 1235.7468 1560.4585 1209.6635 1313.5715 1595.6782 1134.4641
 57 1137.4507 1151.6482 1514.5754 1290.439 1515.7598 1145.1108 1286.7301 1187.49 1078.4436 1169.9275 1520.9581 1285.9683 1151.4208 1123.7324 1537.029 1254.7826 1138.6471 1195.5697 1294.4607 1522.0792 1166.0543 1278.6306 1200.0436 1503.2239 1101.3322 1288.7494 1139.676 1514.1288 1134.8873 1524.0096 1148.2145 1287.3785 1166.6383 1534.075 1179.4512 1190.7483 1148.877 1289.0278 1512.0374 1196.788 1519.0482 1141.2185 1289.7 1036.0387 1167.8314 1156.3132 1174.5275 1527.1603 1090.7295 1062.7561 1541.1584 1184.439 1289.5588 1517.9335 1112.0294 1212.2299 1538.2703 1133.2028 1053.17 1211.1627 1524.8206 1112.3702 1100.9006 1294.9958 1513.5771 1137.5487 1198.3517 1285.7443 1512.9644 1128.7117 1207.4789 1279.5293 1269.4996 1180.1566 1519.1199 1177.3075 961.53925 1517.5376 1290.5173 1124.4263 1189.7015 1296.3551 1147.7302 1513.466 1283.4271 1158.549 1516.3116 1167.0901 1286.9291 1045.339 1029.2598 1511.3536 1152.6965 1185.5149 1114.3613 1512.8367 1289.8462 1170.0748 1226.1165 1516.7885 1141.9932 1286.6562 1092.1086 1514.013 1163.899 1171.5609 1283.603 1514.7506 1150.8446 1152.8805 1242.7316 1521.6023 1529.8483 1134.5309 1015.9942 1225.4834 1515.889 1164.7 1152.6686 1291.8773 1294.6859 1530.9232 1086.4926 1157.7672 1162.2731 1511.7983 1201.8748 1285.508 1516.5681 954.36475 1289.0405 1192.8455 1154.2308 1119.2069 1527.6138 1293.4268 1298.794 1112.696 1077.9958 1527.6321 1528.1328 1151.2488 1074.2784 1152.7406 1128.0801 1518.414 1151.1191 1306.335 1284.5466 1176.081 1510.3379 1090.423 1172.0143 937.9308 1524.0195 1064.9775 1135.9741 1174.9042 1168.0271 1522.1982 1179.3732 1179.6455 1515.9615 1096.8015 1509.719 1275.2854 1141.2666 1142.0703 860.63715 1246.7559 1520.535 1123.8673 1104.6599 1060.4417 1180.0822 1522.9679 1194.8346 1030.6943 1291.17 1522.7778 1522.855 1211.1953 1140.7216 1038.3201 1192.0795 1290.1982 1076.3348 1518.794 1291.858 1149.3684 1155.6849 1520.3085 1068.0531 1249.1672 1064.5388 1531.4485 1520.9739 1291.7902 1084.2815 1159.7102 1523.1847 1283.1412 1085.5132 1143.7571 1525.1179 1098.8441 1264.8068 1152.1864 1154.0354 1133.1293 1521.0945 1222.137 1157.7717 1512.7804 1153.015 1288.988 1181.7645 1526.3186 1131.5513 1289.3234 1512.8119 1102.3993 1284.5581 1228.6433 1119.3024 1125.3649 1302.0443 1514.0778 1100.679 1291.2794 1037.7256 1523.5399 1295.2017 1154.9941 1133.0972 1521.6453 1217.0992 1127.5681 1112.8254 1535.8002 1181.7767 1284.7078 1507.3552 1136.9231 1511.466 1186.0397 1287.506 1083.9469 1522.3856 1300.0145 1145.8568 1197.2438 1268.8566 1152.7952 1169.683 1518.1564 1523.6854 1289.5771 1142.954 1190.0818 1291.057 1159.3402 1524.7838 1223.9519 1520.0269 1131.0663 1135.7755 1298.6556 1125.16 1270.8541 1531.2471 1146.9038 1066.0358 1533.6937 1081.2316 1285.6619 1129.695 1290.8221 1196.5833 1532.758 1158.5988 1168.2034 1527.0327 1210.61 1515.8801 1179.6653 1142.741 1157.7623 1062.8674 1539.1399 1083.2849 1220.1257 1214.9022 1284.0295 1123.1119 1514.1062 1518.1335 1137.8754 1277.3286 1159.3546 1135.9043 1537.1038 1163.1112 1265.9049 1517.3141 1183.5099 1064.0057 1287.7312 1168.4667 1166.0562 1518.2736 1286.1047 1516.3883 1162.3452 1289.9802 1202.1223 1294.5634 1118.7239 1535.7262 1151.6152 1525.1034 1276.5262 1159.1401 1171.933 1527.2731 1206.6139 1119.9238 1075.8617 1527.1559 1089.827 1291.1189 1130.1141 1143.6702 1290.4896 1180.3817 1507.4154 1177.2506 1273.939 1511.7095 1202.6184
 58 1129.1489 1142.8495 1496.8383 1314.1198 1496.991 1143.7664 1311.0421 1164.837 1062.3145 1146.5613 1497.8168 1313.6942 1134.5735 1122.0834 1505.0757 1318.7881 1133.4491 1170.8168 1320.5088 1500.5111 1145.4052 1313.5382 1174.3131 1499.1235 1099.1975 1305.2552 1132.4027 1496.9717 1130.2637 1504.7202 1101.214 1322.0579 1158.8527 1507.1202 1167.2384 1163.333 1142.0857 1320.8458 1500.3588 1184.5453 1498.7668 1134.4193 1311.7848 1042.5961 1155.7394 1144.3099 1162.9191 1505.267 1090.8463 1065.6959 1502.0731 1181.9543 1316.2454 1495.9678 1101.5564 1187.1168 1505.6891 1122.7555 1072.3267 1199.3123 1498.2125 1101.8671 1110.0162 1312.097 1497.0303 1129.2849 1175.0955 1315.6893 1497.4209 1129.7648 1194.8208 1318.567 1310.58 1163.728 1501.83 1147.086 953.05646 1499.118 1320.1592 1125.6023 1183.0602 1313.5752 1137.1078 1497.4064 1318.9075 1131.1676 1500.3595 1164.0201 1313.5332 1043.6123 1017.99133 1497.2207 1145.4106 1161.4818 1105.4811 1503.2562 1315.9949 1135.6266 1213.177 1499.5396 1126.3994 1316.7975 1088.8138 1498.725 1158.1713 1136.0018 1310.4951 1497.6831 1147.8364 1119.4911 1294.7211 1503.4728 1505.12 1121.5442 1004.70264 1191.9172 1499.1351 1141.5684 1147.8198 1320.0981 1315.1632 1501.1987 1084.0951 1159.1248 1167.5198 1497.8188 1178.8815 1313.1411 1500.9081 955.9553 1311.2028 1170.5687 1146.946 1132.5262 1499.9968 1319.2028 1322.2134 1109.5769 1090.637 1504.8702 1506.4736 1152.4362 1063.9248 1144.2736 1130.7886 1502.0503 1147.2549 1328.5508 1313.93 1167.975 1495.2079 1084.6276 1148.0969 961.3094 1503.896 1067.895 1123.0374 1136.6836 1156.9502 1503.7993 1165.763 1160.6525 1504.6155 1096.0247 1499.1514 1321.8795 1134.3214 1116.4357 886.51886 1346.5593 1511.7852 1089.782 1097.8289 1050.4033 1168.5907 1505.4707 1188.4396 1019.87537 1316.7294 1497.8756 1505.7218 1165.5754 1120.5316 1028.1975 1181.5219 1318.3286 1147.4182 1504.1 1318.4106 1145.1495 1153.165 1499.5533 1054.2192 1297.9552 1070.8209 1501.2463 1502.0928 1317.5045 1092.0964 1157.5146 1501.8062 1316.7108 1089.2103 1143.8602 1501.6085 1091.5867 1309.3611 1109.1978 1139.5452 1115.7733 1503.2847 1191.8718 1156.3068 1500.9987 1121.3055 1312.2299 1156.7098 1500.7045 1141.4293 1319.5483 1496.834 1098.0059 1313.335 1196.7859 1115.9166 1129.3638 1316.8622 1499.5825 1099.3492 1324.4757 1039.889 1503.4541 1319.6736 1154.6337 1131.0398 1500.6334 1205.8534 1118.2781 1115.7085 1505.4578 1163.1293 1316.0552 1498.0569 1140.4958 1498.4274 1173.2938 1311.7023 1092.1504 1499.261 1315.3175 1139.4476 1192.603 1299.2731 1111.9109 1162.405 1501.0927 1504.9264 1318.2584 1142.7157 1189.1093 1316.608 1146.9673 1497.8849 1191.8947 1501.6145 1137.1003 1133.0078 1313.1682 1083.8718 1309.877 1497.739 1134.0724 1065.5391 1496.8834 1111.8115 1321.0355 1143.4596 1321.0485 1192.4767 1503.1945 1146.8047 1133.8258 1509.1344 1187.8662 1502.502 1163.3113 1134.569 1150.2792 1045.0287 1506.9941 1064.3534 1184.2131 1181.6997 1328.8132 1139.8276 1502.224 1504.3256 1140.8988 1310.1476 1127.1572 1110.415 1490.7401 1149.9215 1314.1088 1498.1609 1160.5393 1062.2069 1316.0272 1161.5006 1162.8855 1500.4396 1316.5393 1499.8629 1155.1162 1314.5817 1190.2118 1319.7582 1116.8824 1504.2582 1155.4568 1499.1444 1311.0283 1158.21 1157.1279 1506.1715 1202.6881 1107.0422 1065.4232 1498.9254 1091.8906 1318.0078 1128.9143 1142.8708 1311.3445 1160.8212 1496.8468 1156.171 1312.2158 1499.1663 1177.0181
 59 1146.817 1159.5918 1528.9543 1311.6791 1528.0452 1152.098 1309.6658 1166.5371 1081.6624 1184.7797 1525.6082 1313.1898 1203.9076 1135.7085 1522.5245 1334.5109 1142.4078 1170.5096 1312.6174 1525.1682 1196.4235 1319.3422 1182.6884 1526.9955 1110.1165 1309.4883 1146.431 1527.2675 1148.4615 1525.0299 1250.2155 1317.8417 1168.9915 1522.1311 1176.1102 1185.7241 1152.3601 1314.422 1524.3682 1175.7725 1529.3762 1148.7603 1310.4852 1048.6675 1164.5087 1152.9176 1171.8716 1519.039 1096.7543 1074.6251 1523.071 1187.7747 1313.0066 1526.8181 1107.9093 1174.6146 1521.9285 1129.5242 1065.0939 1177.9042 1526.5261 1111.3143 1105.3535 1310.2024 1527.719 1144.9747 1168.9677 1312.2084 1526.9891 1128.036 1169.2416 1310.5994 1321.2091 1171.9484 1523.6274 1183.1372 965.8303 1524.9796 1313.9269 1132.5542 1166.594 1307.663 1150.9125 1525.9038 1318.0557 1221.5016 1526.5186 1174.4747 1310.9849 1053.4296 1035.0822 1529.9856 1155.5651 1169.9584 1115.7448 1519.8113 1311.2439 1197.0859 1162.0282 1524.0851 1146.016 1314.3018 1101.2711 1527.3726 1173.2887 1190.3475 1313.999 1528.0907 1165.7653 1210.9354 1326.1115 1522.6641 1520.9675 1127.3173 1009.2317 1183.3425 1525.9539 1223.9812 1159.4436 1311.7316 1314.4916 1523.9016 1089.3535 1160.2699 1173.846 1526.5679 1181.6289 1314.7172 1524.5737 954.2909 1308.8477 1167.6321 1158.2657 1135.6763 1524.8911 1312.642 1313.9519 1114.6057 1090.2737 1521.2006 1519.6718 1159.5731 1071.202 1153.0525 1159.1118 1527.1475 1221.8846 1308.87 1312.3124 1171.6042 1529.3579 1101.9341 1191.1516 961.68115 1520.663 1080.0704 1132.3966 1206.0681 1170.9987 1520.4585 1174.1946 1183.5547 1519.1774 1104.7788 1528.1554 1318.6433 1142.7684 1134.8972 924.39417 1446.9197 1518.1349 1075.6927 1108.5259 1058.9795 1177.3768 1519.8868 1157.2434 1027.708 1311.2981 1526.8469 1520.3251 1171.2295 1127.5558 1035.6875 1166.2954 1310.6858 1147.302 1521.1086 1311.7721 1154.8927 1161.093 1524.7482 1062.1353 1321.7886 1080.3116 1523.9028 1523.5652 1311.0406 1089.8816 1163.4912 1522.4557 1319.4807 1095.7008 1153.277 1522.7773 1121.0721 1319.0189 1201.9795 1140.5453 1109.2957 1520.1555 1170.7041 1169.3224 1524.0306 1213.6561 1315.8319 1174.8712 1524.2975 1141.3563 1313.3646 1526.8616 1097.7386 1310.9287 1185.6956 1124.4542 1133.4072 1310.5269 1525.1554 1102.7969 1315.5482 1041.8992 1522.4672 1312.5625 1152.0996 1134.3945 1524.3171 1143.6388 1107.3998 1107.5392 1520.8945 1182.8044 1313.1127 1528.8251 1146.261 1526.6987 1180.9595 1310.2834 1099.4824 1525.939 1307.7726 1144.5576 1166.4813 1320.7664 1205.6569 1181.8925 1523.6364 1520.9727 1312.3999 1148.5726 1167.2966 1313.067 1157.0911 1525.6025 1177.9906 1522.9381 1140.9419 1147.5455 1311.8739 1272.4712 1327.8438 1528.0779 1169.9169 1065.0466 1526.3593 1096.0212 1318.9392 1138.7606 1313.1903 1167.3412 1522.6398 1159.1846 1224.7732 1521.421 1173.4957 1520.2937 1179.1296 1145.3492 1158.9255 1044.512 1520.8988 1066.7738 1176.2401 1154.1544 1323.8593 1130.0156 1542.1127 1521.0885 1144.1812 1318.6316 1224.0104 1233.6132 1538.8221 1163.3079 1329.5564 1525.6703 1173.017 1069.3387 1314.0427 1169.3448 1171.8093 1524.9047 1314.9229 1526.0416 1158.3323 1311.0057 1169.8337 1313.8914 1121.2482 1522.5758 1156.2823 1524.84 1318.3492 1167.2955 1169.9384 1520.0184 1169.3486 1112.1504 1062.973 1525.7882 1088.8505 1312.0101 1134.6909 1153.3531 1310.4722 1180.2963 1526.7069 1177.909 1313.7594 1524.9254 1179.5197
 60 1161.34 1174.0553 1541.6028 1400.6793 1542.0127 1176.1627 1407.2827 1188.8939 1094.776 1223.5233 1542.0737 1405.4236 1249.6523 1168.673 1543.7106 1451.4799 1160.649 1203.5876 1414.856 1541.8136 1229.6627 1410.8673 1198.5973 1541.269 1132.54 1383.0771 1167.7675 1541.3221 1177.9177 1542.2893 1269.6443 1435.1892 1181.1619 1542.7617 1186.3549 1196.2081 1168.1284 1417.2971 1540.9062 1184.9364 1541.9316 1168.9594 1392.5696 1061.5907 1180.722 1169.2646 1186.5465 1540.7328 1112.0769 1091.2185 1544.6156 1205.2437 1402.2346 1541.9442 1136.6953 1194.6029 1543.5343 1143.2401 1080.9165 1193.019 1542.0441 1128.8125 1136.6833 1389.5781 1542.0309 1157.4672 1193.8247 1409.0261 1541.5044 1157.1426 1197.0599 1420.6383 1426.9347 1194.8295 1541.716 1220.4078 980.5177 1541.3478 1419.9247 1148.5748 1209.4976 1405.5669 1166.7158 1541.4495 1424.531 1246.2734 1541.7651 1195.0513 1404.6528 1078.4329 1033.3602 1541.6316 1171.1954 1190.2241 1131.2916 1540.3658 1411.9574 1220.886 1177.9075 1541.4497 1143.9235 1418.4062 1123.3213 1541.5475 1191.6499 1218.3837 1405.6477 1541.8514 1202.5157 1254.5062 1442.6608 1541.6368 1542.2306 1141.2825 1022.97974 1199.66 1541.4365 1243.7336 1183.4258 1405.1189 1422.7963 1542.9889 1129.3934 1209.523 1190.2747 1541.1455 1197.0205 1378.3231 1541.2036 991.77094 1394.0929 1198.0375 1180.3312 1159.181 1542.0774 1416.339 1423.2822 1140.6584 1121.4642 1541.693 1541.1184 1174.3724 1086.1704 1166.9745 1187.1768 1541.738 1227.5793 1423.2976 1400.6927 1202.6932 1541.796 1118.2346 1209.8652 978.88605 1542.3555 1096.6251 1148.6884 1225.8129 1189.9863 1541.3428 1188.4602 1200.4141 1540.2913 1120.609 1541.2827 1434.0475 1160.7396 1143.5852 941.79626 1477.6824 1541.9366 1087.6775 1123.238 1072.5638 1194.7059 1540.749 1179.9482 1041.4226 1424.668 1542.0204 1541.1183 1187.3232 1142.2236 1051.7543 1205.5339 1403.4061 1170.0314 1540.282 1409.9929 1179.626 1197.253 1541.3785 1074.5067 1433.3184 1119.466 1544.2585 1541.064 1401.3187 1134.356 1192.5468 1541.5403 1442.2446 1142.8883 1198.8497 1541.7738 1171.2732 1428.559 1250.3978 1158.1682 1127.538 1540.8971 1190.8047 1201.2394 1541.4187 1248.864 1412.5309 1203.0071 1542.1776 1180.2257 1422.3473 1541.4745 1135.4097 1418.2347 1198.6599 1153.6627 1154.8239 1396.5864 1541.0608 1129.2262 1423.8942 1070.1892 1541.0215 1414.4656 1192.0046 1163.8022 1541.5383 1158.3964 1120.188 1128.6238 1542.795 1201.5208 1409.7181 1541.6387 1181.9589 1541.1523 1187.5206 1397.6997 1121.5304 1541.63 1394.5865 1166.2097 1193.3676 1416.5961 1253.6635 1216.4025 1541.809 1540.9294 1426.1902 1170.2253 1217.7355 1415.4089 1172.9032 1541.9658 1188.1537 1541.1964 1166.3607 1164.0779 1415.0391 1302.3862 1436.557 1545.4498 1184.0371 1083.4146 1543.9723 1115.2148 1440.2393 1161.8176 1426.0563 1207.2234 1542.736 1175.1742 1242.3483 1542.0164 1194.3774 1540.6193 1196.4205 1159.3364 1176.8896 1057.1255 1542.1764 1076.7643 1196.3253 1199.8987 1443.4938 1184.431 1545.6127 1540.8854 1182.8022 1440.2062 1248.0076 1264.101 1545.3231 1183.735 1438.9297 1541.6617 1196.4685 1086.667 1413.1064 1197.451 1197.4988 1541.5181 1435.1641 1540.8324 1176.3778 1414.2084 1198.1315 1407.9906 1146.0763 1541.6973 1196.0256 1542.6947 1424.171 1194.4932 1179.3099 1541.4302 1184.4608 1126.9792 1075.0668 1542.4344 1128.1786 1421.9991 1160.9775 1189.6187 1420.8329 1199.7666 1541.2191 1210.4958 1404.3336 1541.1558 1189.8607
 61 1099.3684 1111.7168 1450.3971 1274.5859 1451.4539 1112.6346 1272.324 1140.8875 1035.5961 1138.2375 1450.7814 1274.3674 1126.4127 1091.562 1463.93 1252.3237 1107.1804 1137.6906 1277.9221 1456.2534 1141.6019 1279.9783 1142.9946 1454.5972 1077.3782 1277.6414 1101.0863 1452.8098 1111.867 1456.9437 1155.2023 1265.189 1145.3049 1469.0039 1154.1552 1174.5314 1087.0247 1248.3342 1470.0845 1208.9629 1451.8228 1103.1865 1280.2623 1009.37506 1128.2632 1116.3585 1137.8777 1462.8824 1073.6274 1051.121 1467.314 1164.6274 1326.8824 1505.8094 1009.7979 1070.721 1470.2739 1099.8651 1035.1122 1148.4547 1453.5692 1072.6051 1084.8484 1282.0507 1450.3514 1101.9272 1134.1852 1275.378 1452.8491 1093.4359 1132.5046 1267.0682 1272.6532 1127.6742 1456.3058 1138.3907 926.46606 1453.421 1273.2677 1087.3676 1134.0745 1278.7538 1104.1956 1453.2633 1265.8591 1137.4386 1449.464 1137.4218 1267.4047 1016.26776 995.88654 1451.4883 1120.0602 1153.1687 1083.4377 1466.3552 1280.7522 1150.0892 1129.3677 1456.4971 1097.0927 1269.4395 1060.4849 1452.0975 1132.3754 1138.1338 1273.3252 1449.7346 1117.4188 1137.3715 1252.1141 1461.5468 1465.7769 1099.3881 984.166 1164.2782 1451.4996 1148.5708 1116.5674 1274.6161 1275.7104 1462.4043 1056.4342 1130.6195 1137.7681 1456.0621 1144.6227 1287.2306 1459.2645 934.42334 1287.453 1144.1783 1120.0449 1099.2927 1455.0469 1273.6571 1279.1104 1083.4326 1057.4515 1463.0798 1464.4229 1125.4607 1038.3098 1122.379 1116.5867 1453.2864 1169.8994 1265.2289 1276.3751 1133.1647 1449.056 1055.9304 1158.476 932.754 1462.8727 1046.3026 1095.9082 1159.1508 1137.5944 1460.7344 1139.0826 1161.6779 1465.4513 1072.4025 1453.3644 1271.2717 1104.2008 1097.1078 866.98303 1323.0426 1446.757 1049.4093 1076.2195 1027.8041 1148.0891 1464.9312 1121.4305 990.4649 1263.0215 1451.497 1465.1604 1154.6168 1094.7996 1005.36707 1141.8495 1289.0464 1110.3435 1463.2267 1277.9277 1118.4574 1118.8103 1453.4222 1029.9078 1269.9281 1045.5087 1466.1377 1459.5723 1286.7297 1068.0697 1131.3286 1459.7206 1249.2437 1064.5044 1129.065 1455.7542 1075.7539 1259.5806 1129.6587 1108.9246 1082.7922 1462.8356 1153.6118 1127.4243 1454.2709 1139.9626 1268.722 1146.7831 1457.5378 1107.8179 1273.3385 1452.681 1061.2821 1265.4445 1158.2397 1083.4479 1091.3474 1281.6761 1454.8103 1074.1765 1278.4519 1017.8266 1459.9191 1278.5276 1124.5424 1103.0228 1457.1519 1107.741 1077.5876 1072.6052 1468.6252 1155.384 1277.1666 1453.3381 1111.6718 1455.043 1139.3665 1279.4241 1065.2378 1454.8158 1282.452 1110.1846 1134.6461 1270.7871 1129.403 1133.2294 1455.6052 1464.4025 1277.7837 1115.7303 1129.1538 1268.92 1118.7916 1453.0148 1154.4938 1458.18 1100.0448 1114.2622 1279.9326 1149.4061 1258.293 1457.8055 1127.0624 1035.6256 1457.2819 1071.0837 1263.2645 1104.2758 1279.897 1139.9598 1461.3844 1129.1577 1162.8652 1467.9081 1145.5574 1462.398 1159.3617 1109.8396 1124.4446 1024.3538 1466.6229 1043.7595 1158.3037 1130.1842 1275.3806 1131.6863 1454.3308 1461.6271 1104.4828 1258.4058 1152.0134 1145.7821 1478.7594 1121.4506 1261.1095 1452.5083 1147.6849 1029.178 1276.4141 1128.187 1135.9315 1456.2172 1261.6724 1455.1187 1127.9807 1272.1666 1145.5203 1285.2108 1085.09 1458.7266 1130.3628 1455.38 1275.8352 1125.1063 1135.3423 1467.6628 1137.2134 1078.9199 1033.5278 1453.3539 1058.565 1268.6129 1104.9553 1109.9358 1261.3256 1150.1298 1452.0636 1144.9763 1281.5446 1455.2096 1144.7014
 62 1185.9216 1193.7513 1588.2341 1353.934 1594.4208 1189.4916 1355.0165 1228.2101 1114.1747 1254.0546 1599.059 1357.2238 1290.4137 1173.5742 1610.3177 1366.8556 1174.602 1193.5344 1349.0626 1598.3951 1240.0005 1345.575 1214.9348 1584.2305 1142.5842 1353.818 1183.1624 1590.5653 1157.031 1595.4529 1223.7172 1365.2249 1201.3248 1608.1179 1200.422 1213.1714 1173.5862 1385.0785 1597.8052 1154.1718 1588.5951 1183.9857 1344.8848 1076.6501 1208.8833 1196.2964 1212.0391 1594.1494 1116.7478 1102.5762 1615.3381 1221.8088 1408.1841 1622.365 1034.4243 1093.5652 1611.0596 1162.7924 1094.1147 1203.0796 1599.275 1142.2305 1115.5553 1354.5017 1595.6781 1181.8523 1229.9333 1350.8942 1535.7343 1071.438 1095.0549 1353.6862 1354.0895 1202.5919 1597.4292 1247.4891 920.4744 1582.8252 1415.6871 1043.5569 1186.7894 1342.6935 1189.6881 1592.0306 1356.283 1243.619 1593.6646 1202.8071 1349.2773 1081.8685 1060.5684 1586.3867 1195.9872 1213.5265 1158.1946 1586.6338 1347.207 1225.9128 1195.2723 1596.9696 1183.312 1352.1108 1135.901 1589.011 1210.7778 1227.0312 1352.3909 1594.6285 1194.8093 1259.7305 1377.286 1596.5892 1604.9448 1162.4135 1040.1057 1221.2019 1592.7826 1235.2046 1192.6982 1349.8264 1353.4341 1605.1947 1119.7747 1174.7485 1210.9471 1589.3589 1217.3737 1352.8029 1590.2472 972.9578 1341.5842 1227.9126 1200.0308 1175.2365 1600.8744 1356.088 1339.6133 1146.8168 1116.0696 1600.2312 1598.7832 1206.1183 1107.6078 1187.0034 1186.9883 1593.1287 1210.3073 1355.8992 1344.585 1200.2148 1589.8859 1137.5205 1221.1998 983.9152 1604.644 1105.5197 1161.2545 1225.41 1192.4617 1599.8931 1206.0591 1204.3877 1585.372 1146.3746 1582.6798 1342.9425 1164.2798 1156.9742 941.5335 1474.0933 1587.6782 1127.9368 1153.8612 1096.894 1211.215 1594.0956 1174.6478 1055.8444 1361.2983 1597.9569 1598.3501 1224.7793 1171.2394 1074.7675 1234.0127 1342.8467 1159.042 1588.5328 1346.5812 1190.9885 1198.9237 1593.942 1097.21 1357.1077 1103.4792 1610.5479 1592.6053 1340.3087 1105.2968 1193.4596 1601.7181 1364.8827 1126.2231 1177.0103 1599.1066 1152.2762 1364.27 1265.29 1174.6984 1133.918 1595.4854 1218.5438 1206.2367 1594.3862 1248.7377 1355.2369 1238.0192 1600.9648 1165.7603 1353.2485 1592.7987 1120.5479 1354.1855 1220.1367 1160.4155 1169.3108 1347.0938 1590.2222 1121.8749 1339.9249 1058.0192 1592.5875 1346.9275 1166.2859 1157.7498 1596.4146 1170.8479 1136.8151 1140.6084 1608.1985 1214.116 1338.91 1583.7474 1167.0935 1584.963 1215.8995 1343.8342 1128.3228 1595.0514 1349.1564 1179.4979 1190.3861 1354.564 1257.75 1195.7699 1596.852 1596.4811 1344.1483 1173.2764 1184.3901 1360.2896 1192.9412 1597.4641 1222.8833 1595.3679 1177.3651 1191.6085 1347.4263 1258.8264 1377.6306 1611.9625 1181.6726 1085.4359 1605.8578 1023.53143 1466.8535 1163.9442 1343.0878 1181.4187 1605.9954 1180.6062 1232.4541 1603.1115 1206.6696 1573.0826 1143.0677 1113.5051 1157.6965 1166.415 1590.5157 1072.8601 1153.8516 1232.6129 1350.0227 1203.1868 1592.9066 1592.4183 1184.6414 1355.9171 1235.0474 1279.2062 1616.8826 1187.9178 1345.7576 1594.3145 1225.509 1104.7664 1352.1266 1201.096 1205.3702 1595.5961 1356.5182 1589.0824 1182.6731 1349.3866 1191.3425 1347.3229 1149.6381 1600.9713 1176.5677 1603.618 1359.4897 1209.8501 1209.2949 1601.5833 1204.447 1148.6328 1094.5798 1601.3824 1100.3969 1356.5889 1160.1448 1189.7937 1356.6127 1220.7833 1590.2495 1277.8027 1337.9293 1588.0676 1204.7373
 63 1150.128 1159.0885 1539.4712 1270.2804 1535.522 1149.6957 1266.1544 1210.6772 1068.9983 1177.1575 1534.9586 1267.0209 1146.0686 1105.8181 1522.438 1230.6366 1141.7692 1183.2621 1264.0061 1533.974 1197.439 1267.0385 1221.1371 1534.529 1108.8297 1277.9377 1142.3159 1540.301 1120.0787 1526.3723 1222.6104 1257.8472 1172.9182 1523.1458 1176.9469 1232.0405 1123.3429 1259.3773 1537.5369 1251.6245 1538.6937 1144.3975 1269.5947 1053.7789 1170.5428 1156.8644 1174.6472 1534.3998 1086.8546 1072.1907 1518.6017 1192.8906 1296.1735 1528.6078 996.7115 1088.8446 1518.0802 1120.9838 1057.8962 1180.8418 1534.0311 1101.3839 1078.2124 1273.0358 1535.733 1144.8558 1206.3817 1265.2501 1500.4111 1046.567 1097.1901 1261.0673 1255.9036 1161.2515 1533.2506 1185.3579 907.4996 1525.9602 1276.1447 1039.7429 1159.372 1265.7246 1151.8567 1537.9095 1262.4371 1211.8696 1536.0757 1166.6912 1268.6542 1046.3942 1040.2423 1539.816 1161.0522 1222.9156 1129.5189 1534.3947 1261.7151 1222.5963 1164.6957 1533.1559 1156.3276 1262.4027 1098.216 1538.8932 1173.9337 1221.9404 1270.6125 1537.3184 1168.7468 1171.7566 1245.7902 1528.2832 1527.1754 1130.3114 1011.3712 1220.2865 1536.4352 1215.5813 1151.0804 1266.8236 1260.4496 1528.3127 1068.3531 1135.7263 1178.4324 1539.2087 1195.152 1282.4126 1536.3782 931.73846 1265.8105 1193.2399 1156.8446 1138.2302 1530.3289 1262.5563 1267.7135 1107.8141 1081.9742 1531.5004 1525.6296 1173.3215 1064.136 1136.9169 1155.1929 1534.4202 1240.8032 1261.0044 1267.0522 1166.2518 1540.2921 1101.2705 1236.0985 954.7686 1528.0424 1073.8994 1118.6012 1216.6539 1151.648 1530.5305 1176.457 1230.1276 1535.3702 1110.6206 1540.7924 1262.1201 1131.5919 1130.5416 886.28516 1346.7927 1539.8569 1113.927 1119.5408 1061.5242 1178.1373 1534.2747 1146.7251 1021.63824 1264.0204 1536.075 1532.0135 1215.6802 1133.1062 1039.514 1186.4215 1261.5604 1125.0541 1537.3225 1262.5745 1152.1746 1147.5333 1537.321 1056.0366 1270.0657 1055.2621 1518.0999 1535.6094 1262.1708 1058.2013 1150.106 1534.6437 1251.1301 1066.2269 1119.3391 1532.3564 1082.7306 1254.61 1167.1757 1136.243 1098.4092 1532.6027 1190.5952 1161.678 1534.698 1198.2432 1281.955 1199.6649 1529.6093 1118.7133 1259.3921 1537.7021 1076.7529 1262.235 1217.2806 1116.0684 1138.7047 1271.8525 1539.0479 1085.9059 1254.2958 1021.28253 1537.1699 1260.3707 1128.5548 1116.5746 1534.5721 1155.2555 1102.9113 1100.3206 1520.7703 1219.0631 1260.6166 1540.612 1126.6938 1539.9391 1189.8812 1266.1444 1094.1708 1537.1333 1269.9822 1141.5588 1159.0106 1259.5392 1173.8938 1156.4933 1534.3291 1528.6328 1255.196 1141.9583 1169.7573 1264.5192 1155.714 1536.116 1221.6997 1535.2065 1138.7448 1156.4619 1264.8137 1191.7316 1293.3408 1511.4548 1144.6757 1032.8887 1521.4476 1030.776 1229.932 1120.7853 1253.9254 1141.4231 1527.6781 1152.4313 1218.8756 1526.6354 1177.7903 1515.4375 1244.2095 1094.7456 1137.7542 1127.1735 1506.5464 1061.7612 1218.5742 1155.2605 1248.3119 1128.0261 1524.0209 1533.6727 1136.3934 1272.4203 1207.551 1182.7528 1490.4745 1139.0765 1279.491 1535.7566 1212.3882 1067.6235 1263.5403 1154.8807 1164.0616 1534.7872 1255.1246 1539.5994 1156.6525 1263.7607 1178.9833 1264.4993 1110.6814 1531.4077 1129.6278 1529.6147 1263.5084 1162.8987 1174.9065 1528.933 1172.8282 1103.9518 1056.1382 1531.9285 1051.5206 1259.6764 1120.2769 1148.355 1285.1547 1218.7385 1538.6832 1187.6859 1262.0292 1534.0215 1205.4863
 64 1126.9054 1137.1216 1501.2123 1255.3499 1499.1074 1130.637 1252.7865 1191.1831 1052.4971 1165.8967 1497.819 1255.3496 1139.9794 1093.4619 1488.8641 1238.611 1120.7595 1133.0837 1253.8855 1502.9385 1182.859 1261.6967 1174.5437 1503.2981 1091.1375 1259.0208 1118.8064 1503.2441 1110.9999 1493.9843 1202.7498 1252.7642 1161.1119 1489.8364 1163.2318 1214.4999 1105.4476 1252.655 1499.882 1232.9944 1503.0865 1123.6863 1256.1124 1035.6493 1147.689 1133.5554 1155.0891 1496.5093 1074.6467 1060.9292 1484.9797 1184.084 1276.0446 1496.6489 977.89136 1036.9598 1489.5679 1104.6428 1041.1488 1140.1726 1497.0513 1082.4541 1070.3822 1257.7722 1496.9265 1125.1951 1158.6908 1250.1558 1497.4963 1030.8147 1060.5857 1257.4966 1250.7883 1114.3971 1502.9276 1168.0043 893.6555 1493.8812 1261.55 1025.4056 1123.2021 1252.4952 1129.723 1506.3125 1253.9154 1190.8048 1499.1606 1151.5402 1254.2311 1029.0316 1022.9161 1503.4823 1138.9417 1199.1118 1106.6583 1498.2535 1251.9718 1200.6193 1117.5326 1495.4021 1131.5847 1251.2985 1079.7288 1501.412 1155.3854 1198.6307 1256.4266 1500.0968 1129.5775 1159.9545 1240.0327 1500.7234 1496.4203 1113.1536 995.4546 1182.0361 1499.0352 1195.1426 1131.79 1254.9592 1252.2202 1500.3163 1055.0195 1105.0142 1160.2332 1503.7219 1153.8048 1265.4219 1500.4723 923.0009 1255.5664 1179.3087 1139.2112 1121.5648 1496.5839 1252.8551 1260.4591 1093.1217 1068.6312 1496.2944 1491.7792 1145.7444 1046.757 1131.7083 1135.5717 1495.6328 1185.7451 1249.6792 1253.535 1126.7819 1502.8097 1082.9835 1202.059 948.69 1478.2802 1056.877 1092.3362 1193.1609 1106.4016 1494.1925 1152.1725 1208.351 1499.1052 1093.5869 1505.1652 1253.5641 1114.556 1114.296 896.2853 1390.6913 1498.1337 1075.7462 1097.7288 1032.4293 1129.6316 1494.9644 1095.6852 1003.3741 1251.8657 1503.1461 1496.3136 1154.966 1102.505 1015.3647 1175.5245 1254.9264 1114.8848 1500.2343 1251.8539 1134.1052 1127.1437 1498.4722 1042.524 1256.8156 1043.2192 1494.7528 1498.9888 1252.9458 1049.8807 1134.6847 1496.4419 1246.668 1051.4204 1091.4926 1477.1387 1065.1105 1253.0039 1130.3026 1113.6633 1075.0583 1497.9454 1152.9396 1144.8507 1503.5059 1181.113 1264.4048 1182.4025 1493.3861 1105.7952 1250.6991 1505.5167 1056.8148 1251.6573 1171.2102 1092.5881 1110.3296 1242.4841 1508.4834 1074.8654 1252.3027 1012.05475 1498.2195 1251.7152 1096.5715 1099.4374 1503.2759 1092.0577 1080.7666 1086.237 1488.5585 1201.1144 1252.0521 1504.1002 1113.2543 1502.6829 1168.2726 1253.0575 1078.1694 1503.4592 1255.541 1120.9576 1117.4402 1249.8123 1158.7177 1118.4927 1502.7123 1498.3054 1248.8837 1126.9744 1126.362 1253.8092 1135.8839 1501.3595 1173.7675 1502.5182 1122.3342 1139.3594 1251.9169 1178.841 1278.664 1493.7422 1134.765 1022.34015 1494.3522 1020.70044 1229.9266 1106.5776 1251.0774 1120.3173 1499.0557 1134.6777 1201.2142 1496.9958 1131.6486 1490.1969 1232.3817 1084.3411 1122.002 1102.897 1493.2264 1044.7926 1177.972 1132.4839 1244.817 1118.0834 1497.902 1503.4839 1120.1588 1258.8961 1190.6274 1176.0975 1491.6086 1132.6368 1275.1713 1498.4647 1194.0963 1046.3451 1254.0078 1105.0958 1146.8293 1501.3466 1247.09 1507.5895 1137.8945 1252.7189 1143.8019 1254.1655 1092.358 1493.785 1119.5283 1495.3129 1260.1483 1105.3461 1157.9373 1496.8934 1128.5138 1083.4395 1033.119 1496.6438 1041.5985 1250.5107 1108.5154 1127.2627 1262.1656 1198.4872 1502.3212 1168.4406 1255.6923 1501.7074 1148.2626
 65 1154.7317 1163.674 1542.6233 1309.6404 1536.9565 1163.0215 1304.4675 1202.1459 1077.0714 1203.8092 1535.7542 1305.878 1212.1614 1125.9404 1521.6952 1322.9177 1145.0276 1186.3585 1308.1111 1532.8142 1205.9556 1304.4897 1192.1807 1531.9149 1112.5751 1299.7225 1143.4366 1538.3154 1125.4396 1524.1508 1192.0656 1308.4579 1171.9113 1516.1051 1167.2292 1183.1644 1131.8516 1312.9911 1534.7305 1186.6764 1539.3164 1149.6139 1302.3163 1069.4736 1166.518 1151.989 1172.5055 1524.7606 1089.9506 1077.7196 1518.4357 1206.6171 1298.3997 1533.97 1001.51605 1080.0599 1515.9628 1121.1279 1076.5198 1159.6682 1537.442 1105.4509 1094.1842 1300.0387 1535.8779 1147.1606 1233.6306 1308.2635 1530.7026 1049.8694 1085.7291 1305.2443 1309.826 1148.5204 1530.1947 1214.6154 911.9597 1534.9907 1306.5955 1052.7887 1160.7633 1307.7148 1151.7013 1536.7428 1307.2616 1201.1725 1531.4962 1171.0629 1311.069 1053.8549 1037.9897 1541.4681 1159.0662 1201.7648 1124.2988 1529.2595 1306.6746 1194.5237 1158.6978 1531.1508 1147.7666 1308.7074 1103.0886 1534.7238 1177.2026 1200.4255 1303.3237 1535.8129 1176.5569 1217.6857 1318.5017 1525.2552 1521.3845 1129.0273 1010.3576 1206.4498 1536.9175 1205.117 1157.4819 1306.5033 1308.0459 1525.4774 1082.0391 1149.828 1180.8472 1536.3503 1176.2373 1297.7317 1533.258 944.98663 1299.5383 1207.7518 1162.5552 1151.2612 1530.8578 1305.335 1327.4635 1107.9669 1099.7506 1520.8405 1526.9814 1176.6799 1066.66 1150.2094 1173.1989 1536.2751 1244.73 1315.0 1309.1349 1170.1453 1541.0923 1106.983 1172.5796 972.5573 1516.2937 1065.0116 1113.6277 1200.658 1139.043 1525.6338 1165.0697 1197.5485 1527.7847 1116.834 1539.3234 1311.7505 1133.0375 1134.412 903.65643 1388.1758 1534.7043 1101.4559 1117.5625 1051.5378 1153.1288 1526.4323 1145.7988 1021.67975 1310.0886 1535.0883 1525.1304 1236.3319 1131.2178 1045.9321 1210.4847 1304.0792 1155.3763 1530.2338 1304.3662 1157.32 1155.797 1531.7976 1056.3424 1325.9501 1071.822 1520.261 1529.5253 1300.8555 1075.2758 1156.9167 1528.0869 1317.3676 1084.6017 1130.1754 1521.0588 1108.666 1311.9891 1192.1735 1140.4475 1106.6772 1525.9371 1218.8342 1169.7328 1532.2067 1210.2146 1313.4474 1197.999 1528.2458 1140.5842 1306.1195 1535.2273 1085.211 1306.7605 1214.7169 1125.2727 1149.0569 1320.0469 1535.8081 1093.5941 1308.4321 1030.4928 1526.3789 1305.1433 1129.5952 1120.8807 1531.047 1135.5819 1094.1948 1105.0321 1518.2657 1203.7344 1308.3568 1539.5922 1140.0162 1538.4559 1187.7148 1304.3226 1110.5054 1534.4027 1301.7152 1146.5348 1163.3293 1307.4485 1215.6434 1157.1605 1530.8252 1524.3109 1315.0095 1163.889 1165.6516 1304.1989 1158.597 1535.5706 1239.9464 1530.2385 1167.9785 1159.8567 1316.8483 1204.4331 1322.0767 1523.7878 1148.7498 1042.4257 1533.364 1026.6951 1322.9966 1129.4481 1312.0798 1154.9973 1523.9937 1148.4554 1196.8997 1518.5728 1158.5529 1524.7118 1178.358 1102.1361 1136.4161 1119.3188 1517.4612 1061.16 1223.992 1225.8536 1316.2549 1154.4288 1527.8049 1527.9363 1148.8948 1327.5624 1203.2699 1197.5957 1509.8893 1155.7986 1338.0079 1535.6913 1199.5435 1078.0969 1306.3475 1157.8059 1172.0463 1530.7736 1314.113 1535.1791 1156.2836 1307.4805 1173.1077 1303.3445 1140.2109 1529.9462 1143.9097 1529.1774 1301.6085 1143.2107 1175.4738 1522.0195 1172.8094 1100.681 1052.7162 1528.1362 1063.6791 1304.5225 1128.3024 1157.3356 1321.2598 1206.8334 1538.0712 1212.3503 1304.784 1535.1298 1179.9656
 66 1174.0603 1182.1584 1579.4224 1280.1843 1582.078 1167.3271 1284.2931 1203.7483 1083.2623 1173.6785 1585.373 1274.3397 1162.0771 1128.5481 1586.767 1242.3623 1153.0625 1135.5718 1276.6553 1584.0057 1171.6987 1273.4901 1182.7324 1578.9115 1126.2675 1296.7487 1163.4595 1578.4525 1124.4415 1582.7412 1210.557 1269.1515 1193.6384 1583.3898 1188.3728 1214.9174 1144.873 1272.5947 1577.5042 1223.201 1576.9904 1166.4581 1291.2184 1050.802 1196.8096 1181.2455 1201.1831 1578.4476 1086.9978 1075.6332 1587.2094 1186.7391 1289.0845 1587.536 1007.0249 1079.9365 1586.0243 1147.1101 1063.4368 1180.3401 1586.1323 1122.967 1079.6117 1293.3097 1581.7867 1171.5084 1208.2163 1282.8192 1586.7048 1033.4219 1075.7764 1277.4895 1265.0146 1137.3866 1583.9712 1168.6859 935.68634 1584.2155 1278.6028 1055.2178 1135.5088 1278.2104 1174.7678 1580.8604 1277.1658 1198.6294 1581.5795 1185.9515 1280.8977 1062.761 1059.4513 1576.3867 1185.4388 1193.4694 1148.2104 1576.6971 1281.2313 1199.0265 1171.6177 1583.349 1181.7657 1280.136 1119.9482 1577.0833 1197.897 1201.3407 1288.2017 1580.1332 1149.5638 1155.2157 1250.6145 1582.8583 1584.404 1149.8375 1027.9082 1203.7874 1581.7319 1200.7413 1171.4579 1278.818 1272.4198 1584.8258 1083.8937 1115.3088 1201.8727 1578.0089 1193.9723 1297.7678 1580.2072 934.25684 1282.2395 1168.6362 1184.5374 1141.246 1585.363 1280.2014 1242.7621 1122.4869 1073.3635 1582.123 1581.1666 1184.441 1090.7943 1172.8121 1163.284 1580.1039 1191.9567 1269.8112 1287.4581 1172.3242 1578.8307 1126.0494 1219.7787 940.8354 1588.381 1085.3386 1134.2863 1199.3627 1146.5292 1584.1747 1189.9612 1205.9594 1574.3452 1142.712 1575.4703 1280.6218 1146.8834 1142.6002 890.3006 1329.8271 1578.3162 1143.8412 1147.0497 1078.3917 1168.5739 1579.2666 1142.8278 1037.8577 1279.3496 1583.4557 1580.9827 1196.7296 1150.79 1054.772 1179.9343 1273.4436 1134.8898 1577.6342 1282.7515 1173.5759 1171.3041 1579.575 1086.9751 1239.4625 1057.1893 1587.6367 1578.5847 1283.1267 1070.499 1170.0907 1583.5767 1252.3594 1071.3232 1085.7306 1588.0902 1084.5553 1248.9419 1177.4894 1145.4326 1091.9087 1581.7653 1158.968 1176.4332 1582.2825 1175.2842 1265.2711 1192.2126 1584.8265 1127.2063 1274.1072 1581.4622 1084.6749 1281.3289 1205.3497 1136.7396 1141.9186 1292.7389 1578.5593 1097.8536 1271.2123 1029.2319 1578.6674 1279.7444 1115.3059 1127.076 1582.4412 1159.0061 1118.6343 1125.7332 1585.5742 1186.4119 1280.9987 1575.1605 1139.209 1576.7136 1216.9462 1287.1597 1103.642 1581.2808 1287.3854 1158.1915 1141.6115 1267.6598 1157.009 1128.4922 1583.7244 1583.5276 1252.5554 1161.8799 1145.4895 1284.1954 1177.2621 1582.1068 1198.7676 1580.8184 1148.647 1181.8964 1271.1621 1180.5848 1246.4065 1592.545 1154.171 1040.8916 1591.4447 1009.0844 1256.8163 1116.8256 1265.559 1133.0114 1586.5819 1158.7714 1201.6147 1582.159 1166.7402 1578.9617 1208.4832 1126.4741 1155.641 1124.4974 1586.6498 1071.9542 1174.1036 1162.3519 1256.8129 1153.292 1583.4012 1580.2026 1151.0671 1232.5963 1190.4174 1165.9529 1581.3025 1161.7504 1232.6304 1582.5228 1200.6147 1080.2474 1280.8114 1146.1057 1182.8346 1582.2073 1265.8572 1578.7886 1164.9553 1280.8978 1161.733 1282.4401 1107.354 1583.3252 1142.9976 1586.1569 1277.3966 1167.6178 1203.5719 1581.5435 1175.7397 1126.1433 1073.0261 1585.0535 1057.465 1278.0847 1136.9438 1160.3938 1264.4144 1200.9962 1579.5817 1182.5118 1283.848 1578.2704 1200.0266
 67 1147.871 1155.0374 1536.998 1250.8181 1536.4003 1152.4355 1244.2743 1171.9808 1059.2869 1145.3907 1536.859 1242.4039 1130.6631 1100.4578 1533.5535 1207.4664 1126.3448 1105.2952 1238.9119 1536.7942 1143.2952 1240.8203 1166.9037 1537.2141 1103.9064 1261.1332 1135.2544 1537.1394 1103.7008 1535.0276 1182.792 1229.8569 1172.2078 1533.4851 1168.1392 1190.1115 1121.1511 1237.6257 1537.2263 1218.0702 1536.1343 1139.9027 1256.7648 1069.7662 1170.0049 1154.308 1174.9799 1536.3142 1069.0521 1056.1257 1531.6146 1166.9479 1247.8881 1535.4209 981.6923 1050.0242 1531.5066 1122.2986 1079.8523 1158.5844 1536.914 1097.3142 1082.6095 1257.8751 1536.0864 1144.2836 1169.6389 1243.8628 1536.0221 1042.7072 1055.5721 1234.449 1228.2411 1114.3862 1536.5752 1136.3789 912.82404 1536.6812 1237.9426 1049.3151 1117.7444 1244.9691 1145.9379 1537.2222 1238.3569 1165.34 1536.5732 1162.4233 1247.6598 1039.9115 1039.9415 1536.4535 1159.5447 1178.5664 1123.8812 1536.8212 1244.6029 1193.5592 1144.9141 1536.3336 1156.4414 1242.4791 1094.7231 1536.5581 1171.6906 1168.8231 1250.7225 1536.3092 1123.3141 1126.0688 1209.9045 1535.8608 1534.655 1127.0647 1007.3472 1188.3732 1536.897 1172.0917 1145.0903 1249.6149 1235.6116 1534.993 1057.6604 1098.0095 1177.6388 1536.8319 1175.0815 1266.0435 1537.188 916.9334 1251.0981 1164.1707 1157.4219 1153.1665 1535.5063 1241.677 1205.0176 1102.2496 1084.0243 1535.6444 1535.7577 1169.6371 1065.8706 1149.543 1134.6964 1535.8499 1152.4749 1236.1237 1252.9122 1149.0754 1536.9286 1099.2958 1189.0737 976.77826 1531.7943 1062.8448 1108.5269 1170.0103 1128.2112 1536.1786 1165.9642 1180.3373 1536.6654 1119.2388 1537.1885 1246.586 1125.1613 1132.2837 869.20447 1292.7598 1536.841 1119.3479 1121.8726 1055.1118 1149.2634 1536.8066 1110.8279 1013.88763 1236.7532 1536.999 1536.2319 1156.981 1119.7852 1026.9348 1152.6489 1243.7728 1139.5026 1537.1852 1247.1155 1147.5042 1140.6051 1536.5787 1060.2677 1204.02 1032.9009 1532.1923 1536.3801 1250.6102 1048.7727 1144.3193 1536.9883 1217.7366 1046.5643 1074.288 1537.1246 1065.4159 1226.8477 1150.3823 1121.5288 1072.743 1536.6115 1144.4574 1148.0223 1536.6592 1141.8623 1230.3402 1163.4508 1535.6478 1123.6267 1238.4062 1537.2147 1058.6897 1240.5782 1187.6454 1109.8071 1156.9763 1256.4125 1537.0668 1077.3932 1238.4702 1010.1882 1536.7726 1243.8846 1100.9778 1104.1858 1536.5105 1127.1973 1092.3606 1135.1233 1532.5643 1190.1675 1247.5574 1536.8906 1117.6805 1537.2283 1191.5138 1253.4385 1092.649 1530.2357 1249.1611 1130.1525 1121.747 1230.332 1123.4878 1104.2614 1536.4425 1535.7982 1214.9146 1168.6357 1116.2733 1244.5674 1149.1572 1536.8063 1159.9983 1536.4746 1148.4669 1155.6482 1233.2483 1151.9896 1209.0715 1531.3268 1133.2628 1025.9326 1533.2997 1038.0568 1208.9879 1123.8999 1231.8354 1107.2335 1535.0695 1139.7144 1173.0424 1534.2765 1150.931 1536.102 1184.6731 1103.9027 1131.9382 1102.8729 1532.6855 1050.2562 1158.3445 1131.0071 1224.5472 1133.1624 1536.8713 1536.6765 1123.8162 1200.9592 1160.8116 1131.0942 1519.6307 1130.2665 1194.3722 1536.7782 1172.3375 1072.5046 1243.0844 1123.6927 1157.886 1536.5249 1226.6674 1537.3915 1146.3655 1243.9469 1149.6553 1248.7076 1111.5581 1536.1053 1120.6959 1534.9264 1239.7256 1142.3323 1178.645 1534.7739 1151.6501 1099.146 1049.1196 1535.9492 1034.6267 1236.9485 1114.0698 1131.6682 1226.2751 1172.2323 1537.3773 1149.4362 1248.8817 1536.7021 1182.1434
 68 1152.6416 1160.0142 1532.7106 1341.1718 1531.9785 1167.9526 1342.3074 1186.2598 1073.9895 1181.7191 1532.8705 1338.9237 1181.456 1135.085 1532.6371 1376.3485 1137.5265 1135.454 1345.924 1535.5088 1174.7258 1347.21 1181.5602 1536.068 1119.0444 1326.9807 1145.5941 1533.9818 1130.7335 1533.1932 1184.2268 1362.8257 1177.016 1532.6791 1170.8226 1190.4171 1138.7554 1357.4026 1535.2194 1205.9895 1533.1289 1150.4727 1331.762 1072.3159 1173.2622 1158.004 1177.948 1535.1533 1080.4662 1068.0951 1531.3419 1181.0569 1339.1667 1533.8844 1006.3517 1071.2065 1532.9431 1127.8589 1091.2306 1168.2555 1532.7189 1105.8323 1114.6993 1331.3131 1532.4241 1146.5543 1188.339 1341.8785 1534.2137 1067.9822 1084.0359 1352.6259 1352.1364 1133.3877 1535.1088 1172.1848 910.2125 1532.6569 1355.509 1046.1754 1158.3822 1342.3337 1150.6029 1534.9261 1353.9143 1175.8463 1533.3081 1176.5244 1343.1718 1059.1508 1029.1774 1532.6578 1162.8163 1186.4989 1126.7318 1536.4613 1347.4204 1204.9281 1154.892 1535.0563 1141.2543 1351.2366 1109.0477 1533.9961 1181.4056 1185.314 1340.6941 1532.9235 1166.8065 1173.6603 1361.4985 1535.307 1534.8271 1132.4794 1013.57544 1195.9957 1532.9767 1178.8857 1161.2313 1344.8558 1352.4606 1534.395 1095.1416 1149.5164 1185.2891 1535.421 1180.2759 1325.2649 1534.6351 951.59143 1331.248 1188.0555 1170.2991 1170.511 1532.6053 1349.4073 1347.207 1122.453 1120.5642 1535.0552 1534.3083 1173.5759 1069.9054 1153.5848 1162.2808 1534.5901 1156.3463 1355.1846 1340.1763 1173.6782 1534.0494 1106.8455 1193.62 989.3423 1530.793 1071.3969 1114.7446 1177.5372 1139.5511 1534.6721 1168.253 1187.092 1536.8293 1124.2208 1534.6031 1352.4883 1130.4888 1134.4116 918.7956 1427.463 1542.1833 1099.4227 1124.6395 1056.0493 1155.3738 1536.5593 1131.5087 1020.60443 1354.1641 1534.9547 1536.6227 1166.0675 1123.4551 1033.8362 1189.6962 1341.6793 1171.0227 1535.9243 1345.0664 1163.3226 1167.6233 1533.759 1061.8215 1355.2848 1080.3184 1532.6107 1534.4521 1339.0135 1090.9976 1166.2883 1535.1993 1366.8307 1097.5956 1123.0372 1531.373 1120.1265 1358.6143 1196.9102 1131.0836 1086.1246 1536.0939 1161.3811 1176.0269 1534.6732 1168.7108 1343.3573 1185.4098 1532.67 1164.6768 1353.4272 1535.2733 1088.9418 1349.9971 1190.2385 1129.1614 1168.1896 1336.858 1535.114 1099.8558 1354.2057 1038.9712 1534.4387 1347.7234 1140.6204 1128.9326 1535.1302 1135.897 1097.1415 1146.7084 1533.2513 1200.9606 1344.3243 1534.5883 1149.0509 1534.2366 1187.1531 1337.5116 1110.1212 1534.015 1334.5339 1148.1113 1148.4763 1342.3462 1170.0325 1142.1914 1534.9022 1535.8125 1359.0955 1154.4509 1162.078 1349.5123 1157.1162 1535.2711 1165.1613 1535.2428 1170.3407 1164.5726 1343.1744 1176.938 1359.2172 1532.039 1141.2223 1051.0768 1530.8007 1039.2472 1382.0215 1146.9125 1357.5841 1152.1018 1534.2994 1149.0104 1178.1299 1534.7333 1160.9219 1535.496 1193.9093 1108.569 1141.7946 1108.1985 1533.5575 1052.9968 1174.8358 1179.6703 1352.7557 1156.569 1535.4375 1536.1552 1162.5381 1359.1747 1172.9169 1165.1857 1531.244 1162.9149 1363.7372 1532.881 1186.2762 1079.1932 1348.1941 1146.4939 1178.8834 1535.1521 1360.4542 1535.9047 1157.7004 1348.315 1173.2615 1342.4514 1129.4373 1533.4882 1157.0656 1533.9591 1355.425 1160.5918 1177.5992 1535.4554 1160.6858 1103.663 1052.4094 1533.1034 1073.4719 1350.4905 1135.8135 1163.1614 1349.1823 1183.5498 1534.2495 1169.4401 1341.6055 1535.81 1180.3859
 69 1156.9769 1165.3978 1540.0524 1351.1002 1539.7375 1172.9459 1352.632 1192.155 1076.995 1187.0913 1539.7599 1348.8687 1187.0717 1140.103 1539.1948 1388.9585 1147.7094 1182.6031 1358.0557 1541.2937 1179.7278 1356.4487 1189.1836 1540.6812 1122.1443 1334.9518 1149.8983 1539.8118 1135.1707 1539.3699 1187.951 1374.2346 1180.2108 1539.3297 1173.676 1193.9591 1143.1257 1366.5043 1540.3094 1209.338 1539.9148 1155.4922 1340.4534 1076.2091 1176.6035 1160.829 1181.8414 1540.0045 1083.4055 1071.5538 1538.6674 1184.4163 1350.0465 1540.8385 1013.238 1089.49 1540.9681 1131.9092 1095.536 1170.1661 1540.3325 1110.3806 1119.0374 1340.2388 1540.0939 1151.3076 1201.8826 1352.545 1541.1445 1071.0955 1081.0586 1363.357 1362.9946 1141.8875 1540.5695 1178.2804 914.1593 1539.1989 1366.1829 1050.5934 1162.6431 1351.0916 1154.569 1540.1262 1364.2518 1180.1149 1539.0087 1180.449 1352.6012 1063.8578 1033.5211 1539.8634 1166.2644 1190.4534 1129.7365 1540.6702 1356.9861 1209.5367 1160.3015 1540.8274 1144.5543 1361.3408 1113.3153 1539.874 1185.8301 1190.7914 1350.3539 1539.9005 1177.5872 1179.859 1374.5631 1541.2477 1541.0024 1136.6349 1017.46826 1204.4858 1540.247 1182.9495 1166.1646 1354.2172 1363.8379 1540.8301 1101.2612 1161.7219 1189.0999 1540.5289 1180.3857 1332.1836 1540.7051 954.0642 1333.5686 1192.0413 1174.3516 1174.5287 1540.4927 1359.9983 1346.5957 1125.1305 1121.8553 1540.6554 1541.0985 1177.8748 1073.5869 1156.9866 1166.3588 1540.0444 1173.7538 1357.2476 1349.6704 1187.0562 1539.2676 1110.0647 1199.874 994.8257 1540.2589 1076.0742 1120.8778 1182.2262 1150.9906 1540.0222 1170.601 1190.6232 1540.0643 1128.1075 1540.4203 1360.8408 1134.6088 1137.776 942.4635 1489.25 1540.7025 1088.09 1127.4606 1058.6074 1158.6982 1540.708 1142.2339 1024.5432 1365.4355 1541.0183 1540.675 1207.3094 1133.8859 1045.4292 1193.8856 1349.7748 1176.0499 1540.799 1354.1023 1167.2526 1172.6613 1538.9193 1067.715 1356.2953 1083.424 1540.5029 1540.0309 1347.6395 1096.2407 1170.8989 1540.4188 1378.5961 1103.359 1127.0929 1538.3403 1110.103 1329.1649 1190.4989 1143.1368 1104.0875 1540.4692 1205.5369 1175.8202 1540.5115 1167.5055 1328.841 1189.0355 1537.9386 1169.5 1362.8574 1540.7994 1095.7062 1360.2106 1203.5361 1130.7244 1171.198 1331.6892 1540.2999 1103.8638 1363.7059 1043.1462 1539.2316 1355.9912 1133.5135 1130.5736 1540.7823 1156.2124 1104.8654 1153.3939 1540.432 1205.051 1353.5171 1540.4957 1153.7864 1540.02 1190.5298 1346.3881 1114.171 1540.5443 1344.408 1154.1671 1162.3062 1354.0569 1178.8687 1161.4186 1540.462 1541.219 1371.367 1158.6779 1178.5325 1358.5818 1162.7378 1540.4933 1195.2714 1540.6174 1173.4474 1166.6132 1340.8859 1177.6296 1351.9199 1540.5203 1142.6708 1053.8096 1538.9193 1039.9487 1396.4644 1151.9554 1368.6117 1160.8433 1540.7937 1153.7443 1181.996 1540.8798 1171.426 1539.1992 1197.8517 1110.9697 1146.3453 1116.7421 1540.879 1059.839 1193.5728 1199.0016 1366.2217 1161.7303 1540.9873 1540.5195 1162.9844 1345.5447 1174.9882 1168.2272 1542.6483 1165.3801 1362.0253 1539.7301 1191.1265 1083.5107 1358.484 1167.6669 1185.0807 1540.664 1373.3026 1541.0441 1161.3038 1357.9899 1178.0632 1350.4601 1133.1614 1539.1978 1161.7837 1540.7704 1366.0834 1161.6677 1180.8541 1540.6501 1193.7306 1109.2754 1062.445 1540.5599 1078.8539 1361.0594 1140.2642 1161.3676 1331.7422 1185.0264 1540.0726 1174.8245 1349.84 1540.5793 1197.992
 70 1156.1312 1165.1622 1539.8795 1345.0193 1540.0231 1166.1173 1352.824 1191.9047 1076.1027 1185.8259 1540.0188 1345.569 1187.5166 1140.543 1539.9973 1389.5723 1146.7411 1172.719 1357.9071 1540.3622 1178.6539 1355.9983 1182.2435 1540.1897 1122.323 1335.2885 1150.1083 1540.0697 1135.3539 1539.888 1188.2095 1374.7274 1180.4509 1539.9495 1174.0829 1194.1738 1141.8649 1366.1493 1540.046 1200.7876 1539.9237 1154.663 1340.7927 1050.7123 1176.7242 1160.9485 1181.9309 1540.149 1083.9263 1071.7906 1539.9926 1184.529 1350.2256 1540.3427 1013.39594 1090.3618 1540.2539 1130.3213 1068.3074 1169.135 1540.1643 1108.496 1100.3457 1338.4678 1540.1757 1151.443 1202.9935 1352.9307 1540.3417 1049.7708 1076.7201 1362.1427 1362.7278 1138.07 1540.2194 1177.2289 914.6437 1539.9115 1366.7472 1046.9021 1155.6519 1349.9125 1154.0747 1540.1324 1364.8771 1180.5525 1539.9116 1180.8269 1345.7969 1063.2189 1034.192 1539.818 1165.6714 1182.7565 1128.2655 1540.1163 1357.6589 1182.018 1157.5283 1540.1893 1144.702 1361.8065 1113.5352 1540.1488 1185.997 1190.9137 1350.693 1540.0563 1173.2487 1179.3002 1374.1741 1540.2778 1540.3441 1135.7308 1016.69806 1196.9773 1540.005 1182.6676 1165.231 1349.1924 1363.4535 1540.2362 1100.8331 1158.3025 1188.9698 1540.1328 1176.6664 1332.0106 1540.1893 952.5439 1332.7822 1179.5912 1173.3656 1155.6079 1540.0818 1359.4579 1343.5326 1121.1443 1090.6947 1540.2104 1540.2224 1177.5629 1073.2905 1156.7524 1165.6713 1540.0314 1173.7661 1354.2383 1350.0328 1185.8773 1539.9235 1110.5602 1197.7542 962.3495 1540.2606 1072.3766 1120.8792 1182.3416 1150.179 1540.0844 1170.8195 1190.9358 1540.1992 1128.2703 1540.1018 1360.9265 1133.8143 1132.4258 942.81805 1489.3303 1540.1993 1087.6414 1127.3058 1057.6215 1155.7372 1540.2096 1141.4237 1024.303 1365.4873 1540.3041 1540.1561 1209.0242 1134.3691 1045.6582 1192.9333 1348.5057 1156.0145 1540.1696 1354.7762 1167.7598 1173.2515 1539.8666 1068.0015 1353.2906 1082.2296 1540.2401 1540.1472 1348.0269 1096.5422 1171.0104 1540.1837 1377.1396 1101.8136 1117.3134 1539.6854 1107.4773 1321.9249 1188.5928 1141.2765 1100.845 1540.1846 1196.3486 1175.3383 1540.2028 1166.9539 1326.8794 1188.7928 1539.7318 1150.1649 1361.335 1540.2273 1094.4108 1360.2384 1195.998 1128.273 1132.559 1330.4734 1539.8842 1104.1323 1364.2095 1043.341 1539.9291 1355.8073 1129.4628 1129.8041 1540.2643 1154.8527 1101.513 1105.8561 1540.246 1183.1124 1353.5403 1540.0068 1151.9606 1540.1011 1190.9285 1346.5541 1111.2205 1540.2255 1343.9976 1153.2058 1157.8676 1353.6056 1177.7643 1157.463 1540.2273 1540.3226 1371.155 1148.8987 1176.613 1358.8065 1162.8608 1540.2107 1196.1805 1540.1886 1158.6115 1166.3525 1339.7208 1176.3784 1347.689 1540.2539 1142.1306 1050.9377 1539.9928 1012.37915 1396.8121 1129.2552 1367.8907 1159.6061 1540.2761 1152.5948 1181.7955 1540.1757 1165.1794 1540.0201 1198.4294 1111.3248 1147.0632 1113.3021 1540.281 1057.836 1183.6926 1196.8837 1358.6514 1160.6986 1540.293 1540.1959 1162.3412 1342.9044 1174.6229 1167.3245 1539.911 1164.2234 1360.5719 1540.0131 1190.8746 1077.194 1358.826 1161.8398 1184.4633 1540.1848 1372.759 1540.2816 1159.3093 1357.2363 1170.5887 1350.9457 1131.9938 1539.9081 1162.0377 1540.2272 1366.1416 1158.6798 1180.4607 1540.1987 1191.8591 1108.8706 1061.8406 1540.2737 1079.1575 1361.2242 1140.4701 1161.2545 1330.8594 1185.0023 1540.1326 1174.4021 1350.147 1540.1561 1192.4612
 71 1157.4177 1165.8564 1540.9403 1350.9153 1540.067 1173.4796 1352.7771 1192.2814 1076.9984 1187.0859 1540.1788 1348.9658 1187.7676 1140.7719 1540.497 1389.6093 1146.8682 1177.5665 1357.6622 1540.0042 1179.3754 1356.2588 1188.0651 1539.9934 1122.8749 1335.5876 1150.402 1540.8724 1135.1597 1540.6079 1188.1693 1374.8973 1180.5347 1540.5396 1174.4451 1194.0691 1143.2318 1366.5103 1540.3325 1209.4325 1540.5353 1155.779 1340.7728 1076.0581 1176.7986 1161.0878 1181.8231 1540.6444 1083.9075 1071.458 1540.239 1184.0624 1349.9727 1540.6747 1013.5646 1090.6952 1540.0785 1131.4877 1092.7451 1169.746 1539.4615 1110.3105 1121.4314 1340.2122 1540.62 1151.204 1203.0712 1352.5946 1540.0482 1065.9694 1078.0271 1362.564 1362.9458 1142.1528 1539.894 1178.185 914.2035 1540.0308 1366.7725 1057.1572 1161.6902 1351.0276 1154.4124 1540.0414 1364.8514 1180.6334 1540.6366 1180.8475 1350.0432 1063.8223 1034.078 1540.6385 1166.4612 1194.9993 1130.5059 1540.6377 1357.0494 1202.8381 1159.3915 1540.5907 1144.8772 1361.7975 1113.624 1540.6277 1186.0294 1191.6318 1350.864 1540.8348 1177.1487 1179.7246 1374.4321 1539.8159 1540.0447 1136.0577 1016.9908 1202.02 1540.4185 1182.8838 1166.0696 1353.6567 1363.8312 1539.8463 1101.099 1162.7288 1188.9249 1540.23 1180.9819 1332.1119 1539.9603 954.1472 1333.303 1193.1721 1174.3379 1176.7368 1540.5013 1360.161 1345.149 1123.6133 1110.0103 1540.1307 1540.4376 1187.565 1073.7814 1157.1559 1166.2316 1540.025 1173.9884 1356.8993 1350.4668 1189.7819 1540.0884 1110.2251 1199.5073 992.8341 1539.7817 1075.6215 1121.6328 1182.5411 1154.323 1539.8245 1171.301 1191.2638 1540.7992 1128.2417 1540.2184 1360.8389 1134.7448 1139.4644 943.4279 1491.7986 1540.0992 1087.2051 1126.9946 1058.6447 1160.027 1539.9539 1141.492 1024.4103 1365.3667 1540.7788 1541.0409 1209.7662 1134.4895 1046.0597 1193.4254 1349.3508 1171.4952 1539.9733 1354.905 1167.9781 1173.4714 1541.0786 1067.3917 1356.1979 1083.1794 1539.9116 1540.6725 1347.9797 1096.5104 1170.679 1539.7185 1378.1643 1102.7352 1124.3457 1539.8239 1109.9913 1328.832 1190.5063 1142.216 1102.771 1539.7307 1202.1034 1175.9431 1540.0269 1167.6539 1330.1475 1189.3416 1540.1045 1162.9735 1362.882 1540.3 1095.2882 1360.0714 1201.8586 1131.0146 1166.2451 1331.6554 1541.5037 1103.7057 1364.0055 1042.98 1540.7389 1355.8069 1135.2194 1130.4231 1539.8856 1155.8411 1100.8091 1135.7327 1541.0581 1199.4371 1353.481 1540.284 1153.2664 1540.1625 1189.8324 1346.935 1120.8318 1539.8925 1344.3273 1154.0973 1162.6857 1353.9949 1178.7131 1161.4014 1539.9143 1540.0798 1371.1069 1163.0005 1177.2277 1358.7261 1162.6919 1540.8102 1196.3427 1540.5197 1175.3271 1166.4205 1340.5233 1177.4683 1351.9985 1540.0745 1142.4948 1052.8363 1539.6165 1029.8445 1396.8049 1146.161 1368.1886 1159.606 1539.9005 1153.5115 1181.5732 1539.9791 1171.0853 1540.387 1198.5546 1111.3601 1147.2875 1114.8552 1539.5895 1058.5448 1188.7998 1197.8608 1361.9932 1160.9602 1540.0602 1539.8284 1162.8324 1345.6655 1174.6539 1167.4991 1539.4362 1164.7056 1362.6705 1540.2087 1191.5968 1088.5438 1358.6803 1167.6793 1184.8524 1540.0466 1373.2179 1540.0048 1160.7385 1357.52 1176.5403 1351.0228 1148.0743 1539.9829 1162.1587 1540.0991 1365.9602 1163.3982 1180.7009 1540.1224 1196.9756 1109.3152 1063.0588 1540.7606 1079.0103 1360.8618 1140.5312 1161.8231 1333.8513 1185.2697 1540.165 1174.8248 1349.7902 1540.3875 1199.2086
 72 1157.2411 1165.3092 1539.7726 1354.5574 1539.1808 1178.5488 1352.0585 1191.9073 1077.2136 1187.7699 1539.8044 1351.2693 1187.5652 1140.3864 1540.5166 1389.6532 1144.158 1159.8286 1356.3319 1539.5507 1178.3005 1355.7924 1181.0718 1539.4949 1121.881 1335.0007 1149.8126 1540.5485 1135.0103 1540.5969 1187.6465 1374.5908 1180.9974 1540.3759 1173.913 1194.752 1143.8207 1366.3325 1539.7021 1215.9647 1539.9634 1156.0333 1340.4038 1095.6548 1176.1316 1160.5673 1181.4695 1540.3984 1082.7543 1070.5726 1540.5251 1183.2023 1347.3202 1539.7345 1009.9125 1069.2462 1539.1039 1131.1432 1110.8215 1159.7789 1538.3354 1108.9036 1102.4265 1338.2985 1540.7871 1151.0895 1195.01 1350.8152 1539.0947 1079.6658 1082.8972 1362.6698 1361.8423 1129.1863 1539.4695 1174.9619 913.94714 1539.8723 1366.4033 1063.9692 1150.1155 1348.3729 1153.1282 1539.6838 1364.7303 1180.9303 1540.6233 1180.5214 1352.8468 1063.446 1033.2836 1539.6918 1166.4901 1203.0023 1131.4019 1540.1726 1355.423 1219.4856 1150.5215 1539.5361 1145.6731 1361.4729 1113.8353 1540.9202 1185.3596 1191.1906 1350.473 1540.2971 1168.6733 1177.8936 1372.0621 1539.2737 1539.251 1135.5044 1016.3834 1200.9768 1539.3359 1182.4734 1165.9521 1356.5863 1360.9039 1539.3099 1098.832 1143.3257 1188.5372 1539.8334 1171.557 1331.5184 1539.957 954.9352 1333.3235 1203.3105 1174.383 1192.2417 1539.0066 1359.7933 1345.8259 1125.3969 1126.5552 1539.2185 1538.1783 1192.6802 1073.0386 1156.6508 1165.2814 1539.6528 1165.8235 1358.0459 1348.5695 1174.1504 1540.1285 1111.2402 1200.8925 1017.2775 1539.5707 1077.5704 1117.7496 1179.7991 1141.3665 1539.4867 1170.4957 1190.2214 1540.183 1127.743 1539.6945 1360.3549 1135.1553 1144.4401 947.9708 1504.1692 1539.4237 1084.7821 1126.6365 1056.5262 1151.5331 1539.6204 1136.364 1023.398 1364.0281 1539.3539 1540.2742 1178.4082 1127.6249 1038.603 1193.3922 1349.6603 1184.3678 1539.7885 1354.4875 1167.7223 1173.1616 1541.1631 1067.7218 1348.306 1081.0298 1539.2109 1540.4958 1347.3151 1096.0425 1170.0071 1539.3239 1376.5787 1101.3444 1119.3015 1540.7344 1109.6626 1329.1133 1190.1166 1138.233 1096.393 1539.3556 1185.4834 1173.764 1539.6298 1165.3862 1321.737 1188.9291 1539.7631 1173.7217 1363.5583 1539.7985 1092.6624 1359.4941 1189.8333 1130.9305 1191.7924 1327.9319 1539.8713 1103.0487 1363.5951 1042.4667 1541.1532 1355.1619 1132.073 1129.5719 1539.3088 1137.3026 1095.7255 1158.8623 1539.3448 1212.8911 1353.2101 1539.8301 1153.9553 1539.9235 1188.8401 1346.7035 1126.8844 1539.3531 1343.7528 1153.6373 1159.3204 1351.3994 1174.82 1143.2379 1539.434 1539.3733 1369.3569 1172.698 1171.7537 1358.4885 1160.7827 1539.8876 1179.2366 1539.4551 1187.0071 1165.4393 1337.0892 1175.7975 1343.4391 1539.2896 1141.6508 1054.1719 1539.2969 1044.9637 1396.8182 1158.9716 1366.6447 1150.7449 1539.0912 1150.0823 1181.1376 1539.3914 1153.355 1540.5813 1197.9354 1111.722 1145.9526 1114.5417 1539.0178 1058.0164 1187.9528 1189.5625 1363.2974 1160.4486 1539.365 1539.3567 1161.5195 1342.1042 1174.1765 1165.231 1538.7434 1162.298 1353.6827 1540.1096 1191.8508 1096.0363 1358.2737 1150.6443 1182.7863 1539.5477 1371.1626 1539.4152 1160.1787 1357.054 1174.323 1350.5381 1157.6276 1539.2515 1161.9147 1539.6377 1365.823 1151.193 1179.8094 1539.7621 1173.0446 1107.2546 1057.1748 1540.3182 1078.5247 1360.4482 1139.9537 1161.0552 1328.441 1185.2041 1539.4191 1173.4773 1349.772 1539.9899 1184.4586
 73 1157.6827 1165.7632 1540.4866 1355.1906 1540.4639 1179.3596 1352.7799 1192.6067 1077.627 1188.2285 1540.6304 1351.8861 1187.7908 1140.614 1540.8263 1390.0195 1144.3647 1157.8092 1356.791 1540.6354 1178.6279 1356.2874 1180.2985 1540.4834 1121.9633 1335.1764 1149.8684 1540.6526 1135.3529 1540.8077 1187.9044 1374.9751 1181.4379 1540.7513 1174.2231 1195.1708 1144.32 1366.8379 1540.4772 1216.7062 1540.5958 1156.4786 1340.9233 1096.8885 1176.312 1160.7832 1181.7631 1540.6697 1082.9767 1070.8888 1540.8336 1183.5001 1347.7021 1540.7098 1009.9046 1067.0319 1540.8625 1131.7609 1111.9681 1159.0286 1540.3761 1109.5377 1098.9548 1339.0498 1540.795 1151.3103 1194.2637 1350.8776 1540.642 1080.4652 1083.6337 1363.5576 1362.3086 1127.9363 1540.599 1175.042 914.3246 1540.6437 1366.9342 1064.6323 1148.7019 1348.4617 1153.5178 1540.5135 1365.0491 1181.1909 1540.754 1180.735 1353.4911 1063.8062 1033.6359 1540.4595 1166.8071 1203.6233 1131.7609 1540.5769 1355.8992 1220.6808 1149.8813 1540.6237 1146.1938 1361.8478 1114.5201 1540.8496 1185.6547 1191.4426 1350.825 1540.6815 1167.9807 1177.9941 1372.3223 1540.6802 1540.6604 1136.0105 1016.8163 1201.0593 1540.4904 1183.059 1166.5227 1357.368 1361.1725 1540.7153 1099.0947 1140.9879 1188.9698 1540.5461 1170.5912 1331.9829 1540.5831 955.20496 1333.7085 1204.0848 1175.2167 1193.5714 1540.6072 1360.5858 1346.2853 1126.0629 1127.6327 1540.6013 1540.4087 1194.0735 1074.0717 1157.5785 1165.6681 1540.5687 1165.3538 1358.5942 1348.6542 1172.3778 1540.5671 1111.7137 1201.6798 1018.59766 1540.8165 1078.15 1117.7722 1179.9954 1139.9845 1540.6134 1170.6829 1190.4492 1540.5605 1128.0366 1540.4342 1360.8181 1135.6182 1145.06 953.67957 1520.9918 1540.7346 1083.3109 1127.1803 1056.767 1150.7571 1540.5343 1136.1971 1023.8426 1364.7208 1540.5702 1540.673 1175.0271 1127.1725 1038.0275 1193.7565 1350.0817 1185.1948 1540.545 1354.4967 1167.6553 1173.0897 1540.81 1068.4777 1347.7313 1081.1797 1540.8773 1540.7347 1347.604 1096.3286 1170.2891 1540.5419 1376.7638 1101.5822 1118.5164 1540.8507 1109.697 1329.0363 1190.2152 1138.2086 1095.8494 1540.5266 1183.4026 1174.059 1540.5951 1165.6332 1321.1625 1189.3159 1540.6975 1174.5482 1364.0964 1540.581 1092.7174 1360.0082 1188.4498 1131.3416 1193.1722 1327.9846 1540.5262 1103.2693 1363.7413 1042.7767 1540.7804 1355.7584 1131.6857 1129.959 1540.5684 1135.625 1095.7653 1160.1573 1540.7716 1213.7697 1353.6405 1540.4417 1154.3118 1540.4902 1189.2109 1347.1031 1127.446 1540.5142 1344.4048 1154.2037 1159.1598 1351.6406 1174.7972 1141.2235 1540.5844 1540.5836 1369.6852 1173.5552 1171.5947 1359.0702 1161.0828 1540.5934 1177.7002 1540.5674 1188.0496 1166.0205 1337.2446 1176.068 1342.8162 1540.8993 1142.0287 1054.5585 1540.8707 1045.6636 1397.6196 1159.9032 1366.9777 1150.0393 1540.6736 1150.0664 1181.7494 1540.7139 1151.3988 1540.7107 1198.1417 1111.9684 1146.0565 1114.9868 1540.7987 1058.5253 1187.7633 1188.9082 1363.8208 1160.7961 1540.6029 1540.5261 1161.9573 1341.9316 1174.6903 1165.8153 1541.3346 1162.7745 1352.7206 1540.6365 1192.2327 1096.6808 1358.7157 1148.7966 1183.0933 1540.635 1371.5077 1540.5057 1160.5011 1357.7031 1174.0802 1351.1144 1158.533 1540.5627 1162.336 1540.7295 1366.4691 1150.0521 1180.2473 1540.7102 1170.3971 1107.5184 1056.89 1540.7837 1078.8391 1360.9326 1140.324 1161.1411 1328.1758 1185.6553 1540.9967 1173.7296 1350.2585 1540.5813 1182.6864
 74 1157.7678 1165.6877 1535.2891 1387.8545 1534.7568 1182.355 1387.7366 1195.5973 1081.0009 1199.9374 1534.4556 1386.79 1191.8138 1142.0574 1533.4658 1405.9559 1145.9349 1162.9608 1392.0426 1534.4788 1187.4633 1391.2023 1183.0383 1535.3939 1127.2421 1369.4587 1154.1562 1535.3243 1140.1803 1534.0226 1186.2332 1399.9237 1180.0687 1533.6265 1172.3756 1191.59 1147.0275 1396.9646 1535.7595 1211.4377 1535.1278 1157.0402 1385.5596 1113.4734 1174.4088 1158.8643 1179.4282 1535.0857 1085.4119 1073.2607 1533.3878 1187.168 1380.8527 1534.289 1019.29016 1071.87 1533.4003 1130.191 1112.1879 1160.1249 1534.3374 1111.5745 1111.6395 1374.5972 1534.6842 1149.2306 1198.9313 1386.9994 1534.2151 1086.8689 1091.1364 1395.3822 1396.1792 1130.8806 1534.3906 1183.1046 911.6226 1534.5781 1396.2817 1062.1454 1163.0984 1387.1515 1152.4049 1535.0721 1395.4218 1181.2529 1534.7538 1182.9071 1388.2952 1069.2451 1028.0221 1535.7594 1165.0414 1203.1089 1129.8013 1535.9779 1390.7047 1221.3949 1151.0802 1534.4443 1141.7836 1395.12 1120.386 1534.6808 1187.0497 1196.0388 1386.1074 1534.9077 1174.782 1187.3636 1402.673 1534.0154 1533.8682 1134.8674 1016.44965 1200.037 1534.8927 1183.2012 1170.0626 1389.5295 1394.7214 1534.0646 1108.4053 1155.62 1190.3265 1535.2843 1170.2374 1364.0686 1535.2728 971.0903 1374.7109 1212.9288 1176.5594 1195.808 1534.1687 1392.7461 1393.4978 1131.792 1138.6473 1534.2213 1534.3187 1191.8575 1072.5869 1156.1813 1172.1364 1534.9264 1163.6511 1395.6313 1385.1685 1180.2135 1535.3014 1112.5303 1198.9888 1019.27844 1533.5773 1077.8269 1117.2288 1179.951 1141.8463 1534.3904 1168.8398 1190.5007 1536.2896 1127.2135 1536.1594 1393.9008 1135.6079 1143.8345 930.668 1448.2375 1536.0312 1090.4419 1125.1755 1053.92 1149.877 1535.2987 1140.5944 1023.84436 1395.6049 1534.5117 1534.5297 1173.5931 1124.3984 1036.9666 1206.3038 1387.5719 1195.6527 1535.3713 1389.5795 1171.4142 1180.727 1534.8107 1065.9242 1397.4553 1095.4155 1533.8319 1534.9906 1384.314 1112.9048 1177.034 1534.4845 1404.0193 1110.1266 1127.5596 1534.3116 1135.386 1394.3302 1210.8333 1138.6385 1098.0105 1534.8246 1186.0258 1186.0697 1534.7095 1178.1741 1381.5682 1194.1185 1534.2365 1184.4824 1396.0481 1534.9415 1100.4518 1392.8348 1186.3464 1139.7177 1195.9716 1373.4116 1535.3003 1108.6993 1396.7374 1050.0128 1534.8464 1390.9541 1144.2333 1136.6324 1534.6018 1135.3083 1094.116 1160.0496 1533.5359 1215.4026 1389.6637 1536.019 1164.7289 1535.8329 1184.8497 1382.446 1132.8947 1534.8424 1379.4226 1158.2042 1166.4468 1390.381 1190.0566 1152.2858 1534.5237 1534.5973 1395.5815 1172.9312 1181.1031 1391.3534 1161.1277 1534.8088 1175.9775 1534.7255 1194.5074 1167.4169 1385.3729 1183.6215 1396.6664 1534.185 1143.1348 1055.6526 1533.5586 1047.4061 1402.8538 1163.7855 1398.5148 1160.2389 1533.8265 1150.5543 1180.0336 1533.7301 1151.182 1534.7454 1198.9124 1110.8214 1147.1411 1113.1763 1533.5238 1056.0894 1190.5586 1200.3425 1396.6982 1165.2931 1534.3914 1534.8826 1173.8506 1399.8981 1176.5015 1173.393 1534.9586 1170.6296 1405.9629 1534.8939 1195.147 1096.6984 1391.507 1151.8174 1185.6031 1534.4276 1399.7969 1535.1803 1162.2585 1391.4048 1179.6713 1385.8733 1162.575 1534.4568 1175.063 1534.0518 1394.9133 1152.5945 1177.3418 1533.9843 1169.3511 1105.2589 1054.3483 1534.1605 1089.8739 1394.0305 1145.1652 1193.2322 1398.8171 1199.8142 1533.854 1179.7335 1385.2997 1535.34 1178.2631
 75 1173.326 1179.2346 1571.8121 1324.1875 1572.1588 1188.8445 1321.9315 1204.5857 1082.5819 1176.4105 1576.6276 1322.1417 1177.1141 1132.567 1573.3726 1293.9054 1158.4865 1184.2932 1318.8412 1573.0194 1197.0377 1317.9081 1199.454 1565.5378 1131.1648 1333.7728 1163.7207 1570.862 1127.1389 1572.7152 1222.1538 1307.3849 1191.0297 1567.146 1185.3439 1219.3871 1146.6704 1311.8641 1565.1499 1216.8523 1567.525 1166.8419 1323.2223 1109.5033 1189.6016 1173.3116 1194.0359 1564.2892 1091.0781 1081.8375 1573.364 1207.2695 1333.8464 1579.0756 1011.46735 1094.5897 1566.689 1141.9343 1120.2255 1176.1871 1573.1385 1119.6483 1090.8237 1329.0048 1572.9423 1166.7959 1214.3876 1322.8318 1574.8604 1077.0574 1087.9413 1316.9292 1311.4314 1156.4479 1571.9669 1194.637 930.69147 1575.3773 1316.9071 1081.3116 1164.1173 1322.5576 1170.5685 1570.3195 1316.0979 1231.6075 1573.5358 1186.3978 1323.0605 1068.4972 1050.8976 1568.6001 1178.34 1204.4153 1143.0808 1561.2389 1317.989 1185.9648 1178.2135 1571.6659 1171.6946 1317.8077 1121.2892 1571.6517 1197.7542 1204.9268 1325.9197 1572.7942 1178.4968 1179.6451 1304.3446 1568.7303 1567.0421 1146.1931 1025.5818 1213.727 1571.8826 1231.4707 1174.1575 1321.7687 1314.976 1570.7955 1093.2312 1147.4788 1202.0012 1567.1733 1195.9116 1334.0382 1567.3694 945.8016 1319.2136 1180.2432 1171.4476 1218.9734 1573.7632 1324.7166 1320.2948 1132.6451 1131.1273 1567.1141 1562.2529 1206.2976 1083.2836 1166.3848 1177.4125 1569.3856 1233.4724 1310.2421 1325.7174 1190.4741 1571.5985 1123.5193 1212.4255 1021.2178 1571.3696 1084.8174 1132.0741 1227.2043 1160.1359 1568.703 1182.5912 1215.6853 1560.3524 1137.397 1565.9388 1316.8024 1142.881 1155.21 910.4325 1383.0891 1564.8239 1122.0826 1140.4109 1071.0586 1169.4697 1563.4388 1151.3097 1034.295 1317.0635 1574.5621 1565.5558 1234.9492 1148.7969 1057.7335 1174.7849 1314.5826 1180.417 1563.2072 1320.3893 1175.749 1176.4575 1573.643 1078.2794 1326.2776 1077.7646 1571.8246 1568.5946 1319.8708 1083.5708 1172.2457 1570.3429 1301.8271 1085.3608 1120.4349 1577.9926 1094.6161 1301.9294 1164.7032 1151.2545 1107.3444 1565.6459 1214.6884 1186.2238 1570.2579 1214.9634 1326.9695 1196.5804 1575.212 1161.6327 1312.3395 1571.7955 1092.4503 1317.9352 1230.1484 1143.2648 1207.745 1333.0607 1568.411 1099.2201 1308.2566 1033.5671 1568.8724 1316.2654 1132.6798 1128.6383 1569.6833 1166.2379 1110.0508 1171.3257 1566.6984 1185.1228 1316.6816 1566.2975 1146.3007 1565.9564 1208.3934 1324.364 1131.0865 1569.8359 1326.674 1164.405 1173.8138 1317.8595 1179.6249 1163.4513 1570.9869 1567.1954 1316.6 1183.2303 1168.8257 1319.4113 1173.9194 1571.396 1224.9333 1568.358 1199.2413 1180.9766 1328.6624 1207.8707 1328.9934 1579.7806 1154.0098 1045.0698 1582.5957 1045.8611 1300.3678 1162.4044 1310.2092 1160.4624 1571.8474 1162.2701 1229.5546 1563.5139 1177.5088 1566.3322 1206.8048 1123.1584 1155.3978 1124.2224 1567.7795 1070.6721 1206.0774 1192.1683 1312.468 1164.5873 1571.1174 1564.8356 1164.2909 1319.8948 1226.9998 1216.1798 1561.3677 1166.9003 1323.9108 1572.3091 1204.3276 1110.0015 1318.8588 1177.0397 1187.047 1571.5184 1307.676 1567.146 1167.1361 1317.6652 1183.4222 1320.951 1163.4357 1571.5321 1153.0681 1575.0416 1315.9508 1172.7852 1198.59 1564.8616 1198.4628 1119.1554 1071.0142 1576.3645 1062.5698 1313.946 1139.6427 1171.2946 1325.2319 1196.3802 1571.5044 1213.2007 1323.6998 1566.8746 1215.6709
 76 1154.2814 1159.8331 1537.6997 1324.8561 1536.4921 1172.7079 1322.4331 1187.0927 1067.7555 1166.0045 1536.622 1321.322 1180.1028 1125.1711 1531.2941 1335.7131 1146.3274 1202.3607 1324.8766 1535.601 1195.3663 1328.03 1198.964 1536.4286 1119.527 1326.594 1145.1809 1537.8881 1121.1178 1534.1085 1205.7106 1324.2319 1177.2356 1531.3536 1171.2845 1203.0232 1133.8424 1327.0111 1536.4468 1192.8854 1536.5254 1149.6703 1321.7266 1092.0233 1172.1185 1155.7574 1176.6525 1534.796 1082.3516 1072.2738 1529.7147 1203.173 1324.749 1535.6465 1003.44055 1102.6033 1529.9841 1125.5122 1106.0421 1173.5209 1535.9913 1102.3718 1086.3616 1322.5568 1536.4589 1147.3754 1210.9263 1325.7096 1535.7075 1070.6571 1092.3387 1322.8684 1326.5905 1161.6042 1535.1958 1195.3613 912.317 1536.9851 1324.8107 1061.0106 1179.7716 1331.9364 1151.9648 1537.0405 1324.8695 1219.196 1536.637 1173.101 1326.2604 1058.0237 1032.6167 1537.3481 1161.6661 1184.8533 1126.0466 1535.3988 1324.7383 1158.3563 1180.3549 1535.5247 1145.7482 1324.6648 1106.2155 1537.2626 1181.1158 1187.0027 1325.1412 1537.1987 1190.9429 1185.9159 1330.7867 1533.7816 1532.2816 1131.6321 1012.8243 1203.4208 1536.6986 1221.7585 1158.7705 1323.507 1327.3947 1533.717 1087.5537 1171.2955 1186.7181 1536.7032 1191.7834 1328.1688 1536.1326 941.60114 1321.005 1163.3586 1155.2234 1201.4087 1533.4146 1328.7489 1350.3358 1124.7228 1129.7301 1533.7307 1533.2885 1189.2814 1067.6144 1151.6299 1169.6464 1535.9459 1229.4884 1322.909 1329.0958 1192.941 1537.8867 1104.6404 1186.9733 1003.2151 1530.9003 1065.3485 1117.4164 1218.6324 1157.1715 1533.9735 1167.085 1204.5626 1535.3735 1122.9468 1537.5392 1329.1914 1127.1936 1139.987 900.3113 1371.2568 1536.4004 1103.3724 1124.3798 1056.37 1162.4883 1534.7594 1153.5438 1018.93884 1324.2437 1536.3705 1533.6904 1237.5216 1133.1455 1045.9375 1167.9668 1323.6255 1174.706 1535.7047 1323.5234 1160.6362 1160.2925 1536.9883 1056.2266 1367.3718 1079.3137 1530.7668 1535.8444 1322.5193 1080.2051 1160.1675 1535.1882 1334.1079 1087.8907 1140.8811 1536.2252 1096.0382 1323.5166 1156.3431 1138.9995 1100.1525 1534.4012 1217.7916 1176.4601 1535.5631 1212.6154 1344.7343 1184.3545 1534.8037 1154.5616 1321.159 1536.8993 1084.4169 1323.3411 1228.1217 1130.4828 1190.3844 1342.9993 1537.0381 1092.2386 1324.669 1029.8906 1536.0618 1323.5244 1141.5222 1120.8137 1535.6123 1168.9752 1098.2988 1154.806 1530.6876 1164.2997 1325.0242 1537.2424 1139.1052 1537.1527 1190.3156 1325.52 1119.7499 1536.2211 1324.5812 1151.8544 1175.4034 1328.1106 1180.9062 1182.2878 1535.4167 1534.5262 1329.5144 1168.898 1177.5057 1322.8285 1157.1923 1536.4047 1220.7612 1535.4236 1186.2627 1167.276 1348.8921 1204.648 1362.541 1530.4021 1142.9707 1038.67 1533.0673 1037.1268 1327.6305 1153.1091 1332.9136 1185.5859 1532.8542 1154.0582 1220.7882 1531.7444 1180.1592 1534.7871 1191.8 1107.6373 1141.5708 1109.9979 1530.8367 1056.4933 1202.1266 1204.5953 1328.0422 1157.71 1535.4589 1534.7137 1162.3499 1366.1887 1222.5223 1224.4764 1528.9265 1166.2166 1384.6552 1536.6788 1188.9984 1090.38 1324.8447 1187.1815 1177.706 1535.6409 1327.3868 1536.9933 1157.7229 1325.6017 1185.7617 1324.0146 1148.4 1535.2834 1147.072 1534.1245 1323.4205 1167.5824 1179.3566 1532.4878 1198.5529 1102.3046 1058.231 1535.7212 1057.7107 1319.2217 1129.651 1164.6205 1353.2675 1181.9371 1537.5266 1207.4601 1326.3335 1536.6208 1210.0244
 77 1154.0835 1161.792 1541.1023 1306.2906 1540.4902 1131.4467 1326.6278 1187.9348 1065.7085 1162.2734 1540.4562 1306.8447 1183.1088 1128.9915 1540.5349 1339.9266 1145.8986 1161.1263 1328.7638 1540.4893 1193.0459 1329.5599 1163.696 1540.3477 1118.8933 1323.0173 1148.2426 1542.2252 1124.4215 1541.1406 1210.7349 1328.985 1181.1534 1540.6329 1173.0188 1208.1302 1130.9728 1329.6658 1540.4594 1156.0044 1540.7505 1149.1228 1326.7031 993.72015 1177.0334 1160.2124 1182.0476 1541.178 1084.3033 1076.1102 1540.7585 1207.1819 1331.187 1541.1392 1005.7835 1104.3549 1540.7152 1123.745 995.01373 1169.5563 1539.8624 1100.062 1036.862 1321.8114 1541.2085 1152.1976 1203.0853 1327.2668 1540.2123 997.28735 1088.8971 1324.8903 1327.516 1130.0068 1540.1892 1189.4625 917.14197 1540.626 1328.6271 998.4716 1140.3185 1327.6466 1151.8179 1540.519 1330.7362 1224.5244 1541.5394 1176.8047 1315.3387 1059.5573 1035.9952 1540.6753 1162.6879 1127.2465 1120.2207 1540.8132 1331.0265 1098.1962 1178.5311 1540.6072 1149.1017 1329.7666 1109.6335 1541.4805 1185.7544 1188.9713 1330.6753 1542.0011 1160.5493 1184.0118 1331.6586 1540.0879 1540.0104 1132.7214 1013.85767 1176.6384 1540.5637 1224.4984 1159.112 1309.8606 1327.6708 1540.1669 1087.6074 1139.8171 1189.8087 1540.6963 1168.5262 1331.1782 1540.0457 937.26624 1321.515 1108.1505 1157.6157 1104.5397 1540.6298 1329.4614 1342.6688 1115.9252 1039.9125 1540.0591 1540.4719 1141.3348 1069.4088 1153.5042 1169.6707 1540.3663 1231.6497 1312.2338 1329.8551 1170.4171 1540.7743 1109.1403 1182.3578 879.15924 1539.9746 1052.9374 1115.8182 1220.4998 1136.6523 1539.7852 1170.0891 1207.8063 1541.1373 1127.9457 1540.6469 1333.3046 1125.061 1104.9209 899.49347 1362.516 1540.3734 1107.7773 1128.5927 1052.894 1140.4916 1539.9685 1156.3344 1021.6269 1330.3636 1540.9681 1540.8184 1240.9097 1139.42 1049.6053 1168.1428 1322.9825 1103.6158 1540.0684 1325.8004 1139.0623 1165.1445 1541.9314 1063.6188 1345.5828 1073.4614 1540.6759 1541.431 1327.252 1083.0365 1165.7114 1539.76 1330.9587 1084.1385 1097.7476 1540.128 1089.1401 1300.7494 1152.1288 1134.4603 1088.981 1539.6818 1180.7605 1175.4119 1540.381 1211.091 1327.758 1185.6254 1540.0752 1102.3243 1319.8192 1540.7152 1081.6194 1328.2668 1192.6323 1126.0944 1067.6562 1344.9497 1541.4967 1095.7565 1329.4474 1033.5928 1541.213 1326.7184 1114.5275 1119.8546 1540.1671 1166.0334 1093.599 1048.5573 1540.9227 1105.9702 1329.1094 1540.2782 1137.2285 1540.6337 1199.0675 1327.0211 1068.3151 1540.2644 1324.5839 1146.2445 1141.1039 1327.2512 1174.6714 1150.9196 1540.2134 1540.222 1330.5061 1096.786 1170.2448 1328.7966 1162.5602 1541.4807 1224.2983 1540.7856 1090.2302 1172.1732 1352.2258 1200.0021 1336.1035 1540.5795 1142.67 1032.7147 1539.9421 961.46924 1332.681 1075.3403 1335.4414 1188.8187 1539.8615 1151.026 1225.7893 1540.325 1146.2294 1540.6625 1192.8687 1111.367 1144.2659 1103.114 1539.95 1054.5544 1173.5057 1203.42 1315.6893 1159.0309 1539.956 1540.0502 1159.1229 1340.8734 1223.0753 1225.3385 1542.632 1162.9943 1362.8816 1540.7053 1188.2202 1031.2329 1329.8115 1147.0366 1177.1667 1540.4152 1327.6125 1540.4331 1151.8702 1327.0634 1154.5566 1327.3104 1066.3143 1540.3981 1148.8291 1540.2662 1328.8596 1143.004 1180.8638 1540.2045 1174.0222 1103.5924 1055.0085 1541.3002 1061.0878 1326.1875 1132.5653 1163.5083 1336.3976 1182.4569 1540.901 1208.7712 1332.343 1540.8735 1175.1068
 78 1153.2473 1161.1412 1540.0317 1303.8799 1539.9261 1127.373 1326.2982 1187.4146 1065.0615 1161.4736 1539.8674 1304.9972 1182.8353 1128.6879 1539.8741 1339.7854 1145.0942 1157.7339 1328.2665 1539.9102 1192.3892 1329.1683 1160.2297 1539.92 1117.8635 1321.1875 1146.9539 1540.0883 1124.2805 1539.8308 1210.3109 1328.5176 1180.9249 1539.955 1172.6498 1207.8649 1130.1935 1329.2905 1539.9255 1152.3867 1539.9951 1148.3788 1326.3987 984.8192 1176.4353 1159.5908 1181.5752 1539.951 1084.1514 1076.064 1539.945 1207.2242 1330.6417 1539.7983 1005.3751 1103.8578 1540.1267 1122.9445 985.0367 1168.6895 1539.8392 1099.5798 1032.2697 1321.3318 1540.0219 1151.793 1201.5687 1326.5294 1539.8971 990.69824 1088.1968 1324.4636 1327.0265 1126.7719 1539.8572 1188.4625 917.0462 1539.8976 1328.2389 992.68805 1136.4747 1326.6947 1151.2056 1539.9291 1330.1888 1223.7782 1539.9469 1176.3221 1313.7084 1059.1755 1035.8148 1539.9911 1161.9728 1121.5933 1118.9153 1539.983 1330.9119 1092.487 1177.7832 1539.9048 1148.286 1329.215 1109.0356 1540.0602 1185.0646 1187.7688 1329.7887 1540.1346 1157.4607 1183.4551 1331.1799 1539.9705 1539.9937 1132.4109 1013.5732 1173.9496 1539.9185 1224.1422 1158.5656 1308.0419 1327.1433 1539.9916 1087.1807 1136.693 1189.4558 1539.964 1165.9507 1330.7195 1539.8514 936.62933 1320.9512 1103.4487 1156.9956 1095.8339 1539.937 1328.8568 1341.4814 1114.7473 1031.923 1539.9431 1539.8942 1136.585 1068.9343 1153.0758 1169.1354 1539.911 1231.2661 1310.7069 1329.2322 1167.9061 1539.9729 1108.8934 1181.4994 868.37 1540.1038 1051.4329 1115.3213 1220.2544 1134.4774 1539.8054 1169.4165 1207.2758 1540.0371 1127.5178 1539.986 1333.0385 1124.3577 1101.4569 899.0621 1361.221 1539.9415 1107.6624 1128.5518 1052.2264 1138.1982 1539.8348 1156.004 1021.19543 1329.9124 1539.7866 1539.8593 1240.307 1139.0355 1049.1472 1167.7451 1322.4414 1097.2328 1539.8921 1324.8134 1136.0906 1164.2006 1539.9523 1063.6106 1343.0712 1072.4463 1540.1027 1540.0153 1326.8436 1082.8025 1165.3988 1539.7883 1330.1924 1083.4033 1093.591 1539.8353 1088.1622 1298.2573 1151.324 1133.709 1087.6523 1539.8108 1177.1919 1174.7474 1539.8955 1210.3838 1325.6407 1185.3137 1539.9227 1097.4996 1319.1919 1539.9108 1080.8094 1327.9121 1189.0044 1124.6764 1056.274 1344.0812 1540.0182 1095.5983 1329.1676 1033.5297 1539.9043 1326.4785 1111.8359 1119.3693 1539.9055 1165.0035 1092.4913 1038.7542 1539.9883 1100.6343 1328.9741 1539.9141 1136.6794 1539.9802 1199.2113 1326.5024 1063.5215 1539.8883 1324.0217 1145.2826 1137.7214 1326.6327 1173.6664 1147.7639 1539.8912 1539.89 1330.0568 1090.2332 1169.1238 1328.268 1162.0659 1539.9553 1223.7504 1539.9033 1080.9591 1171.9929 1352.0417 1199.0602 1333.1199 1540.0607 1142.1934 1031.9115 1540.0579 954.758 1332.6375 1068.386 1335.1893 1188.6128 1539.9637 1150.3058 1225.6478 1540.0729 1142.8156 1539.8911 1192.3412 1111.0499 1143.8953 1102.1846 1540.15 1054.0538 1170.6652 1202.8712 1314.176 1158.7699 1539.918 1539.8918 1158.4124 1338.1445 1222.6436 1224.1622 1539.9064 1161.6786 1360.7292 1539.9463 1187.5331 1025.5974 1329.5398 1143.0233 1176.5848 1539.8938 1327.0017 1539.9467 1150.9438 1326.5918 1151.4723 1326.9906 1058.815 1539.8855 1148.5417 1539.9199 1328.712 1140.3281 1180.5051 1539.9774 1171.3857 1103.1863 1054.2598 1539.9277 1060.9456 1325.8302 1132.2672 1162.6938 1334.0981 1181.7998 1539.9381 1208.1786 1332.1111 1539.9948 1171.4414
 79 1146.7618 1152.9011 1519.7007 1354.7981 1521.3785 1172.3392 1346.9814 1184.1721 1068.0677 1177.6177 1520.7101 1357.0111 1189.7943 1128.5286 1516.0836 1379.9026 1137.7903 1150.68 1357.1887 1526.9182 1201.3495 1361.0449 1187.4269 1524.9851 1115.886 1337.8635 1139.3218 1521.0299 1125.1348 1518.1041 1197.4177 1363.6433 1173.3036 1518.1455 1166.8499 1196.2719 1132.5839 1360.87 1518.1873 1191.2765 1523.4761 1146.9075 1345.8658 1079.6895 1157.9292 1140.0076 1165.6145 1506.6577 1079.7854 1069.9205 1510.6489 1201.714 1344.9729 1519.7513 998.7495 1053.6682 1525.8252 1123.3778 1101.5559 1157.8062 1523.1548 1100.2142 1108.49 1348.1294 1517.4966 1138.009 1172.5504 1347.425 1530.6227 1084.7524 1084.8893 1361.086 1363.0392 1120.9854 1525.9034 1193.3539 904.73956 1521.9237 1360.0049 1068.9761 1155.1019 1355.0675 1142.3779 1523.8962 1360.0204 1216.2032 1519.4194 1171.3196 1350.6921 1054.5723 1021.2079 1517.8743 1152.5955 1180.9332 1118.7946 1517.2184 1356.7354 1159.7268 1156.8982 1524.7566 1126.4402 1352.2455 1099.5901 1511.6373 1178.034 1186.0972 1353.7896 1522.456 1165.015 1190.953 1366.126 1526.6053 1525.7709 1129.9728 1011.41693 1205.4243 1520.589 1218.3412 1158.0406 1352.5726 1357.1095 1534.9198 1091.5182 1118.528 1183.4073 1525.3379 1167.7433 1345.8104 1520.7891 949.9123 1339.4789 1179.6528 1142.8969 1235.7147 1523.3284 1372.7614 1353.8468 1122.5765 1127.3502 1526.5048 1520.3491 1187.393 1062.4468 1147.298 1179.1848 1527.6228 1214.6233 1335.6472 1351.7538 1163.7815 1519.7494 1100.0659 1181.5468 1018.6864 1518.417 1060.7279 1104.0448 1206.4343 1128.7458 1515.98 1155.8197 1198.2102 1517.8679 1115.9254 1521.5632 1359.2268 1123.9766 1142.9951 883.3122 1351.0157 1522.6909 1095.9054 1116.2732 1047.7874 1151.5089 1519.2227 1103.7789 1011.79785 1357.163 1523.4594 1515.8456 1178.1283 1113.0271 1027.1255 1173.647 1350.3259 1194.8213 1517.9958 1351.6194 1131.0743 1161.6117 1518.5546 1057.1458 1348.1571 1071.1438 1523.1218 1517.7963 1350.9241 1092.579 1160.7144 1522.1381 1368.6274 1092.1111 1120.6234 1512.0471 1103.7411 1348.1035 1159.59 1127.5902 1086.2795 1520.4906 1182.1787 1173.4698 1524.9208 1209.7448 1347.2352 1185.1094 1519.9103 1177.8306 1360.2297 1527.3654 1085.5786 1358.1646 1199.0203 1124.6631 1157.9586 1344.497 1523.9554 1092.4225 1360.6581 1035.4033 1515.6975 1358.3247 1139.9817 1123.9208 1527.1172 1126.8206 1081.2632 1148.8969 1520.8864 1183.0748 1357.4711 1523.6233 1148.2085 1523.7902 1178.302 1352.8136 1127.2748 1526.7643 1350.5636 1151.011 1160.3643 1355.7681 1182.0033 1137.97 1526.9319 1523.555 1356.4094 1169.5309 1168.8473 1352.8602 1151.1626 1517.3224 1182.1887 1525.2124 1178.8187 1160.9664 1345.1216 1200.4834 1357.4103 1525.9467 1139.9719 1045.536 1523.1409 1052.001 1375.1819 1171.4376 1362.7441 1154.3286 1526.2423 1149.4774 1218.0411 1524.8322 1154.5339 1513.5806 1182.9066 1100.4861 1133.7351 1104.6893 1525.2828 1050.0665 1188.9707 1184.8982 1361.2319 1157.3541 1524.3889 1525.5797 1155.0641 1348.1765 1215.3022 1215.9491 1530.8287 1155.014 1347.7972 1517.3469 1187.1947 1100.2941 1355.8256 1148.0201 1175.7169 1523.1825 1362.9135 1529.8347 1159.3468 1361.8314 1191.5776 1350.4662 1148.838 1520.4905 1155.6036 1525.9874 1362.2635 1151.0475 1174.2528 1520.6659 1161.4885 1094.3267 1045.7084 1522.069 1067.0452 1356.5308 1132.8698 1155.5906 1338.0674 1173.6027 1519.4685 1209.8356 1355.0771 1524.8949 1191.9486
 80 1078.6508 1091.8987 1433.9906 1259.4672 1433.2952 1116.2332 1261.1577 1129.4862 1020.00525 1122.5717 1441.6163 1264.7563 1122.3353 1068.142 1444.0529 1263.3698 1070.9923 1059.439 1276.1045 1450.6372 1120.4113 1255.9678 1122.8372 1438.8739 1052.9727 1257.6608 1065.3765 1440.9052 1060.0808 1449.5043 1138.8687 1253.6212 1136.2672 1451.0361 1137.2242 1142.1816 1087.2687 1251.1398 1448.9193 1161.0076 1440.164 1083.2739 1251.9958 1018.03906 1102.6027 1090.9773 1112.1261 1445.8892 1051.4768 1019.6621 1443.6505 1154.2412 1229.7555 1431.574 937.79956 982.0144 1447.7571 1071.9944 1056.8809 1127.3008 1449.6608 993.1085 1066.7595 1281.9117 1439.8457 1093.7126 1117.6859 1259.4462 1438.8295 1040.8438 1027.658 1249.5444 1246.3268 1058.3202 1442.5424 1124.8431 858.97375 1432.3821 1250.2014 1023.1203 1076.6084 1258.491 1086.4489 1441.3668 1242.6266 1090.2025 1449.0768 1144.0558 1253.9147 997.236 987.1109 1442.7087 1103.8217 1128.266 1075.9753 1455.6643 1268.5258 1123.3772 1099.7034 1443.8845 1078.0638 1240.9419 1043.173 1438.3104 1118.1055 1116.1173 1243.7563 1433.9141 1082.3783 1126.6163 1249.7609 1450.5345 1454.132 1109.6766 984.00256 1155.9248 1439.1061 1124.613 1099.4938 1256.5748 1267.0829 1449.2909 1033.507 1040.534 1137.4695 1443.5426 1109.3527 1270.7736 1490.2991 1005.90985 1246.0831 1075.4402 1119.2393 1076.4191 1444.0859 1258.7134 1243.9235 1076.3867 1076.3295 1455.887 1456.3492 1133.5029 1029.8 1076.2657 1071.4454 1442.2285 1153.2222 1226.4985 1256.2076 1099.4705 1434.6761 1057.012 1135.0936 984.90466 1447.4673 1017.73785 1053.2083 1131.6357 1073.6509 1440.6398 1106.1495 1139.8232 1446.32 1062.9335 1438.7285 1215.3894 1077.475 1126.2933 860.9777 1299.0422 1448.2449 1046.9691 1069.6903 1011.9061 1103.7651 1453.4031 1007.142 967.78094 1240.7213 1430.7848 1449.4755 1123.0503 1066.0713 987.95197 1125.6871 1235.8674 1122.6411 1445.5665 1253.0549 1078.2168 1135.2377 1457.4025 1017.6261 1223.6273 1005.16205 1441.5669 1449.5618 1271.0739 1037.6134 1109.0594 1453.3966 1235.6765 1027.1322 1050.9459 1442.0995 1032.4894 1224.5614 1119.0585 1115.042 1038.6652 1445.7716 1148.4077 1111.7241 1448.527 1130.0487 1231.8301 1117.9437 1436.2844 1091.0886 1241.511 1443.0536 1015.04285 1243.5602 1146.1575 1071.4067 1113.4376 1252.2988 1448.934 1051.3042 1276.3312 1007.4855 1451.5461 1260.9697 1078.7609 1067.172 1460.3932 1059.0734 1027.6721 1107.0068 1445.7299 1132.4221 1261.8032 1447.533 1101.4069 1453.0188 1151.1573 1277.637 1088.764 1441.5084 1254.5317 1087.8474 1095.1204 1243.2803 1117.8083 1057.167 1447.1154 1451.0334 1249.1011 1146.239 1106.4376 1272.7446 1086.6447 1444.1722 1130.7429 1453.0338 1121.1755 1116.2977 1242.4319 1074.2592 1286.9763 1463.186 1085.0564 1018.2128 1437.0522 1034.9735 1239.3358 1123.0076 1259.5195 1058.7583 1447.4756 1113.7689 1143.2234 1455.0786 1101.5956 1440.6107 1147.5269 1064.12 1091.8491 1069.4829 1458.0723 1034.066 1149.1188 1121.6978 1237.4504 1107.5435 1440.7886 1451.7104 1080.3335 1225.3767 1135.3711 1138.1597 1446.9941 1094.3175 1221.5074 1438.6492 1132.9652 1092.8885 1273.8597 1068.0408 1122.2476 1440.3235 1250.0038 1442.4093 1123.5469 1250.9934 1146.2285 1210.1289 1109.9452 1433.9521 1113.0957 1433.0049 1244.5173 1088.4797 1137.0208 1452.3845 1084.2482 1058.5498 1000.8836 1439.9409 1007.8871 1242.4255 1081.6323 1104.9042 1221.4875 1139.3025 1448.7184 1123.5634 1257.472 1441.5302 1153.2015
 81 1153.3693 1157.5283 1547.0669 1246.5194 1516.388 1112.5146 1185.79 1066.7423 1057.0663 1143.0148 1547.3187 1248.824 1113.1635 1094.4705 1558.0845 1172.1865 1121.7905 1081.6559 1222.853 1544.1803 1138.3306 1240.3516 1154.4999 1544.9271 1107.0818 1269.7614 1136.0328 1545.025 1088.6666 1547.3091 1177.7267 1206.3367 1180.1785 1557.7709 1173.0659 1207.6516 1124.3186 1228.6301 1545.755 1202.8279 1544.5806 1141.6985 1265.835 1056.4863 1179.2426 1157.9469 1184.2637 1551.9191 1060.9572 1082.9779 1556.2751 1182.4258 1265.067 1567.1316 983.82104 1008.0796 1558.1389 1126.4359 1084.905 1145.6783 1560.7748 978.5361 1057.861 1308.9288 1548.0608 1148.3207 1177.3552 1242.5133 1548.6727 1047.4563 1039.4629 1219.1312 1223.5393 1080.2667 1550.8279 1142.9792 919.8586 1551.4944 1229.0857 1090.1079 1096.4778 1242.1412 1148.0051 1548.0878 1186.897 1075.7341 1560.8912 1201.3217 1240.0087 1038.7771 1046.4329 1543.819 1164.4371 1159.3558 1128.4163 1546.791 1237.521 1233.4878 1136.4186 1550.2782 1163.7732 1238.8088 1097.655 1546.1067 1177.8611 1164.0009 1254.1919 1547.156 1101.5039 1131.5068 1191.1017 1549.2997 1552.0098 1130.5399 1010.8881 1173.1819 1547.1754 1120.1534 1144.9376 1235.5677 1216.798 1548.9668 1047.3223 1027.1384 1186.4553 1544.4535 1154.9778 1281.2942 1549.3184 1061.0928 1192.7672 1048.6849 1154.9121 1080.906 1559.7706 1223.5974 1210.9672 1106.1067 1098.4016 1548.243 1549.4072 1111.147 1068.0083 1152.0477 1118.6139 1547.9402 1165.8384 1202.782 1253.4349 1127.4739 1548.057 1105.3036 1182.788 1006.38385 1556.3076 1053.554 1106.3046 1188.2582 1114.9419 1555.5834 1165.182 1167.883 1548.5275 1132.2953 1552.8412 1208.0988 1120.067 1176.4968 908.7487 1390.4448 1547.545 1107.5155 1136.437 1061.0486 1141.5426 1548.3054 1035.4526 1008.9572 1228.6149 1553.4053 1550.658 1223.5841 1130.9141 1039.5751 1150.8729 1200.142 1050.7698 1550.8418 1215.3721 1106.4014 1188.7834 1558.8586 1069.9277 1218.287 1033.456 1561.2625 1545.327 1248.2307 1041.488 1140.1722 1546.9788 1204.2683 1036.2625 1057.529 1552.4061 1066.6592 1227.9805 1176.4025 1141.8254 1075.4227 1550.0133 1192.13 1147.7854 1547.0514 1112.156 1225.774 1188.211 1550.8395 1119.7085 1224.1907 1546.3218 1051.6577 1231.3077 1203.858 1091.6259 1161.9094 1256.3068 1537.5176 1086.3431 1209.6262 1002.71954 1559.7102 1180.7377 1024.5482 1059.6018 1556.187 1087.2253 1078.8336 1151.8135 1559.3734 1136.8518 1238.494 1543.0066 1108.3147 1542.0137 1195.366 1249.28 1115.9421 1547.0208 1257.2327 1134.8545 1106.972 1240.7368 1145.7189 1069.7941 1553.9435 1560.637 1182.8428 1228.6829 1096.7797 1231.4283 1152.918 1548.4115 1202.1298 1549.1622 1179.6216 1159.9705 1219.5172 987.88275 1360.357 1546.2024 1112.6776 1015.50287 1554.3718 1036.0509 1182.5002 1141.0104 1212.0253 1061.6538 1552.4128 1130.1229 1110.7024 1550.4253 1138.5889 1558.1821 1147.3735 1117.12 1137.6451 1101.662 1550.254 1054.6915 1179.7114 1150.502 1233.3301 1150.7428 1552.7656 1548.7427 1124.3577 1199.8362 1138.818 1126.1084 1555.9917 1132.2229 1195.3912 1557.6571 1155.84 1134.102 1225.3506 1114.4583 1157.9067 1550.9248 1205.982 1545.7755 1143.6201 1230.9261 1135.7157 1226.6007 1151.8093 1552.8575 1134.0444 1554.2201 1237.8688 1124.6481 1188.703 1553.6456 1131.256 1100.46 1046.4407 1549.5587 1019.3277 1229.762 1112.6486 1132.0502 1212.826 1208.7891 1546.2002 1106.9967 1246.8029 1545.7023 1186.1282
 82 1146.4581 1150.7653 1535.0988 1248.4336 1537.0076 1106.2457 1181.3059 1038.943 1052.9679 1141.0927 1533.7928 1252.2639 1110.5182 1087.6595 1530.8392 1186.8369 1116.2919 1075.8038 1227.6909 1533.3201 1135.5427 1245.5272 1145.1782 1534.3203 1102.2283 1268.714 1130.4387 1534.7347 1086.0198 1532.4734 1169.0941 1213.743 1171.522 1529.4285 1163.4812 1194.9572 1117.4663 1234.0549 1532.7018 1187.7045 1534.2938 1135.082 1266.3723 1036.7184 1168.0464 1147.0308 1173.9176 1532.6506 1056.0001 1071.8667 1524.8462 1176.3845 1258.3734 1532.5187 972.10834 997.6271 1527.7993 1114.1104 1064.0082 1137.8428 1531.2606 978.81476 1052.9259 1297.307 1534.3274 1140.5905 1171.3745 1244.7177 1534.4434 1038.5538 1036.076 1223.0946 1228.871 1070.6129 1533.1552 1138.2871 912.6275 1535.0864 1232.3867 1063.9152 1088.5118 1243.7795 1139.111 1534.4409 1197.4542 1070.3673 1530.4972 1187.3196 1245.1543 1035.4542 1040.3934 1534.3976 1154.5508 1141.8757 1117.4961 1531.4126 1239.8749 1216.6521 1128.3423 1533.5054 1154.8309 1242.7904 1092.1451 1534.6704 1171.9368 1156.9592 1255.8436 1535.0818 1097.6783 1131.2979 1200.3612 1531.832 1529.8967 1121.3997 1002.866 1160.0222 1533.9144 1112.1625 1139.1364 1238.8728 1220.85 1532.8944 1043.5664 1020.9562 1179.3157 1533.3762 1142.548 1279.0868 1524.2988 1044.0718 1200.2302 1044.5123 1144.6451 1060.5317 1531.1531 1223.9303 1218.5103 1099.9977 1089.8954 1531.1101 1530.405 1101.8728 1058.6049 1143.5359 1117.5984 1533.8685 1154.3008 1207.7019 1254.2891 1114.8688 1535.6377 1099.2069 1168.5663 985.45734 1531.6516 1040.8043 1094.8754 1177.4471 1104.3368 1532.2662 1155.2162 1158.3972 1532.3451 1124.0251 1535.0629 1221.7874 1111.6589 1152.8845 925.4172 1447.3771 1534.7605 1088.9729 1126.8732 1049.8845 1127.337 1531.3036 1029.6274 1001.3912 1231.256 1535.7643 1531.3477 1213.6521 1120.4519 1030.4509 1150.412 1211.9825 1053.1123 1532.6539 1219.9141 1098.9886 1170.7509 1528.7897 1057.687 1226.1055 1030.1493 1528.8062 1532.6295 1249.7899 1039.9641 1135.6349 1531.8569 1213.7169 1034.532 1051.9259 1532.9702 1065.9211 1232.573 1173.8567 1131.6145 1063.626 1529.6127 1172.4886 1143.2347 1532.8752 1106.6545 1231.5448 1182.8512 1533.5244 1119.0945 1228.5776 1534.523 1046.2267 1235.3015 1186.8655 1073.7522 1146.697 1285.9174 1538.8853 1076.631 1216.4053 999.69104 1533.4701 1192.7949 1029.1677 1058.8054 1527.5209 1073.6824 1066.1785 1115.1085 1528.4281 1128.8995 1243.0348 1534.3203 1106.1285 1533.1788 1189.6735 1250.5751 1101.2607 1533.8384 1256.7697 1128.2803 1099.6002 1242.0819 1141.1064 1061.8776 1533.2916 1531.0277 1205.2573 1181.7465 1094.5245 1234.0978 1145.7917 1534.273 1195.2367 1533.1066 1136.2823 1152.1366 1222.9799 1002.3354 1321.9696 1530.345 1108.9506 1010.9829 1533.7986 1020.56964 1192.2506 1124.2831 1219.433 1061.1827 1531.6223 1122.1774 1100.2809 1529.2607 1120.2281 1532.3501 1138.0756 1105.8668 1128.2654 1091.6907 1528.8242 1045.3503 1166.4801 1149.4584 1240.3358 1146.4132 1533.9828 1532.0035 1121.5791 1211.3794 1129.9727 1118.7057 1524.0586 1126.9067 1215.121 1535.3746 1145.6406 1094.6863 1228.7189 1102.8466 1151.6973 1534.1473 1212.307 1534.3102 1138.0062 1234.8065 1128.8933 1233.4513 1127.4868 1534.0792 1129.0566 1532.6735 1244.6245 1105.7635 1179.2428 1530.0 1112.329 1087.4017 1033.0948 1533.9188 1017.72516 1233.2332 1108.3302 1128.7625 1220.6104 1204.0907 1534.832 1100.2675 1249.1372 1533.803 1169.3201
 83 1177.6843 1181.0962 1582.5055 1301.1053 1604.7585 1161.4629 1312.6471 1254.1975 1090.5564 1211.8186 1594.7435 1308.0248 1199.1154 1135.5726 1606.2903 1277.2362 1148.9402 1107.2949 1298.4305 1595.3086 1233.0249 1303.419 1175.965 1580.5057 1131.9072 1313.7133 1162.3206 1583.5732 1118.0444 1600.192 1253.2922 1292.717 1202.0068 1601.5854 1190.0817 1223.3925 1150.5232 1291.9209 1583.0894 1241.5588 1579.934 1166.4386 1306.2706 1062.5676 1203.7034 1182.5383 1208.8608 1588.4514 1077.1683 1088.954 1611.364 1210.0427 1315.9203 1600.5458 1001.7889 1024.8304 1607.2776 1151.4039 1095.0524 1167.7772 1599.2192 1007.542 1064.2277 1318.1954 1590.7606 1174.5903 1213.2042 1302.6204 1595.5437 1063.8691 1061.7346 1298.8727 1293.9452 1109.5574 1596.1284 1207.278 939.4781 1590.5897 1298.644 1090.5735 1119.6268 1295.8464 1173.9429 1585.8395 1310.3074 1306.8801 1596.5038 1211.0508 1300.8911 1065.5388 1059.4866 1578.6036 1191.6675 1254.2301 1163.2084 1583.5568 1301.2388 1199.4191 1160.1907 1594.669 1183.6378 1299.1069 1125.4325 1584.9528 1206.3296 1240.8557 1307.9963 1588.4811 1142.026 1187.6313 1283.5823 1598.2147 1599.1333 1156.9214 1035.287 1222.5809 1590.7834 1291.0725 1179.2747 1303.3441 1297.6545 1597.1244 1085.2343 1056.1309 1212.124 1584.8456 1171.7692 1318.0846 1600.2123 1079.1405 1313.3307 1228.7744 1187.6008 1097.8481 1603.4008 1298.8577 1285.0383 1135.5447 1127.406 1595.4172 1593.1886 1137.8501 1092.0148 1175.1545 1177.7826 1589.4185 1238.6069 1294.3688 1300.3005 1146.968 1582.6055 1129.2006 1250.7429 1023.36487 1596.8646 1084.5714 1128.7787 1230.8236 1134.8517 1596.9945 1189.9982 1245.8373 1582.6057 1151.6903 1576.1342 1307.0184 1138.7649 1149.3275 911.867 1369.2977 1585.92 1138.6311 1161.138 1081.4733 1157.6646 1588.8892 931.70605 949.061 1315.3269 1607.7347 1592.782 1213.5928 1150.9156 1054.9303 1185.4946 1304.566 1060.4967 1583.9028 1300.0157 1141.7992 1198.7358 1597.3524 1094.059 1285.0134 1064.2948 1606.3833 1590.7418 1299.7534 1069.4468 1169.9847 1594.7557 1276.9908 1072.8446 1082.8773 1596.1744 1079.6614 1277.0568 1158.0737 1164.3729 1093.6979 1602.5134 1209.9619 1190.248 1593.6781 1258.3735 1306.835 1189.8336 1597.6178 1153.6255 1293.1383 1590.5542 1081.1942 1299.5073 1225.9899 1088.2336 1184.8838 1323.4048 1595.5746 1097.5277 1291.3027 1026.7288 1586.6725 1296.7008 1074.5597 1103.3003 1598.8198 1107.4691 1098.5742 1152.219 1604.163 1257.0646 1295.41 1577.5967 1141.9667 1579.3419 1220.5044 1301.7631 1129.9283 1590.5305 1308.1897 1162.3539 1130.3973 1295.3835 1185.5269 1092.4313 1593.5309 1592.7058 1306.9585 1191.7366 1144.7833 1302.7079 1179.3566 1590.8271 1223.4713 1591.5388 1175.0983 1189.1594 1296.3375 1367.5717 1272.3761 1621.1656 1214.066 1035.3427 1608.9758 1027.3052 1289.9119 1157.7211 1285.8534 1092.2437 1602.4529 1167.4187 1298.1304 1599.2528 1150.2167 1591.4928 1247.4905 1139.8192 1165.6647 1122.8782 1604.7878 1078.7867 1213.8624 1186.4338 1291.6849 1179.2211 1591.7438 1590.0498 1164.297 1283.0199 1271.4243 1242.9681 1620.3837 1169.1804 1276.3658 1588.751 1244.7024 1120.2341 1301.3556 1141.1908 1188.8828 1594.5392 1289.8815 1586.0364 1163.7119 1299.2325 1155.4817 1317.3328 1147.8262 1595.285 1144.9852 1602.3003 1291.4716 1149.2024 1215.8506 1597.0569 1145.8136 1123.5741 1065.9778 1598.218 1045.5463 1298.8864 1140.0393 1168.9266 1292.6499 1195.1631 1585.6906 1267.3569 1310.7606 1584.7161 1200.181
 84 1129.7152 1130.2916 1511.3566 1189.246 1497.6501 1107.8359 1178.6327 1139.9813 1038.6893 1163.3955 1502.6489 1189.1964 1181.6649 1070.1711 1485.9417 1167.2673 1126.8568 1258.3118 1167.0756 1498.8693 1144.6061 1187.724 1219.4031 1515.8457 1082.1605 1197.0785 1097.186 1499.4023 1053.0886 1493.944 1123.6604 1165.651 1150.4128 1489.7122 1142.754 1171.9397 1096.3092 1179.8652 1511.9634 1172.0137 1511.7965 1111.1952 1197.9276 1048.801 1151.5447 1128.5886 1153.2073 1504.9199 1062.9951 972.9916 1458.1301 1127.2765 1188.1636 1495.6431 953.51904 1122.8035 1484.9841 1096.5271 1073.5708 1201.8586 1500.4498 984.6408 1022.2211 1182.1699 1505.5176 1122.2795 1212.6461 1185.7651 1482.216 1053.2612 1069.076 1076.7836 1179.7875 1157.2773 1503.3137 1196.2704 896.9269 1504.4174 1173.3702 1066.46 1179.3954 1203.4305 1134.7391 1509.0304 1166.2324 1091.0231 1500.8329 1150.008 1189.8309 1018.4162 1028.5997 1511.5588 1138.0033 1143.8251 1105.2015 1509.8514 1189.1091 1212.5037 1246.4369 1501.988 1139.8779 1176.771 1071.1724 1508.1234 1151.5677 1130.0963 1183.3394 1508.5802 1181.3893 1206.036 1179.7252 1500.7775 1496.1093 1111.5082 994.90375 1224.6819 1507.8746 1113.3376 1116.5428 1182.9395 1202.198 1500.931 1031.1597 1151.9648 1152.4934 1511.871 1214.4468 1204.8662 1500.2164 993.223 1199.9115 1152.2584 1126.4437 1054.7773 1494.7542 1169.1866 1231.8418 1091.8055 1107.9406 1503.6244 1500.6187 1101.1886 1038.3513 1124.2227 1114.6433 1508.1085 1202.5082 1177.1584 1186.172 1187.8191 1511.1984 1074.1499 1119.2845 980.1356 1496.4208 1012.4118 1087.5764 1169.3197 1152.5829 1501.1794 1138.6229 1142.5228 1513.2008 1110.7112 1516.1938 1188.5803 1096.3224 1126.5793 874.8929 1314.5339 1514.6494 1094.3142 1110.3435 1050.0625 1187.4604 1507.6866 1176.7805 989.9264 1175.0338 1504.3899 1499.8561 1285.762 1118.0787 1031.6587 1191.9808 1227.5961 1000.9571 1493.5217 1181.5852 1086.2555 1107.4116 1502.2638 1031.5391 1235.6091 1012.2535 1488.0062 1505.177 1190.3601 1002.72845 1105.9656 1505.7861 1175.8595 1017.2663 1105.095 1499.6188 1049.3707 1182.2733 1207.3033 1138.35 1079.9808 1494.9706 1270.1221 1128.267 1507.068 1133.6885 1223.1649 1207.88 1497.3394 1098.6042 1176.613 1507.361 1026.604 1169.9137 1253.7078 1113.085 1225.1464 1279.7848 1495.3434 1050.1664 1182.2167 975.67566 1508.8047 1184.3038 1103.0239 1057.6603 1502.3617 1204.0889 1074.9615 1142.6974 1484.1729 1105.1683 1129.2346 1482.1559 1025.8413 1512.9353 1169.2485 1193.6759 1096.9026 1510.5029 1201.7444 1120.4055 1177.2231 1203.5267 1219.9625 1184.7169 1504.4425 1499.3574 1193.0476 1191.3263 1183.533 1173.1285 1123.173 1504.3691 1267.1465 1505.3441 1165.8771 1144.5203 1260.8783 1079.7109 1262.9973 1476.3083 1084.0647 990.9344 1486.2349 1018.10583 1152.0879 1137.4579 1196.6166 1172.3186 1496.8964 1118.3685 1112.3392 1496.2228 1196.1166 1503.4232 1143.6887 1089.8248 1110.7004 1083.9645 1490.9136 1037.4064 1225.2544 1284.9694 1132.5398 1089.5203 1480.2599 1510.4684 1110.8099 1231.6627 1117.7485 1167.7389 1465.1641 1116.7064 1243.049 1505.5509 1134.9753 1082.2228 1176.3478 1216.4108 1113.3846 1483.7137 1224.7275 1514.4547 1137.301 1184.9043 1195.7365 1195.3225 1111.4678 1501.6763 1076.6053 1476.5703 1200.6664 1216.8755 1058.294 1496.091 1230.5931 1073.8074 1044.554 1498.2854 976.4524 1165.557 1084.9341 1119.4934 1234.0165 1196.019 1498.4279 1121.3878 1176.2865 1512.6482 1256.6321
 85 1151.9285 1151.5397 1546.0768 1207.3263 1546.0094 1133.6522 1198.956 1158.1907 1058.9429 1184.2141 1546.1827 1209.8098 1204.5758 1094.1464 1546.841 1176.2708 1155.154 1306.6217 1187.3623 1549.8745 1159.392 1201.7253 1251.3905 1546.5883 1104.6 1223.0463 1125.7432 1545.8997 1065.5 1545.7186 1142.9194 1186.366 1172.8336 1546.8486 1162.5771 1198.0491 1116.441 1196.5134 1545.9264 1190.3367 1546.2378 1133.146 1215.7382 1071.6603 1177.211 1153.7548 1177.9229 1545.5148 1078.3391 964.6138 1558.1045 1118.3333 1214.8257 1548.2788 975.54297 1165.2268 1549.1783 1123.582 1101.2429 1235.8794 1546.3721 1004.8536 1034.1956 1205.1578 1546.9008 1146.6119 1245.7993 1205.8655 1550.3026 1070.7443 1091.0073 1105.7411 1197.0199 1194.6233 1546.8091 1222.215 917.69403 1545.9138 1193.3345 1091.3918 1212.5137 1222.1161 1160.3318 1547.2155 1180.3628 1106.3577 1546.5698 1168.5603 1209.3073 1036.6898 1045.7778 1545.814 1161.1595 1164.3209 1128.6685 1545.8002 1208.663 1245.8168 1289.6421 1546.5103 1164.7109 1195.4865 1093.0421 1545.6284 1174.088 1150.2548 1202.6912 1546.5326 1214.766 1226.9785 1197.4045 1547.0337 1547.2241 1134.915 1016.04675 1253.7401 1546.2162 1124.8633 1138.0494 1201.5599 1225.0735 1547.3717 1052.1748 1188.6306 1171.9038 1546.7484 1248.9495 1222.2268 1545.3945 1010.52014 1216.4172 1168.0043 1154.3689 1082.0255 1546.4401 1191.4762 1254.341 1113.5726 1132.1246 1546.6593 1546.1903 1128.7389 1062.0306 1146.5554 1136.3735 1546.9558 1229.4384 1195.9119 1202.2034 1222.7069 1546.679 1095.0522 1142.891 1007.5385 1545.8981 1037.3882 1112.0575 1193.1854 1181.8243 1546.948 1158.6173 1158.8461 1546.2383 1131.7802 1545.9601 1202.9973 1114.2483 1145.6923 894.3042 1350.4194 1549.5049 1114.4279 1133.9133 1074.3777 1220.4331 1546.3746 1220.1449 1009.90875 1196.3203 1545.1276 1546.1729 1332.2516 1148.3799 1058.8098 1212.1318 1232.2153 1030.9847 1544.0393 1200.2499 1108.1827 1133.387 1545.9506 1058.2188 1263.1129 1032.1844 1549.0504 1545.7251 1207.5657 1015.6855 1126.1161 1546.8607 1190.22 1035.3636 1130.8328 1546.4996 1065.4154 1200.9603 1236.7484 1158.6008 1098.3378 1548.7776 1295.3746 1151.6383 1546.5796 1151.1205 1249.239 1237.035 1545.9264 1118.6317 1196.9039 1546.3629 1046.163 1188.9308 1286.9261 1137.547 1255.9835 1313.9855 1555.6779 1066.4573 1195.6755 988.72754 1545.5428 1202.6615 1127.7792 1076.6487 1546.6685 1251.9246 1103.2246 1181.302 1549.6134 1115.7128 1147.7448 1547.9136 1041.3667 1545.8182 1191.1661 1211.0208 1116.7238 1546.8191 1221.6747 1143.743 1211.3597 1223.1333 1248.8151 1223.1553 1546.6915 1548.8557 1209.2415 1216.6499 1215.9133 1193.5822 1147.6672 1546.7827 1303.0266 1546.2555 1196.2969 1169.5835 1290.6937 1081.9193 1306.745 1550.6987 1094.5784 1004.8233 1547.138 1027.9329 1175.3065 1161.5105 1213.1768 1205.3318 1547.3364 1136.9707 1125.7543 1546.6396 1233.198 1545.1338 1161.034 1112.2611 1131.7992 1102.96 1547.9681 1059.0575 1249.0452 1326.3057 1143.7179 1126.6904 1560.4692 1546.9037 1131.5823 1255.0339 1130.4668 1198.6198 1556.7993 1146.0869 1258.757 1546.3499 1153.4689 1108.9417 1195.0571 1264.3956 1140.5918 1548.1168 1254.437 1546.433 1156.174 1201.4137 1223.9125 1213.8518 1136.736 1546.1947 1091.9198 1552.4395 1233.4324 1269.6178 1095.44 1546.8097 1276.005 1100.9475 1072.6343 1546.3646 991.00336 1187.3785 1098.5797 1145.1403 1265.7906 1230.0432 1545.014 1136.2919 1189.6649 1546.5992 1294.1461
 86 1144.3976 1148.3624 1539.1792 1176.1866 1538.0487 1053.3103 1194.3357 1147.0614 1047.0026 1170.2217 1539.437 1171.983 1199.8263 1089.6057 1538.2916 1174.7168 1114.0868 1044.0527 1188.9579 1534.7141 1144.0948 1195.686 1143.1088 1536.3256 1067.683 1208.8302 1122.3641 1540.4249 1067.219 1540.2883 1144.0872 1182.129 1173.9445 1537.2261 1154.7902 1196.6489 1103.8473 1191.6033 1539.7302 1119.9175 1538.3375 1124.1375 1216.6798 937.24835 1173.1393 1149.8369 1176.8271 1538.1831 1076.4536 964.1003 1537.4913 1122.7028 1209.9022 1535.4403 952.17096 1013.1271 1534.4921 1101.6511 909.4723 1133.5475 1538.5425 997.37305 952.89484 1195.519 1538.2388 1147.1373 1196.0142 1203.4304 1534.0985 922.7704 1032.2233 1111.3665 1181.096 1043.375 1534.5757 1177.31 921.6197 1538.0704 1190.6125 948.23114 1074.2657 1195.2654 1140.398 1534.8856 1186.4888 1092.5275 1539.4861 1170.9436 1176.5867 1032.0421 1049.8274 1540.6567 1153.3577 1067.2787 1108.5066 1539.1284 1205.0953 1151.3933 1120.0385 1540.6659 1163.9156 1194.9745 1091.2405 1540.2983 1174.0935 1142.6564 1201.2211 1539.2303 1070.7831 1157.0018 1167.8019 1534.3577 1533.8094 1126.521 1008.70825 1178.1925 1540.8085 1121.993 1132.9869 1180.1886 1198.2905 1534.0527 1031.1221 1038.412 1176.6333 1535.7777 1127.4087 1229.4052 1534.7694 998.86896 1206.9292 1086.2535 1145.3711 945.9583 1537.8876 1184.2024 1234.2122 1089.0006 987.9735 1533.6565 1538.156 1023.2725 1054.2462 1140.2091 1116.0924 1536.6527 1155.2375 1153.2964 1200.3989 1070.2765 1539.4021 1101.0508 1125.5142 852.25616 1539.6033 1009.8032 1080.2812 1173.653 1048.343 1537.805 1150.4695 1124.4806 1538.0491 1133.901 1538.0017 1200.4366 1103.5883 1070.1476 856.4548 1403.7087 1536.9608 1095.0746 1132.2134 1043.8903 1119.3043 1536.9515 1053.1613 997.95844 1188.9502 1536.1885 1539.0758 1170.0309 1115.8762 833.79596 1204.4432 1222.0244 914.8539 1538.369 1195.1486 1044.9918 1133.7634 1538.4135 1059.0979 1203.887 1013.5247 1533.6588 1540.5933 1206.7611 1014.4788 1129.1837 1534.2479 1177.256 1021.71875 1050.2549 1542.1565 1049.965 1157.3783 1224.9132 1073.2996 1020.93445 1535.9952 1103.8206 1140.4895 1534.5674 1137.9746 1210.608 1229.9532 1539.5161 1051.6184 1187.3926 1534.763 1026.9246 1186.4633 1175.3695 993.44965 1043.587 1272.9944 1531.7856 1076.9075 1196.4448 995.37036 1537.8091 1195.7078 1025.9207 1059.778 1534.1146 1029.3945 1041.2063 982.83936 1535.5203 1031.3082 1149.5212 1538.0962 1034.0763 1538.9469 1188.1255 1206.785 1021.8681 1534.7618 1205.4304 1112.5726 1092.298 1200.9027 1205.109 1078.8356 1535.6632 1534.7355 1192.6127 1045.2476 1088.1559 1197.2 1143.3632 1537.3228 1151.0587 1535.4775 1024.4199 1164.2422 1251.8893 1069.222 1167.8231 1533.8558 1089.2574 986.93805 1540.2113 903.8549 1172.963 1017.7665 1193.5446 1098.247 1534.2217 1108.7279 1118.5188 1535.9731 1085.5674 1540.1625 1084.1097 1071.9773 1122.9637 1080.5251 1534.5747 1046.4286 1176.7157 1215.2109 1094.2947 1116.0685 1530.3691 1535.7135 1119.114 1208.3192 1120.752 1183.5446 1534.242 1121.0093 1195.4014 1539.269 1142.8796 974.6742 1195.8519 1082.0724 1130.9218 1537.0116 1211.745 1534.6643 1132.3173 1191.9016 1134.7557 1208.7611 1024.8184 1537.8661 1088.5936 1534.8202 1233.6726 1127.7544 1078.2466 1539.29 1071.772 1080.3403 1022.07184 1536.9878 992.3031 1189.7958 1097.8771 1128.13 1206.3397 1219.0624 1536.5824 1065.1317 1202.1713 1537.1256 1124.7476
 87 1144.4524 1148.8611 1539.568 1175.0507 1539.6266 1049.4618 1195.1924 1147.2192 1046.8099 1170.2935 1539.4049 1170.4369 1200.556 1090.2642 1539.3169 1175.5332 1112.9008 1027.2273 1191.9619 1539.828 1145.182 1197.3522 1138.5579 1539.4073 1065.7467 1208.1906 1121.869 1539.6396 1068.4507 1539.6427 1144.7345 1182.9224 1173.9108 1539.5387 1153.7205 1199.7534 1103.7417 1192.4874 1540.0138 1116.6771 1539.6794 1124.9117 1218.004 930.125 1173.8472 1150.6134 1178.1343 1539.1945 1077.2246 965.0691 1538.7157 1123.7516 1211.8358 1539.0116 951.4847 1002.0737 1540.0139 1102.6786 899.65796 1127.5743 1540.0626 997.7273 948.791 1196.346 1539.4937 1148.424 1194.4991 1204.433 1539.9795 915.1822 1030.7781 1112.4353 1182.0184 1034.2395 1539.3038 1175.9785 922.7675 1539.3798 1191.7648 940.6022 1066.9232 1195.5117 1141.7249 1538.8333 1187.5186 1092.5153 1539.1237 1171.4153 1174.9009 1031.8944 1050.0984 1540.0195 1153.6732 1062.2231 1108.092 1539.68 1205.089 1146.2455 1100.917 1540.184 1164.1448 1195.4562 1091.7045 1539.9636 1175.1365 1142.8445 1202.0682 1539.8329 1064.2559 1154.164 1167.4551 1539.7552 1539.3365 1128.5785 1010.4322 1177.357 1540.2571 1122.3237 1132.9417 1179.5027 1198.6437 1539.7413 1031.8486 1028.6636 1177.84 1539.4742 1122.1294 1231.489 1539.4836 1000.23535 1207.9244 1082.6614 1146.3867 939.09174 1540.0521 1185.1902 1235.7023 1090.3063 981.7125 1539.3982 1539.2961 1018.072 1054.6499 1140.8434 1116.1115 1539.4252 1148.5289 1152.2104 1199.9102 1060.662 1539.4321 1102.3644 1124.8687 843.0899 1539.3993 1008.6503 1078.708 1173.0726 1038.3052 1539.579 1151.1677 1123.5796 1539.6201 1135.373 1539.5851 1201.4497 1104.2991 1066.9723 864.4202 1437.0621 1545.1074 1095.4252 1134.0065 1043.8031 1114.4774 1539.4886 1038.2839 998.27924 1190.3291 1539.2031 1539.3955 1153.4983 1112.9292 819.97516 1205.2 1222.7474 908.50946 1539.976 1195.8145 1042.023 1134.8698 1539.2975 1061.667 1201.9305 1013.93427 1540.1544 1540.1813 1207.3738 1015.22516 1130.1459 1538.981 1177.9504 1022.72595 1047.4215 1540.3208 1049.2948 1155.3475 1224.4753 1069.9828 1016.9684 1539.5354 1092.3247 1142.5656 1539.3123 1139.9772 1211.3063 1230.072 1539.8231 1048.5034 1187.6508 1539.2632 1027.5778 1188.8141 1171.1814 985.90216 1033.0303 1273.9191 1541.0554 1080.6614 1197.2897 998.2914 1539.791 1197.5435 1019.44366 1060.5497 1539.6707 1011.0714 1036.8861 973.38837 1539.7662 1027.4459 1150.8984 1539.428 1034.5505 1539.6085 1188.8274 1207.4243 1017.1064 1539.3497 1207.2023 1113.5918 1086.7653 1201.0432 1203.814 1069.952 1539.2181 1539.8704 1193.5161 1037.845 1079.3489 1199.1095 1144.2059 1539.1617 1140.0033 1539.008 1016.36066 1166.3735 1251.7268 1070.3893 1160.4462 1540.0026 1090.6984 986.279 1540.0513 897.46497 1173.5879 1010.5299 1193.1382 1087.696 1539.6339 1108.3496 1119.6599 1540.0548 1077.9788 1539.3225 1080.0657 1069.7446 1122.8798 1081.697 1539.8835 1048.3735 1174.854 1209.5082 1092.3441 1119.534 1541.1787 1539.3335 1120.5059 1207.3694 1122.1215 1185.4274 1540.609 1121.8495 1191.8586 1539.5728 1143.1224 967.4064 1197.0557 1071.8185 1132.3575 1539.9598 1211.4957 1539.4551 1133.0139 1194.3594 1131.3129 1209.6959 1019.0841 1539.8075 1089.5165 1539.95 1236.8999 1120.0826 1078.1414 1539.7367 1056.0015 1079.7814 1018.8777 1539.4071 993.30585 1191.9075 1099.3506 1128.6765 1204.5923 1220.3027 1539.2417 1062.7771 1204.0009 1539.4038 1116.3999
 88 1165.1635 1166.602 1567.4324 1222.2867 1578.127 1139.3469 1211.0591 1269.4618 1079.0786 1232.521 1575.0299 1226.6454 1215.6509 1110.0947 1585.6804 1185.4957 1178.4014 1276.6769 1213.5245 1581.5731 1263.6388 1223.7706 1250.8474 1571.7997 1084.3617 1224.4563 1139.307 1568.6091 1091.4575 1584.2114 1280.3666 1201.5947 1192.5809 1584.1653 1175.5205 1224.0198 1131.4525 1208.3773 1569.2083 1238.1262 1566.5563 1147.9558 1224.4437 1068.255 1194.7443 1170.222 1197.2498 1571.7277 1104.9093 1019.85565 1597.579 1280.6244 1231.8737 1581.8577 988.36163 1159.1902 1588.2861 1138.8517 1043.892 1258.5139 1578.2653 1019.4092 1050.2947 1224.1418 1571.8909 1165.7617 1255.1194 1220.363 1582.098 1055.6449 1161.3163 1131.6677 1210.0663 1224.9558 1575.984 1229.0862 934.0984 1573.1659 1212.7064 1061.6771 1240.359 1230.265 1173.3372 1570.9192 1219.0023 1271.8384 1580.7125 1190.4783 1220.5347 1050.4789 1059.4202 1565.9146 1182.7229 1264.3026 1160.4355 1569.4719 1220.6406 1216.8761 1271.8848 1575.2195 1183.1854 1217.1901 1110.2848 1570.5176 1194.9899 1272.7919 1226.5792 1574.6013 1233.0171 1242.2577 1208.4733 1581.685 1580.1473 1153.7361 1032.3811 1248.0774 1574.4012 1251.4467 1161.1486 1227.1008 1236.526 1580.5774 1064.9926 1204.1058 1185.6321 1570.2661 1252.5006 1226.8794 1576.5664 1027.5591 1233.9097 1233.3499 1175.3657 1087.8947 1583.4626 1217.8019 1256.5394 1126.2867 1108.8591 1577.2706 1575.4839 1108.7568 1077.4379 1161.7445 1155.0477 1570.9131 1268.3787 1215.824 1216.5348 1193.8284 1566.8142 1111.0146 1293.7325 1002.5599 1578.3433 1071.3354 1129.8806 1245.7837 1187.4988 1578.2433 1180.118 1266.6741 1568.6058 1141.7185 1565.1729 1215.7401 1128.237 1146.7996 866.41205 1393.4817 1562.4767 1100.0724 1144.2947 1085.4753 1251.695 1571.1405 1225.2352 1024.1187 1215.2657 1574.1171 1573.3868 1272.2947 1148.7052 851.40643 1198.2734 1210.2885 1040.1505 1569.369 1217.5154 1059.6212 1156.03 1576.7571 1079.8438 1238.0907 1032.7803 1591.2872 1574.3934 1221.0492 1026.512 1144.3999 1575.0369 1215.6973 1057.3092 1166.946 1576.8105 1061.108 1215.3834 1193.0118 1128.5665 1098.9584 1581.7185 1280.4446 1173.1232 1575.3992 1252.0741 1263.937 1187.299 1580.4578 1150.977 1213.1271 1574.0524 1044.7877 1208.9465 1183.5778 1021.99255 1150.3622 1279.0035 1586.7733 1090.6932 1214.5173 1005.11163 1583.7085 1221.2933 1165.6597 1096.6854 1578.0638 1267.0514 1109.6788 1153.7965 1584.2416 1287.678 1169.3914 1569.9587 1072.327 1565.4662 1207.6141 1222.7313 1102.2375 1584.5465 1192.3007 1126.9888 1284.4563 1219.1808 1190.595 1211.965 1577.2432 1582.9556 1232.6548 1163.2673 1249.622 1213.9509 1167.6855 1570.8895 1284.8951 1573.779 1120.6456 1188.1392 1275.162 1264.8328 1263.1747 1591.4845 1149.6389 1008.0667 1585.922 1018.35535 1191.8701 1150.4371 1223.9452 1195.9952 1582.2151 1153.2812 1283.4341 1586.685 1162.5496 1572.9062 1241.5886 1089.6572 1157.7247 1115.5488 1598.6735 1073.5747 1221.1532 1251.9458 1142.7876 1138.4003 1586.5085 1574.0833 1145.5374 1257.4156 1266.2158 1229.2803 1600.8827 1156.5189 1241.6555 1573.3706 1260.0441 1086.2408 1217.2509 1289.5353 1146.9128 1589.9047 1222.2166 1571.2809 1176.703 1219.2478 1249.4246 1223.6294 1138.6699 1577.1168 1103.9785 1583.2051 1219.6849 1260.8234 1106.2452 1578.7207 1260.0543 1105.0349 1076.011 1578.9009 1004.2452 1209.7905 1115.8486 1154.3699 1253.2213 1189.9326 1567.333 1290.9905 1214.9283 1570.0828 1288.5867
 89 1157.2157 1157.3354 1545.6462 1282.2489 1542.6962 1125.5178 1276.598 1176.4259 1058.374 1163.8716 1542.5219 1279.6199 1181.2638 1106.1006 1530.1083 1293.2129 1147.0018 1157.4412 1298.0088 1537.5435 1148.9064 1282.5569 1183.6127 1546.2847 1084.6743 1277.5447 1135.0089 1545.9116 1079.7428 1538.32 1144.5309 1302.4221 1174.9913 1528.9153 1162.2476 1249.3394 1128.346 1295.1407 1544.1029 1209.0615 1543.1707 1139.9242 1279.7775 1056.9349 1178.5155 1152.9431 1178.748 1543.5115 1057.6418 959.2813 1522.4501 1095.4937 1286.373 1534.2694 987.09326 1163.1648 1520.2714 1111.5182 1020.4919 1199.6553 1538.1061 994.63586 1052.9662 1280.1285 1541.3666 1146.5212 1203.2211 1284.0944 1539.2719 1058.9684 1190.577 1332.1814 1284.9198 1180.224 1538.0039 1174.6864 917.43915 1543.5529 1295.8969 1056.5538 1169.6073 1273.9231 1146.5476 1546.6555 1291.1661 1191.4952 1545.9785 1178.881 1284.1652 1051.6637 1038.607 1544.0126 1164.3215 1191.2166 1135.0588 1546.2941 1287.2849 1244.2599 1191.7178 1539.1821 1151.9465 1292.615 1104.9292 1544.2115 1183.8971 1157.3478 1284.0621 1546.8716 1177.5164 1142.1947 1269.5889 1533.298 1531.2466 1116.6686 1019.3497 1209.9075 1543.6182 1196.3738 1152.2332 1284.4537 1279.1022 1533.8911 1062.1147 1192.95 1191.168 1541.8949 1208.0771 1282.7924 1540.4226 1022.2393 1271.4196 1196.7357 1160.2834 1073.5304 1533.3602 1290.2565 1278.7952 1111.4255 1097.9386 1538.3623 1538.9181 1097.2993 1059.1302 1144.2292 1146.104 1542.1196 1196.2166 1288.9987 1291.1132 1196.8619 1546.9661 1102.1102 1143.5564 967.9184 1542.3896 1019.7938 1107.429 1183.9264 1172.1648 1537.9352 1154.0039 1183.3301 1545.4875 1136.9409 1546.035 1293.682 1107.2919 1127.0476 833.28204 1272.3823 1547.4437 1097.2063 1123.2384 1055.3846 1201.215 1541.5576 1190.9998 1007.15155 1292.1123 1539.9751 1541.8817 1203.0157 1119.6704 830.15344 1218.4144 1285.2427 1058.4623 1543.1239 1291.2034 1058.5845 1151.6041 1540.5845 1051.8657 1278.1743 1031.6595 1521.3777 1541.2334 1283.0146 1046.7819 1141.0651 1539.3645 1284.3378 1063.8525 1155.2875 1539.0062 1089.2933 1292.6731 1214.6586 1083.8105 1044.373 1537.7114 1166.9598 1156.3766 1541.2183 1168.8479 1268.3546 1264.1865 1535.9032 1167.4578 1295.3834 1540.266 1056.0315 1288.326 1217.8456 1009.82837 1142.6567 1276.7389 1535.1791 1078.2386 1291.3822 1007.34296 1541.6207 1291.5563 1190.679 1100.5531 1536.2955 1136.8401 1037.7092 1130.7325 1518.5748 1156.4037 1297.9873 1548.1876 1100.769 1546.4346 1192.0184 1284.2352 1103.7465 1540.0299 1299.1724 1144.5271 1187.2255 1285.8668 1217.2485 1191.2134 1539.2415 1536.2522 1279.397 1146.9052 1173.0176 1293.2437 1152.072 1544.8534 1206.1449 1541.0076 1112.6868 1171.3524 1282.3065 1174.3068 1270.8141 1518.2842 1113.8977 1010.34705 1529.5193 1016.1418 1304.4329 1148.2645 1286.4531 1196.5664 1532.8326 1123.7916 1179.973 1528.8708 1121.8242 1545.6351 1210.6183 1075.951 1143.3553 1084.7092 1528.1685 1041.104 1198.2781 1189.2422 1299.8395 1128.6997 1525.9166 1543.1515 1131.7025 1270.0688 1170.1451 1195.9973 1495.1127 1132.3645 1276.0396 1546.3956 1168.7682 1068.072 1288.2965 1127.4913 1144.4241 1540.3135 1272.6919 1542.1093 1155.0989 1287.5223 1169.7305 1284.4138 1125.3932 1539.2292 1116.1985 1531.6381 1285.6334 1167.3625 1082.8984 1533.2786 1204.2279 1080.7059 1049.0603 1537.2058 1016.54364 1289.1858 1113.268 1151.4314 1278.7578 1260.1267 1543.1976 1158.2119 1290.1595 1548.2561 1193.0508
 90 1139.5732 1139.2672 1522.5042 1212.0232 1519.3019 1097.2874 1216.6448 1196.2535 1057.701 1238.2421 1519.3247 1227.2212 1199.9896 1083.9573 1518.4924 1202.1266 1124.2688 1101.9718 1218.864 1520.888 1228.0544 1228.7041 1141.6259 1526.4222 1067.4132 1226.9238 1113.4153 1523.3876 1070.3413 1521.5645 1271.7184 1209.6895 1160.7527 1516.5309 1134.0149 1136.2023 1104.4386 1215.9497 1524.0791 1198.1619 1525.2086 1122.0807 1227.1866 1050.9237 1163.829 1137.6669 1164.0641 1521.5956 1062.5825 995.9845 1513.0579 1261.3708 1226.584 1516.6392 956.7631 1122.413 1519.725 1100.3665 1000.50916 1169.6638 1515.1875 985.74725 1011.19653 1221.1729 1518.4668 1133.0349 1174.1509 1217.0679 1519.5106 1025.969 1107.4966 1192.8622 1213.3417 1119.3256 1519.4095 1203.024 906.32196 1522.4686 1215.929 1066.1147 1101.4983 1205.1748 1125.0239 1518.0402 1215.3468 1194.7607 1522.2719 1162.0417 1215.8628 1031.2185 1035.4204 1527.7672 1203.4995 1225.925 1145.2589 1561.3541 1218.3923 1170.3923 1150.4999 1517.8359 1146.7042 1215.5607 1086.0021 1524.3407 1167.3883 1227.6624 1224.5387 1521.1876 1127.3816 1222.3986 1206.3674 1520.2902 1516.6453 1108.4065 1005.24115 1167.6124 1519.0869 1198.581 1128.8759 1214.7417 1207.829 1520.5598 1031.898 1135.0085 1179.8063 1524.4789 1175.2671 1236.8046 1518.5284 997.4557 1221.0325 1179.5511 1143.7726 1041.9042 1517.8049 1216.3918 1201.3572 1086.1326 1054.0736 1520.2305 1514.0089 1089.5006 1042.6166 1129.2095 1118.9423 1519.6666 1174.8661 1204.854 1221.7853 1164.16 1524.7701 1085.3511 1255.5488 953.44836 1518.4926 1030.1626 1085.2136 1230.0835 1131.1581 1518.5365 1140.3995 1207.1978 1524.1534 1120.7117 1524.3984 1224.0948 1095.3065 1103.43 816.69226 1226.7065 1529.5787 1089.1318 1114.1135 1034.0404 1151.9641 1520.4786 1119.0082 988.0695 1208.2921 1516.67 1519.9453 1181.5958 1101.441 815.61066 1168.9276 1219.3635 1031.3691 1523.6893 1217.5873 1039.2915 1119.9093 1517.6367 1046.9844 1192.1868 998.941 1520.6146 1523.1884 1223.3726 1014.488 1117.9242 1517.9165 1187.2987 1016.22485 1066.631 1522.8849 1039.8018 1198.0005 1161.7365 1072.8894 1035.7875 1519.6647 1182.7252 1134.2666 1522.2805 1222.8531 1202.3706 1111.9087 1517.7833 1108.9623 1205.9589 1521.76 1022.82697 1212.6626 1189.6072 986.5614 1131.6997 1212.528 1520.8334 1065.0327 1215.3856 986.221 1518.3175 1214.882 1116.3551 1068.1321 1520.4557 1111.7206 1044.1986 1085.1693 1516.6123 1200.2152 1228.2998 1523.7704 1074.9875 1526.412 1180.6052 1224.8757 1089.1345 1518.7299 1229.1154 1114.6711 1120.4666 1207.3936 1153.7782 1118.1118 1520.5343 1518.3914 1211.3784 1139.0651 1103.3467 1218.2378 1133.0109 1522.9464 1183.7721 1522.2627 1100.576 1153.5121 1215.2073 1211.7833 1194.5499 1523.2511 1121.1442 990.04974 1519.7616 1015.0438 1203.9932 1126.4109 1202.0153 1131.4631 1516.7577 1114.4341 1217.2249 1522.0208 1099.86 1520.1055 1188.6705 1062.293 1126.3724 1064.1476 1517.6952 1027.7223 1175.549 1175.1301 1202.0503 1119.401 1519.2639 1523.9861 1101.8754 1188.4039 1220.8596 1213.8514 1532.5658 1115.325 1184.0378 1521.193 1223.3578 1058.7493 1218.3628 1077.6089 1134.0259 1522.8591 1183.5709 1524.647 1131.3639 1214.3735 1110.9755 1223.0697 1094.8066 1518.4847 1086.6703 1518.6527 1206.7437 1120.2043 1101.9355 1518.9943 1168.7958 1066.5488 1032.9406 1516.1105 982.9361 1212.901 1090.455 1121.7306 1194.0103 1139.4706 1525.073 1196.6844 1229.849 1523.6604 1167.9894
 91 1161.3796 1163.1715 1548.0826 1322.7231 1547.8479 1127.6444 1336.1768 1239.7258 1089.4266 1294.5569 1548.5787 1335.2701 1267.9619 1125.083 1548.3657 1366.554 1145.1989 1119.9167 1334.2063 1548.2201 1267.4823 1336.2542 1114.9474 1546.7997 1093.2952 1313.16 1139.1434 1546.8474 1107.6711 1548.7917 1296.1761 1353.2125 1180.4465 1546.15 1147.2561 1147.5778 1132.9742 1339.7434 1544.5931 1201.6614 1549.0768 1149.0287 1318.9583 1063.83 1180.1792 1155.1216 1181.9343 1543.0868 1080.1992 1014.86053 1549.5072 1289.2628 1326.6664 1549.4213 982.4772 1074.9869 1551.4874 1123.0116 1017.0384 1130.9154 1547.1904 995.3234 1047.5659 1322.3257 1548.6427 1152.963 1166.9642 1328.8835 1548.3107 1031.9834 985.8074 1351.7598 1345.5256 1076.3344 1547.4927 1240.2017 919.3214 1548.2968 1342.4174 1080.7546 1109.9719 1316.8524 1143.6802 1545.6049 1344.788 1228.6343 1548.2948 1186.1294 1325.6752 1061.753 1037.0116 1549.1089 1237.7656 1229.6377 1139.5625 1545.4535 1329.5348 1185.392 1097.5818 1546.9426 1149.212 1338.8167 1114.5035 1547.816 1193.2479 1268.0745 1332.973 1548.8794 1103.9692 1273.4924 1349.1893 1547.4304 1546.7418 1128.7712 1013.50604 1117.51 1546.8396 1223.4442 1160.5321 1329.5121 1335.1345 1548.4044 1077.4358 1162.5996 1197.1558 1547.6836 1152.5526 1312.979 1544.8744 1031.5985 1317.1418 1229.6068 1173.8295 1072.0238 1549.008 1341.7083 1329.1085 1121.6191 1094.6814 1546.0388 1542.5975 1109.7206 1060.4746 1146.8317 1150.0901 1547.8389 1089.5115 1333.8398 1326.9534 1198.4805 1548.729 1109.0458 1283.7081 971.8127 1545.6752 1049.5048 1091.1708 1241.6505 1093.4492 1548.7817 1151.2759 1224.0098 1541.6224 1135.959 1545.3783 1334.2986 1111.9097 1115.7367 850.86786 1339.045 1546.8013 1090.7925 1134.6836 1034.359 1089.0739 1542.518 976.1013 998.08295 1336.4712 1546.8751 1543.9462 1154.0918 1108.5369 822.4511 1215.8876 1326.5232 1067.3188 1543.2463 1334.1793 1068.741 1164.597 1546.4244 1061.4014 1348.9722 1055.0186 1551.535 1547.9413 1398.1301 1031.8203 1095.9114 1545.6038 1349.7379 1079.753 1125.6403 1548.7292 1106.5219 1348.7211 1225.6477 1081.066 1035.7194 1545.0187 1156.3252 1178.0099 1548.1272 1271.1559 1330.837 1140.1747 1547.2437 1163.0481 1336.2256 1548.0985 1056.7384 1340.3597 1154.9879 1024.9607 1174.2598 1339.0292 1548.8839 1081.7816 1336.2262 1016.66754 1545.4518 1335.3221 1099.9144 1097.2648 1547.3158 1073.2323 1044.4674 1102.0687 1548.6334 1229.3525 1333.8337 1545.306 1119.3145 1546.3529 1194.6388 1321.8302 1113.2385 1546.7134 1318.6184 1132.549 1076.3344 1328.576 1209.0847 1141.6423 1547.5403 1545.0991 1322.3319 1153.2019 1067.6152 1336.6636 1154.3375 1546.8738 1171.902 1546.6196 1132.1798 1183.9047 1337.1887 1240.0273 1374.9822 1554.4106 1132.6959 1018.6071 1552.0825 1028.8705 1365.3617 1151.3153 1331.7874 1081.872 1548.0143 1140.7699 1241.4056 1547.973 1149.717 1542.3738 1208.6754 1077.7479 1146.2881 1061.1633 1547.8849 1027.969 1144.832 1192.5204 1348.1254 1153.4816 1549.0267 1545.3555 1153.9578 1336.1206 1248.8925 1260.6238 1555.7144 1156.4706 1354.7897 1547.499 1258.485 1080.0642 1339.1948 1107.9038 1152.5916 1550.1646 1359.2446 1547.2059 1134.7362 1331.69 1056.4916 1326.2651 1119.6731 1546.4595 1132.0444 1550.3618 1353.9641 1127.5393 1091.2256 1545.3118 1126.454 1079.8036 1033.6799 1547.7153 1028.8763 1340.9401 1125.9457 1169.5815 1344.4266 1161.5583 1548.1461 1231.5087 1330.0961 1546.1276 1150.7817
 92 1122.4786 1123.0743 1487.8168 1250.8015 1488.7816 1087.7047 1250.6904 1141.5308 1018.2561 1097.4031 1484.3909 1239.8535 1100.4264 1073.302 1496.8638 1240.27 1123.95 1143.384 1261.9989 1493.3976 1136.1388 1247.9387 1143.5952 1484.803 1060.5005 1250.0464 1098.102 1488.2631 1052.0095 1489.1096 1126.2352 1254.279 1159.1855 1506.3997 1139.0038 1216.9075 1093.1626 1257.1877 1492.1454 1178.3735 1486.1501 1105.6171 1253.2543 1030.1708 1149.7041 1123.6824 1149.7922 1497.3348 1038.3645 956.1814 1507.4252 1151.1508 1259.9784 1491.1427 955.1333 1111.4386 1508.0101 1095.8282 998.4464 1212.0524 1488.2856 970.91266 1016.3232 1251.2236 1488.8243 1117.78 1165.9679 1256.7089 1488.8152 1021.29126 1104.6761 1263.9661 1249.3024 1115.446 1491.7206 1126.1407 889.78845 1489.423 1253.9775 1049.4921 1124.7445 1260.7583 1107.1984 1490.9514 1253.3463 1150.0126 1487.0453 1150.14 1251.2632 1024.695 1009.23505 1486.9199 1115.6204 1147.7358 1105.5059 1506.5288 1262.2263 1166.8251 1150.5813 1494.6726 1111.1028 1255.2622 1074.5774 1485.5634 1149.0854 1128.4617 1245.0905 1480.0845 1118.7253 1122.1265 1243.5671 1496.9105 1506.1334 1102.9246 1005.9457 1214.5688 1488.6106 1156.4371 1119.994 1252.5968 1258.6343 1496.8264 1037.7114 1133.4996 1161.6111 1490.0983 1155.143 1256.916 1493.9664 995.548 1253.2953 1145.0792 1135.7565 1036.1702 1492.7356 1255.1511 1243.1528 1083.4086 1052.0001 1498.2375 1502.5176 1083.3529 1036.0673 1122.348 1136.8986 1494.944 1209.0682 1250.1027 1253.2092 1145.0497 1486.7937 1069.3444 1139.819 928.4585 1494.0533 992.2583 1069.6785 1138.9286 1139.1788 1496.6359 1119.6958 1163.321 1494.475 1107.5006 1489.0022 1257.4084 1077.8885 1085.6139 817.41003 1266.7428 1491.4907 1063.9813 1098.9833 1017.52905 1141.3988 1499.814 1103.6986 973.96716 1250.3308 1489.134 1501.1511 1197.772 1095.1666 812.33136 1137.8826 1257.2379 1036.3965 1495.7272 1257.4677 1034.732 1115.3851 1490.4369 1041.8174 1218.0232 1001.6387 1503.4908 1515.391 1213.8323 989.0647 1091.8132 1493.5862 1254.4448 1032.1497 1097.714 1491.4214 1030.0614 1211.2047 1113.321 1069.7832 1038.6155 1500.6937 1202.5493 1121.2817 1488.2155 1123.8275 1217.3032 1184.6299 1496.5311 1122.5238 1258.4227 1489.8815 1028.1904 1249.7344 1214.8981 981.4998 1125.3031 1237.7744 1492.0264 1056.6971 1259.435 986.81433 1491.7909 1261.0322 1134.8325 1070.7957 1494.487 1109.7955 1039.1564 1077.6359 1506.7655 1157.3479 1257.9515 1488.8115 1075.322 1491.0243 1159.2611 1257.86 1081.8662 1489.7035 1260.8069 1111.9692 1151.9514 1252.4506 1121.7345 1125.4601 1493.8702 1497.453 1273.0834 1129.5757 1137.3308 1259.2953 1118.4921 1491.9236 1202.96 1496.0293 1092.8539 1143.0585 1245.0022 1154.0834 1202.2117 1496.8164 1096.9357 987.091 1494.0514 1004.3402 1250.1179 1124.8331 1266.744 1117.7767 1498.0891 1110.818 1160.0105 1502.7722 1152.1191 1497.7504 1167.895 1051.977 1117.1576 1070.546 1505.2369 1029.7916 1217.5508 1164.8741 1256.9862 1118.9788 1499.1573 1494.4556 1095.4565 1214.9728 1148.3593 1109.1606 1511.297 1092.4113 1194.0651 1485.5239 1135.8827 1035.4298 1252.1265 1111.0763 1120.6188 1486.9407 1246.6798 1490.5397 1133.9575 1257.197 1165.9586 1260.2501 1085.3665 1493.3396 1094.0116 1491.3661 1254.2013 1122.4341 1077.4973 1504.6366 1154.3804 1057.1256 1022.2293 1490.9475 988.68286 1250.7273 1089.0305 1085.2113 1187.1757 1184.8828 1500.1107 1151.5356 1251.9966 1489.7479 1179.2068
 93 1105.9435 1104.6146 1467.4012 1186.9105 1469.3219 1078.6709 1175.4718 1128.3494 1015.2584 1100.2728 1472.3098 1189.2596 1105.5309 1047.7102 1474.1127 1151.0419 1106.7198 1135.9542 1182.1929 1466.7107 1123.5585 1184.9299 1161.6882 1473.8589 1042.0448 1190.6874 1074.2725 1465.6692 1024.1444 1474.7267 1125.4159 1163.4689 1132.0574 1463.1523 1108.3192 1148.6195 1069.7316 1178.385 1468.9287 1162.8873 1466.8376 1085.1823 1191.4916 1041.6246 1132.0736 1105.3588 1130.395 1471.3394 1019.2748 941.5924 1464.0056 1141.2888 1185.6863 1462.6155 927.31396 1112.3872 1463.5319 1075.619 1001.12244 1184.3616 1463.9692 962.6852 1001.974 1183.2253 1466.0927 1101.2274 1149.84 1181.958 1466.4524 1049.0448 1128.4921 1173.2904 1173.4047 1136.0195 1472.0068 1130.458 876.9384 1466.9144 1171.4666 1059.4695 1120.9355 1192.2783 1091.6492 1466.9839 1173.4653 1136.6871 1470.3082 1132.3411 1185.9583 1003.03723 1004.009 1467.1381 1038.717 1140.569 1084.4929 1470.7462 1185.5364 1154.9604 1158.0605 1462.2557 1101.2471 1178.3097 1054.9978 1468.419 1133.9211 1119.1902 1181.3678 1471.806 1119.708 1116.5634 1161.0089 1471.2334 1465.0076 1085.2627 986.4149 1195.0096 1468.4087 1145.6858 1098.8707 1185.8337 1177.8389 1467.5754 1003.79285 1105.5396 1142.7123 1465.6598 1156.7007 1202.165 1470.1232 971.01984 1194.7727 1138.4471 1113.743 1048.8137 1465.5148 1173.0511 1169.0419 1059.587 1053.4547 1470.0149 1469.6404 1087.9229 1017.34784 1104.462 1100.6694 1463.7665 1193.7899 1169.6863 1185.3833 1120.6332 1466.7426 1050.6765 1125.4537 938.4343 1474.4034 978.89 1057.0583 1147.362 1149.1194 1472.7347 1104.6256 1148.0397 1473.7412 1091.7046 1469.1161 1182.9553 1063.1388 1092.1094 793.17755 1202.1299 1467.5638 1054.8993 1078.9918 1006.13654 1155.5305 1471.0475 1131.7753 960.29175 1166.266 1467.2982 1467.2323 1164.3735 1070.9346 793.36005 1140.6277 1194.6298 1038.1289 1472.5823 1180.3716 1012.4483 1080.0448 1467.6111 1025.2303 1140.1364 968.52783 1466.045 1477.6628 1123.5073 956.89624 1072.0205 1469.8932 1166.3734 994.2656 1080.3389 1471.3717 1009.029 1149.6099 1134.9879 1048.085 1017.95294 1469.4146 1181.2474 1098.133 1475.2583 1121.2037 1157.9714 1151.9865 1465.1637 1097.7405 1173.3505 1466.1868 1016.05115 1139.7401 1197.1895 953.76117 1116.5134 1162.8816 1470.2625 1029.755 1183.7406 969.1045 1470.0066 1180.9069 1129.5822 1044.4657 1467.3689 1111.5167 1028.2705 1093.604 1465.2892 1151.0216 1187.7906 1470.923 1045.2684 1468.2871 1143.5682 1191.6274 1076.575 1466.3834 1194.5402 1091.7278 1158.5289 1187.9154 1141.5115 1117.9749 1471.6823 1472.2161 1174.539 1134.3241 1137.1105 1180.7611 1093.6215 1466.3114 1173.3507 1469.0331 1094.8549 1117.0725 1170.4899 1145.8647 1110.0856 1466.8734 1087.0521 964.79535 1466.8657 1010.6724 1151.1343 1125.7195 1183.837 1102.4733 1468.245 1093.5851 1144.8208 1471.4349 1142.9867 1472.0736 1149.8594 1036.3877 1099.215 1048.4952 1465.2626 1000.1405 1180.7618 1149.3838 1172.3298 1097.6953 1471.4312 1472.9728 1062.2827 1145.1986 1139.5886 1123.9575 1464.3378 1058.0043 1110.1414 1470.9181 1131.8562 1041.5057 1177.6545 1110.6213 1104.914 1468.7943 1152.7126 1439.4496 1113.2255 1177.3959 1187.851 1191.0621 1084.1017 1467.1462 1059.8761 1466.3275 1163.8811 1114.7858 1083.6998 1467.9889 1157.4003 1037.2843 1008.72784 1467.1661 952.3942 1166.0768 1062.0306 1078.877 1138.6744 1149.182 1471.1068 1132.4104 1184.8009 1467.6667 1170.0482
 94 1145.0825 1141.4583 1530.9473 1207.0165 1530.6647 1121.2264 1206.06 1276.0192 1097.9271 1334.6178 1531.5409 1229.7422 1328.5345 1099.3414 1532.2119 1201.4454 1138.0803 1164.0747 1194.8607 1531.0476 1288.5896 1219.1077 1211.6637 1533.2996 1070.8844 1211.0239 1111.29 1530.526 1060.3611 1533.004 1307.879 1175.6997 1167.2712 1529.8092 1142.1565 1218.4235 1104.9071 1193.5271 1531.667 1226.2714 1532.482 1123.4783 1208.8698 1086.2904 1170.2125 1142.2583 1167.0691 1531.3663 1058.22 995.9196 1530.681 1285.0385 1202.7491 1530.156 950.91974 1143.7504 1531.6658 1105.9576 1032.7935 1156.7883 1530.1626 994.3482 1020.0672 1204.9329 1529.8549 1138.2625 1225.4156 1200.3274 1531.0756 1086.2034 1154.3014 1191.8237 1211.2096 1201.9883 1531.708 1298.1295 909.0296 1530.9155 1190.6035 1102.5282 1146.3148 1202.9075 1131.8956 1530.5199 1197.3285 1261.5006 1531.292 1164.2386 1206.4318 1033.1687 1039.1477 1532.1653 1064.9017 1267.4966 1136.6014 1531.0934 1198.1204 1246.4823 1184.0681 1530.5264 1141.5044 1203.7694 1089.5778 1531.4648 1170.4315 1290.9368 1209.1058 1531.8281 1173.4124 1311.0023 1211.5074 1532.4236 1530.3121 1119.9373 1006.56024 1170.0753 1530.9977 1257.8307 1134.8889 1204.5214 1201.6675 1531.444 1030.9504 1128.358 1179.8062 1531.5248 1191.5416 1215.1943 1531.7557 999.8732 1218.1962 1257.7579 1150.2919 1093.7261 1531.0968 1202.1145 1188.9718 1087.8624 1090.4099 1531.3256 1530.6654 1130.9083 1050.5646 1136.1348 1080.162 1537.5447 1171.3293 1191.3601 1203.422 1154.8118 1530.7231 1088.3628 1292.5303 993.2959 1531.7773 1043.9675 1095.0137 1281.473 1193.7981 1531.7694 1145.2471 1255.6143 1533.3947 1122.7944 1532.4114 1204.0308 1095.8058 1129.7246 811.8188 1210.9319 1532.0396 1096.2081 1115.309 1040.1023 1190.3883 1532.094 1161.7931 988.9346 1187.6516 1530.789 1530.099 1202.0446 1107.505 819.62964 1276.678 1216.2406 1064.6698 1532.7029 1201.261 1041.3003 1115.6953 1530.6847 1059.7135 1169.4491 994.3611 1532.0994 1533.1486 1198.1276 997.3777 1109.7151 1530.9004 1206.5978 1025.1445 1111.4479 1531.5627 1064.7312 1201.0771 1299.3989 1073.605 1036.2913 1531.0879 1193.9971 1140.8964 1532.6815 1299.9133 1206.79 1236.6833 1530.7345 1129.9797 1191.661 1532.9441 1072.1748 1110.4037 1163.6406 981.4663 1156.5138 1189.3378 1531.4457 1055.7769 1194.3417 983.3529 1531.281 1194.6736 1151.372 1067.9712 1531.3611 1145.5015 1055.993 1143.408 1531.6432 1250.3738 1203.4657 1532.126 1073.4087 1531.7941 1184.3948 1207.0477 1110.5859 1531.0818 1205.2524 1120.5564 1178.1597 1218.446 1290.9536 1165.3171 1531.7063 1536.7407 1206.8632 1171.7709 1157.2771 1197.5822 1127.9573 1530.674 1198.4651 1531.4244 1139.6609 1152.4595 1203.5884 1265.1576 1144.2344 1533.1915 1131.1295 984.3461 1532.4202 1032.7905 1180.4624 1160.1774 1191.212 1118.676 1530.9927 1129.8707 1263.9568 1532.0392 1174.841 1531.207 1239.3387 1068.5098 1136.3136 1064.4935 1530.5835 1026.661 1184.89 1248.1984 1186.6372 1118.4143 1532.0919 1532.5187 1096.311 1176.0612 1274.8702 1319.4086 1535.5157 1093.3585 1141.2258 1531.0919 1288.8761 1094.2106 1200.5624 1150.6729 1136.472 1531.8684 1183.3091 1533.6901 1136.2532 1199.602 1168.0326 1203.945 1123.4895 1531.02 1077.9601 1531.6074 1203.787 1158.2074 1115.0676 1531.3079 1183.8306 1071.6415 1039.1864 1530.8594 968.6266 1186.7675 1086.6559 1114.8134 1177.166 1233.4117 1530.3817 1264.3905 1213.3649 1531.3961 1181.7732
 95 1153.6344 1150.2676 1545.3403 1214.3463 1546.7888 1128.2129 1213.1609 1288.6302 1106.2546 1350.2758 1547.1165 1238.1538 1342.9762 1106.0673 1549.4995 1207.5054 1123.0488 1071.6523 1192.0459 1545.8376 1290.9242 1223.8628 1129.4849 1544.724 1074.6807 1218.5922 1119.2223 1544.9702 1066.7153 1546.8933 1321.4072 1182.4534 1177.3052 1547.2228 1149.279 1234.4396 1112.5758 1199.091 1544.8192 1236.8793 1547.9543 1133.1052 1217.4592 1093.4569 1177.9464 1149.905 1176.3098 1545.732 1057.1816 991.7154 1550.2979 1266.0956 1207.4657 1546.8658 943.49414 1077.6273 1547.3517 1107.7471 1032.8601 1100.2322 1546.2079 999.913 1023.2742 1213.5529 1545.863 1147.0276 1173.2345 1201.687 1545.6444 1071.3259 1049.816 1188.1593 1208.0343 1052.6755 1546.6599 1267.0979 916.1803 1545.8027 1198.2694 1109.7513 1073.3927 1194.4314 1142.4958 1545.5394 1205.2051 1276.3479 1546.6084 1171.8734 1213.0356 1037.8473 1046.4292 1544.9913 1069.0521 1248.421 1141.0284 1546.3662 1200.7098 1254.8066 1090.3821 1546.1693 1150.385 1210.6852 1096.9902 1544.9752 1177.8723 1305.2031 1218.0154 1545.5209 1111.0183 1310.4003 1204.6517 1545.696 1547.6038 1123.8358 1005.6435 1113.1504 1545.7118 1269.8391 1141.737 1212.1842 1202.5013 1545.5306 1032.2904 1090.4343 1181.0076 1544.8105 1140.4329 1221.3792 1545.7054 1007.7287 1222.8059 1266.5844 1158.4882 1100.5868 1546.3304 1210.0245 1211.1858 1099.744 1103.1421 1545.7229 1546.918 1140.1803 1058.1527 1143.7411 1079.259 1547.5413 1152.8273 1195.3518 1207.591 1113.6836 1545.3151 1101.2695 1307.772 1001.90576 1547.3579 1052.712 1072.3608 1272.2533 1085.7697 1547.0461 1150.7545 1263.7852 1544.8165 1129.5638 1544.5483 1211.1117 1102.5747 1136.7434 819.8667 1230.2826 1545.2361 1103.3507 1128.0947 1034.092 1124.1432 1545.3214 1041.9854 987.71967 1189.3448 1546.4398 1546.228 1141.6731 1102.6661 814.20844 1286.976 1221.2537 1069.8734 1544.7712 1207.8502 1048.2806 1126.2444 1546.1655 1054.6029 1187.0515 1002.1851 1546.4291 1545.4958 1206.3207 1002.83655 1116.2969 1546.6346 1198.0188 1017.0776 1040.0145 1546.926 1067.9382 1200.9784 1309.1469 1066.6024 1018.2881 1546.5461 1141.9847 1147.1113 1545.9861 1312.509 1206.9379 1247.4163 1546.1343 1136.664 1198.5964 1546.424 1067.3104 1118.9133 1111.14 988.54315 1166.0474 1203.3188 1545.4076 1060.8948 1202.3458 984.4898 1545.792 1194.973 1057.023 1056.8884 1545.7397 1035.3203 1031.9282 1142.4711 1548.9171 1260.6813 1210.4205 1545.0427 1079.4321 1544.6875 1192.9619 1213.369 1116.0328 1545.4312 1207.1667 1117.8677 1123.5444 1216.0776 1283.1832 1092.6166 1546.2186 1545.9357 1199.9686 1167.3718 1051.5172 1204.6677 1132.442 1545.2502 1152.244 1546.845 1141.7435 1161.5962 1209.0591 1277.5735 1169.2781 1546.4252 1138.1313 987.4383 1547.9009 1035.5791 1189.105 1160.188 1187.4314 1069.7643 1546.7117 1114.3955 1267.4556 1547.3307 1062.2446 1545.8536 1248.9261 1076.9244 1140.6094 1048.8573 1547.3849 1017.31134 1122.5956 1171.7892 1183.4784 1127.5656 1548.3547 1545.7074 1106.5148 1194.064 1287.3544 1341.999 1547.2317 1108.391 1179.3114 1546.2208 1298.6409 1040.5455 1208.3663 1057.3712 1132.9358 1545.6328 1191.3125 1546.6808 1105.2234 1189.9102 1008.89246 1209.3322 1129.5015 1546.0579 1082.9683 1547.7657 1215.3213 1087.0569 1114.2961 1531.7384 1057.9067 1085.9459 991.5493 1546.4446 972.5434 1195.4115 1092.3083 1126.2755 1200.9783 1248.1307 1544.758 1271.0363 1223.2728 1544.8379 1137.9783
 96 1149.6818 1146.624 1539.2303 1210.3751 1539.0374 1123.6227 1208.4501 1283.7329 1102.3 1346.0361 1539.4202 1233.7832 1338.6309 1101.348 1539.4918 1204.9531 1113.8677 1043.6737 1185.9152 1538.8976 1285.0197 1220.2506 1103.8009 1539.1162 1070.942 1214.4808 1115.2465 1539.2104 1064.3999 1539.3142 1316.7594 1178.6864 1174.155 1539.0381 1145.9719 1231.2753 1109.1323 1195.731 1539.1688 1233.7676 1539.6396 1128.125 1212.8119 1088.6405 1173.4667 1145.5637 1172.4111 1539.1703 1052.8359 987.40826 1539.1636 1256.8701 1201.324 1539.1418 936.6829 1056.4431 1538.1223 1102.3297 1027.5068 1081.9119 1538.7511 996.1909 1020.8711 1209.1339 1539.2008 1143.0691 1153.2367 1196.1102 1538.9015 1063.0718 1019.6831 1181.1759 1202.0593 1009.9425 1539.2197 1252.3202 912.7638 1539.049 1194.3506 1105.5624 1050.4203 1187.0951 1138.4623 1539.1099 1201.355 1272.1399 1539.3564 1168.3372 1208.8851 1034.05 1043.5731 1539.0803 1065.4453 1234.9402 1134.524 1538.5739 1196.1448 1250.2668 1062.6852 1539.2424 1146.7815 1206.7769 1093.4535 1539.1823 1174.0582 1300.5334 1214.3378 1539.191 1090.091 1304.1548 1197.722 1538.5643 1539.3103 1118.2349 1000.56683 1094.3284 1539.0745 1265.9923 1137.5747 1208.3223 1197.2919 1538.402 1027.6825 1076.9747 1175.8218 1539.0667 1122.4857 1217.6042 1539.0673 1005.00037 1218.8196 1262.4257 1154.2375 1096.1945 1538.5841 1205.7699 1212.252 1097.8376 1101.2347 1538.5426 1539.2064 1135.8458 1053.79 1139.8113 1075.4198 1537.4789 1141.7953 1189.8422 1203.1422 1097.8848 1539.3698 1098.6019 1302.1207 997.08606 1538.7291 1047.915 1060.677 1262.4521 1053.7628 1539.4175 1146.8483 1259.438 1539.1536 1125.9357 1538.9343 1207.9962 1099.4263 1133.7307 818.1 1229.9066 1538.8778 1099.1854 1125.6467 1027.1497 1102.2435 1539.2128 1007.4344 982.4453 1183.4475 1539.6372 1539.2487 1120.0884 1094.8436 808.15155 1283.581 1218.0729 1067.5254 1539.1044 1203.9363 1044.9247 1122.176 1539.3202 1047.1274 1186.7281 999.7178 1537.7904 1539.1189 1202.817 1000.28625 1112.8167 1539.0609 1191.2173 1010.3361 1018.39557 1539.0428 1064.2491 1195.4917 1304.2849 1059.5881 1009.31647 1539.13 1124.3947 1142.6351 1538.6664 1307.7839 1200.8181 1243.1793 1538.7572 1133.2429 1194.6931 1538.4553 1059.0647 1117.1484 1093.5195 985.39404 1162.4943 1201.1455 1538.8433 1057.7955 1199.962 981.8595 1539.5603 1189.7822 1029.4232 1049.4233 1538.9199 1001.92126 1024.6532 1137.7538 1538.5824 1257.3619 1207.4354 1539.1913 1076.6798 1539.15 1189.3632 1209.6748 1112.5875 1538.8918 1201.9292 1111.741 1104.8922 1210.0028 1274.3988 1069.4816 1538.6678 1538.1115 1193.1459 1161.5918 1024.21 1200.7874 1127.7621 1539.0911 1135.0182 1538.9658 1135.6436 1157.4514 1204.8074 1274.4232 1170.2185 1537.3129 1135.7206 984.6333 1538.776 1033.679 1185.0643 1154.673 1182.2495 1054.049 1538.4387 1106.037 1260.1239 1539.3118 1030.4368 1539.2322 1244.7216 1073.6393 1136.1238 1040.401 1538.7081 1009.90497 1102.7571 1146.1248 1178.2416 1124.8165 1539.1476 1538.8138 1103.7805 1193.8772 1283.3705 1340.0488 1537.1324 1107.1727 1185.5278 1539.2137 1293.3066 1020.61206 1204.573 1028.5344 1127.0851 1539.3821 1188.1262 1538.7974 1093.427 1183.5315 969.605 1205.3268 1125.048 1538.9197 1079.9901 1539.1405 1211.7996 1062.3405 1108.5172 1543.065 1015.9708 1099.8662 973.29517 1539.0013 969.82874 1191.5459 1089.1134 1123.643 1201.1804 1244.9106 1538.536 1265.9257 1220.3152 1538.9126 1121.686
 97 1149.7057 1147.4769 1535.7076 1245.9281 1531.6312 1126.4445 1246.993 1290.2003 1105.054 1355.4452 1532.6882 1265.1042 1352.4249 1107.155 1524.9321 1260.4963 1114.3264 1049.5715 1227.6227 1532.2559 1291.45 1255.6783 1101.9155 1532.7211 1074.9639 1241.7028 1117.3079 1535.2029 1071.5099 1529.61 1309.1367 1230.5066 1170.0056 1522.3071 1141.2493 1223.7705 1110.5184 1239.1965 1529.897 1224.7842 1535.7236 1129.9052 1242.3722 1085.7057 1166.5886 1139.4993 1166.0237 1525.2855 1052.745 990.28845 1522.1254 1259.9547 1235.2408 1534.6512 945.5163 1060.0594 1519.861 1097.8668 1025.3223 1080.9082 1534.2179 992.5419 1030.4852 1240.7965 1534.6259 1140.7372 1157.4913 1235.5194 1534.1588 1069.5646 1026.4617 1226.6199 1246.2074 1010.17456 1530.177 1264.0438 909.7315 1533.1885 1238.66 1102.0405 1062.2352 1227.3572 1134.9316 1533.8898 1242.5684 1273.3213 1531.8893 1166.7031 1244.5978 1039.2568 1037.4971 1535.2468 1062.7909 1227.9982 1125.127 1521.6656 1234.4114 1248.2573 1060.393 1531.0472 1141.3352 1246.7035 1094.6212 1534.1467 1175.1227 1305.038 1249.3804 1535.1761 1099.5665 1319.2433 1248.0553 1526.0294 1522.5253 1113.7788 996.6241 1089.8666 1532.8984 1265.9141 1141.2498 1245.2277 1240.085 1528.3964 1038.5288 1093.79 1174.99 1533.5658 1120.2561 1241.237 1528.959 1010.55316 1248.2081 1273.0911 1155.4873 1098.8972 1530.793 1246.8588 1254.2648 1102.481 1109.4132 1525.82 1522.9976 1129.2737 1047.4946 1134.3237 1088.6243 1531.0969 1145.0762 1235.5078 1236.4099 1102.1917 1536.545 1095.711 1295.2668 991.49365 1524.5236 1042.8689 1056.1732 1258.3695 1052.397 1525.5751 1140.1105 1254.9302 1526.2155 1120.3116 1533.1891 1246.5516 1097.0597 1130.3835 823.2096 1254.9003 1530.6436 1092.1904 1119.1039 1019.28644 1096.9061 1525.3247 1010.02094 983.25714 1230.8273 1535.3793 1524.4847 1114.6384 1087.3134 804.49207 1293.4906 1252.2449 1075.482 1526.59 1243.2178 1047.8896 1128.2941 1531.9459 1040.8336 1239.6542 1014.01917 1523.6621 1530.4374 1235.5752 1014.523 1117.8369 1529.2924 1245.4724 1026.8215 1033.2029 1529.099 1084.4977 1246.1827 1321.5533 1057.3711 1009.1796 1524.7045 1124.9387 1149.5116 1530.2311 1314.3986 1242.5741 1249.0902 1530.0901 1147.3259 1238.4353 1534.042 1057.7042 1197.9587 1090.9769 991.98456 1168.4585 1240.9229 1532.2521 1058.2878 1241.7681 990.3748 1530.3888 1231.2462 1041.7542 1054.5009 1530.0153 998.7022 1023.50964 1133.218 1516.6097 1259.1005 1244.305 1533.413 1088.0101 1532.1704 1182.6941 1241.5803 1116.5371 1533.882 1233.6503 1115.0223 1110.8818 1248.4818 1289.434 1079.3529 1529.3525 1522.1981 1250.1365 1159.177 1046.2024 1238.3271 1127.6672 1531.0876 1133.0397 1527.6018 1136.1019 1156.8468 1244.1736 1276.019 1236.4495 1529.0189 1132.7747 990.289 1531.3507 1034.5867 1241.5947 1160.2714 1232.4309 1070.3044 1527.3391 1105.6025 1254.8549 1521.295 1026.8894 1525.2069 1241.4938 1068.4369 1133.8531 1037.1113 1521.9656 1004.12946 1103.8147 1152.2804 1237.4637 1139.7571 1523.6613 1526.4937 1114.2732 1243.8632 1281.7932 1344.5026 1515.6617 1116.2916 1243.7224 1532.1162 1295.202 1018.15936 1245.518 1026.9623 1126.4792 1534.4523 1241.2916 1527.5779 1098.4349 1233.763 987.34186 1240.0106 1125.7356 1530.0718 1091.3588 1530.58 1255.7422 1066.3477 1096.8278 1512.608 1024.347 1076.6184 977.3029 1532.6182 982.914 1235.7373 1095.2194 1141.4487 1257.3727 1246.0142 1533.338 1270.2152 1252.3926 1531.5463 1116.0322
 98 1162.0184 1161.1276 1543.3707 1355.9244 1542.75 1157.4899 1369.9707 1328.34 1128.1143 1400.7189 1542.8473 1373.1931 1412.847 1146.8047 1541.2045 1423.8259 1153.9789 1182.0516 1367.0918 1542.4669 1335.5134 1368.6676 1189.1683 1541.9346 1098.7104 1327.3903 1137.55 1543.669 1102.172 1542.3751 1311.1024 1389.1307 1183.8612 1540.8033 1151.3805 1234.1443 1137.0592 1373.3976 1541.7144 1232.9005 1542.4282 1148.796 1333.8403 1111.2528 1178.8325 1152.5632 1177.79 1539.9178 1066.3615 1006.6521 1541.9395 1278.1282 1345.6724 1543.0936 992.46045 1150.3956 1540.873 1118.6741 1073.929 1145.4017 1543.8005 996.0996 1075.9423 1342.66 1542.5831 1148.7706 1212.6472 1357.3668 1543.238 1151.3785 1146.0846 1375.7268 1393.8804 1172.4474 1542.156 1352.6747 913.1627 1542.8225 1374.8351 1136.8153 1162.6232 1360.7823 1140.9988 1542.4979 1369.6499 1296.817 1541.9424 1177.9601 1356.0741 1065.5632 1029.7358 1542.8331 1077.0903 1260.9587 1141.7191 1540.363 1360.92 1273.3643 1199.4811 1541.903 1141.2504 1367.9778 1112.1713 1541.5793 1190.3059 1332.9773 1356.368 1542.156 1182.8025 1381.8813 1409.4718 1541.5189 1538.2682 1119.9277 1009.1561 1177.9222 1542.9227 1282.7266 1166.1488 1355.0219 1377.9829 1542.0886 1087.8906 1176.2999 1194.3328 1542.1772 1175.8804 1320.5869 1541.8586 1041.1372 1343.7184 1313.6306 1178.4336 1139.1956 1542.9938 1375.8104 1353.2501 1126.3246 1137.5374 1541.3368 1539.9746 1164.6051 1061.4863 1147.6139 1143.8867 1543.691 1211.0801 1373.6698 1340.5063 1165.7322 1542.8982 1095.4564 1312.1996 1015.2035 1541.0435 1058.3607 1085.4095 1283.8823 1146.5854 1541.1587 1149.3312 1270.319 1539.7195 1132.8125 1541.4341 1363.5109 1105.9194 1143.346 867.75793 1432.6927 1537.2229 1080.8905 1126.0887 1039.7205 1168.4948 1540.5577 1136.1919 1001.35474 1378.8141 1542.8518 1540.3252 1207.3899 1114.5372 829.4708 1342.4127 1364.1952 1132.628 1540.8032 1365.0803 1070.485 1163.1959 1542.0907 1056.5265 1347.1711 1054.6027 1543.1315 1541.2388 1341.924 1066.186 1148.3506 1542.0156 1418.3442 1096.8213 1151.2671 1542.34 1126.591 1337.3744 1365.0934 1086.3671 1049.0698 1540.8319 1200.993 1179.0604 1542.348 1344.1128 1336.7358 1284.229 1542.2789 1198.5845 1375.5074 1542.7388 1077.0768 1420.1359 1176.0431 1023.576 1211.6278 1357.7351 1542.7435 1074.23 1370.1526 1022.41565 1541.2919 1364.7755 1155.3405 1095.2917 1542.1152 1142.2565 1070.417 1173.2891 1541.9923 1272.439 1356.7394 1542.6688 1129.6943 1542.2046 1182.997 1344.9298 1156.2443 1542.7167 1341.9647 1151.6062 1207.4368 1379.263 1365.4194 1181.594 1542.066 1540.3331 1429.8572 1205.3593 1252.757 1357.3293 1151.558 1542.2883 1211.0078 1541.4435 1183.1096 1177.9646 1357.1484 1288.7751 1346.2622 1545.5629 1134.9646 1017.9429 1543.4012 1054.1039 1411.6604 1198.4441 1395.3534 1194.7682 1542.1052 1147.6682 1286.0167 1539.6643 1175.4218 1539.9393 1259.6908 1079.7697 1151.9814 1076.8397 1540.7881 1030.6414 1205.944 1253.83 1411.3865 1175.5168 1541.122 1541.133 1144.6606 1327.5585 1299.5208 1368.8346 1543.0503 1143.7733 1329.5371 1542.0826 1322.6421 1067.6504 1372.0433 1140.5631 1148.4396 1542.8998 1404.7633 1541.865 1153.7753 1393.9148 1152.31 1350.8771 1169.2162 1542.2314 1136.842 1542.3969 1391.4894 1166.5964 1085.1277 1547.2148 1198.341 1084.5809 1048.4169 1542.5989 1029.9518 1372.3838 1126.3938 1167.6522 1344.9949 1261.5593 1542.7186 1302.5421 1336.9382 1539.9653 1186.074
 99 1159.0199 1158.9784 1539.422 1347.1141 1539.9758 1139.0723 1372.5892 1327.0852 1124.6232 1396.6973 1539.2687 1365.1107 1413.8807 1147.1987 1539.5447 1428.8359 1153.4214 1181.9908 1370.6284 1539.2479 1334.991 1370.9734 1188.7952 1539.5515 1097.7637 1327.5566 1136.4501 1539.7341 1102.8076 1540.4938 1310.0203 1393.6428 1183.9095 1540.3318 1150.951 1234.0588 1134.0656 1376.1577 1539.5134 1214.5347 1539.7313 1146.5763 1336.0364 1086.9663 1178.6719 1152.3844 1177.5901 1539.5929 1066.3218 1006.3572 1539.9585 1278.5015 1348.638 1538.986 995.50635 1169.3502 1539.681 1117.2593 1043.9034 1157.8615 1540.0144 993.18713 1054.4154 1342.3181 1540.2776 1148.012 1220.465 1361.2867 1539.7986 1118.888 1167.4038 1379.9164 1397.1514 1183.371 1539.4286 1354.9049 912.5712 1539.7734 1377.4016 1113.7457 1161.8562 1363.6279 1139.7703 1540.0817 1373.3383 1296.7224 1540.7904 1177.7998 1347.1432 1063.8003 1028.6383 1539.3434 1075.5659 1245.7451 1138.4517 1539.72 1366.1768 1251.8558 1233.3115 1539.0448 1140.1232 1371.3594 1111.8417 1540.0521 1189.7999 1332.8457 1359.0739 1540.5236 1180.8872 1382.8359 1414.004 1539.8184 1544.5781 1113.9117 1003.3793 1173.0194 1539.8768 1281.1194 1164.155 1350.3818 1380.7238 1539.9486 1087.8759 1172.3079 1193.5974 1539.8044 1176.8936 1321.8596 1539.7881 1038.5675 1343.4213 1291.9519 1175.9895 1108.4825 1539.508 1377.4084 1345.0945 1119.9271 1105.1266 1539.9325 1539.241 1148.6826 1060.5764 1146.7279 1142.347 1539.2703 1219.1067 1362.1185 1342.6686 1166.5403 1540.244 1093.9937 1308.3744 983.1679 1539.4716 1053.4204 1086.4543 1284.4032 1154.0867 1539.6945 1149.3125 1270.4814 1539.7438 1133.1975 1539.6082 1364.4774 1112.3508 1108.2498 866.98584 1427.2753 1539.2067 1082.6753 1125.4106 1040.1527 1173.9987 1539.6626 1166.1792 1001.95135 1384.0162 1539.4962 1538.2474 1228.254 1118.7856 832.60516 1340.8108 1363.9191 1098.7908 1539.5374 1368.529 1070.4192 1163.2362 1540.5844 1058.2306 1333.4417 1050.6638 1540.382 1539.7357 1344.9546 1067.4829 1148.8419 1539.8757 1419.8638 1094.9103 1132.4694 1540.3887 1121.4106 1324.5243 1360.4805 1085.1674 1047.0933 1539.9081 1196.2802 1175.8097 1540.3507 1340.063 1325.0007 1282.672 1539.5258 1174.1302 1375.921 1539.2185 1073.4425 1425.0021 1161.044 1018.9071 1179.1107 1357.6406 1539.7279 1074.4355 1374.2313 1023.2709 1540.6389 1368.329 1158.8516 1095.8168 1539.8678 1179.7097 1080.0869 1145.2053 1539.5287 1251.6049 1359.2501 1539.8103 1127.7318 1539.7064 1184.1388 1346.1993 1134.627 1539.7563 1342.6381 1148.6282 1200.4617 1381.793 1364.8644 1180.2257 1539.8583 1539.2407 1435.2164 1166.0287 1290.6898 1360.3397 1151.7151 1538.8439 1228.4651 1540.3673 1159.8169 1178.7462 1353.5863 1286.3678 1332.0247 1540.5348 1133.6385 1014.16046 1539.6736 1021.4151 1415.1195 1175.014 1402.2462 1214.9445 1539.9329 1146.3892 1284.956 1539.2635 1171.3964 1539.8119 1259.8978 1079.8301 1152.3253 1075.345 1539.848 1030.5422 1201.8594 1265.9233 1406.0952 1174.5977 1539.6687 1540.2626 1140.9683 1315.5543 1298.6969 1362.6458 1539.9379 1138.1652 1310.4799 1539.8776 1320.503 1046.3646 1375.1617 1138.5693 1146.7048 1539.0505 1409.04 1539.784 1155.9447 1397.9541 1164.9215 1352.793 1144.0302 1539.5419 1136.6371 1539.4819 1395.0815 1174.0157 1082.6962 1539.903 1202.3682 1081.0781 1046.339 1540.102 1031.2878 1376.0995 1126.6597 1163.0287 1329.9615 1258.7207 1540.5143 1303.281 1342.0247 1539.9395 1182.4359
 100 1159.4181 1159.0071 1539.9475 1346.4387 1540.2256 1140.7328 1371.739 1326.3356 1124.0958 1395.56 1539.8292 1362.8706 1413.948 1147.2751 1540.1458 1428.6943 1142.4669 1133.5497 1365.0741 1539.5297 1333.5825 1370.6464 1178.1954 1539.6357 1099.001 1328.3673 1136.6045 1540.6995 1102.0172 1539.7775 1308.7788 1393.2712 1183.1353 1540.1312 1151.3296 1233.0966 1134.0197 1375.7555 1539.5946 1214.5698 1539.693 1146.3124 1335.7198 1088.8237 1178.7843 1152.3702 1177.653 1540.2739 1065.4789 1005.4682 1540.5121 1277.376 1346.5839 1539.8038 988.5996 1131.6962 1539.6989 1116.8519 1043.621 1159.9485 1539.6296 992.7439 1058.5878 1342.175 1540.1296 1147.2744 1220.8601 1360.4888 1539.7164 1103.4302 1117.1211 1363.4106 1391.5917 1131.3562 1539.7086 1339.3318 912.55396 1539.7767 1377.2394 1113.8838 1146.8026 1360.6136 1139.6696 1540.299 1372.6635 1296.1125 1540.1731 1177.2355 1343.8472 1063.195 1028.7383 1539.5956 1075.4435 1249.7312 1139.9069 1540.6388 1359.1213 1252.6018 1120.15 1539.7323 1140.1595 1370.7184 1111.4833 1539.9929 1189.1907 1332.7773 1358.6926 1540.0045 1170.8329 1380.476 1411.2437 1539.3453 1538.7236 1130.4716 1011.6892 1141.009 1539.8915 1280.8695 1163.9276 1352.1923 1380.1755 1539.604 1087.3058 1172.0585 1192.1656 1539.6497 1167.2054 1321.3826 1539.5403 1037.0114 1341.839 1286.7421 1176.0049 1111.1359 1539.5403 1376.9626 1340.746 1119.3784 1108.6198 1539.8666 1540.2638 1151.3713 1061.0 1147.0411 1131.7051 1539.4287 1178.9977 1356.7776 1341.4786 1155.5903 1540.3989 1094.5325 1308.5071 985.35364 1540.1764 1054.294 1081.6232 1281.3866 1131.6073 1539.9393 1149.0232 1271.2146 1539.393 1132.448 1539.5687 1366.8153 1103.6927 1134.9873 862.25397 1407.683 1540.146 1085.4603 1125.3501 1039.8336 1170.4817 1539.8147 1092.3835 997.70776 1378.6195 1539.7211 1539.9543 1195.5004 1112.6844 827.10144 1339.3475 1362.3662 1092.31 1539.7623 1367.9039 1070.1696 1161.9863 1540.127 1056.9813 1338.1469 1052.0024 1539.635 1539.6681 1344.4154 1066.974 1147.8953 1539.8643 1415.9502 1091.1388 1114.0721 1539.811 1122.7854 1328.5421 1361.2618 1083.6234 1044.9807 1539.9341 1192.2201 1175.3954 1539.847 1339.9281 1325.3376 1283.6367 1539.9077 1182.4176 1377.3022 1539.7759 1071.3392 1412.2502 1168.0353 1010.49097 1174.0236 1332.6522 1539.6487 1073.9233 1373.8104 1022.0959 1540.3219 1365.5563 1123.5061 1089.4954 1539.6036 1098.4496 1058.9895 1154.8911 1539.1885 1254.3834 1359.1461 1539.8284 1127.8252 1539.7223 1183.9503 1345.5687 1133.7445 1539.5955 1339.9927 1144.3444 1179.1078 1381.0359 1364.1239 1180.1681 1539.953 1539.9725 1367.2772 1153.7997 1123.8329 1359.805 1148.7087 1540.1704 1186.1555 1540.1906 1158.1584 1178.1962 1362.2993 1287.3772 1341.8312 1539.4572 1134.1703 1014.574 1539.6376 1024.0762 1415.1719 1166.7266 1377.7988 1086.1157 1539.6774 1136.1656 1279.2457 1539.5316 1117.2346 1540.1715 1259.7701 1079.6924 1152.1466 1067.7114 1539.7023 1025.4252 1179.5312 1239.725 1387.0098 1170.6549 1539.6361 1539.81 1146.5063 1339.5409 1299.6514 1363.2244 1539.409 1139.4436 1315.8654 1540.1788 1320.3962 1048.9706 1374.5948 1079.2825 1142.0245 1539.5127 1404.6074 1539.5172 1143.9347 1393.3499 1112.4728 1352.2634 1141.4249 1539.6477 1136.1273 1539.329 1394.2289 1151.4755 1082.732 1539.6051 1107.9342 1074.3965 1024.8392 1539.8417 1030.5079 1374.8622 1126.42 1163.4304 1332.2842 1258.7522 1540.1215 1302.8435 1346.1943 1539.8864 1169.6301
 101 1159.463 1159.0522 1540.0308 1346.4515 1540.0045 1140.7416 1371.621 1326.1985 1124.1749 1395.6147 1540.0247 1362.8848 1413.9559 1147.2798 1540.077 1428.7334 1142.0485 1130.963 1364.9601 1539.9736 1333.7428 1370.8569 1177.8003 1540.0153 1098.9164 1328.037 1136.3157 1540.1527 1102.0908 1540.2072 1308.9385 1393.4902 1183.2291 1540.2212 1151.4707 1233.2026 1134.2406 1375.9503 1540.0319 1214.8074 1540.0162 1146.4802 1335.8862 1089.0525 1178.6449 1152.2584 1177.6119 1540.0603 1065.4438 1005.52875 1539.9999 1277.3721 1346.4332 1539.9376 988.19794 1129.4819 1540.1106 1116.9907 1043.7765 1160.1146 1539.9292 992.75336 1058.7646 1342.3489 1540.0468 1147.2267 1220.8342 1360.4023 1539.9424 1102.6456 1114.0797 1362.52 1391.5142 1128.5693 1539.9445 1338.675 912.70703 1540.1372 1377.4276 1114.0116 1145.7472 1360.257 1139.4631 1539.9386 1372.66 1296.1053 1540.0663 1177.1865 1343.9312 1063.2728 1028.8926 1540.0154 1075.4261 1249.7773 1139.8474 1540.4315 1358.797 1252.7644 1113.4896 1539.7849 1140.2367 1370.7272 1111.5372 1540.0764 1189.2578 1332.8138 1358.7655 1540.0919 1170.4244 1380.4587 1411.2441 1540.1366 1539.7407 1130.6057 1011.7874 1139.9241 1539.9763 1280.9282 1163.9221 1352.3475 1380.3007 1540.0612 1087.4053 1172.0308 1192.2769 1540.027 1166.7162 1321.5854 1540.0718 1037.0344 1341.8975 1286.6938 1176.3068 1111.5337 1540.1755 1377.2023 1340.542 1119.4446 1108.8256 1540.0154 1540.1284 1151.4623 1060.9199 1147.0089 1131.133 1539.9485 1176.8204 1356.76 1341.183 1154.7075 1539.9741 1094.3721 1308.4512 985.4078 1540.0854 1054.3146 1081.2936 1281.1873 1130.2365 1539.938 1149.3429 1271.4929 1540.0205 1132.7009 1540.0049 1367.0428 1103.9474 1135.763 861.96216 1406.5887 1540.028 1085.5269 1125.4672 1039.9159 1170.2874 1539.998 1087.9438 997.499 1378.4073 1539.9165 1539.9794 1193.5371 1112.2755 826.73395 1339.3711 1362.3843 1092.1691 1539.9706 1367.92 1070.2091 1162.0192 1540.1781 1056.9944 1338.5045 1052.1157 1540.0444 1540.1047 1344.5173 1067.0121 1148.0298 1539.9783 1415.7809 1091.0082 1113.2284 1540.0564 1122.7924 1328.6193 1361.2891 1083.5532 1044.8297 1539.9673 1192.027 1175.4792 1540.0327 1340.0349 1325.3864 1283.744 1540.1794 1182.9178 1377.4977 1540.0538 1071.3074 1411.5812 1168.746 1010.0802 1173.9327 1331.3142 1539.9562 1073.8633 1373.7788 1022.1415 1540.079 1365.585 1121.4286 1089.273 1539.999 1093.6813 1057.7212 1155.3807 1540.1055 1254.6272 1359.2749 1540.0143 1127.8981 1540.0356 1184.121 1345.629 1133.8553 1540.0305 1340.117 1144.402 1178.1257 1381.0253 1364.1377 1180.3173 1539.972 1539.7747 1363.143 1153.8674 1114.1849 1359.7397 1148.4565 1539.9965 1183.5734 1540.0962 1158.2148 1178.2988 1362.7931 1287.6396 1342.415 1540.1074 1134.3456 1014.6685 1540.1346 1024.2814 1415.43 1166.1964 1376.4414 1078.5631 1539.9882 1135.7943 1279.0642 1540.1132 1114.8036 1540.0482 1259.7107 1079.6262 1152.061 1067.4266 1539.9935 1025.3015 1178.3433 1238.2375 1386.1328 1170.5704 1539.9978 1540.0247 1146.9032 1340.795 1299.7986 1363.5826 1540.1433 1139.6992 1316.2234 1540.0334 1320.357 1049.0531 1374.5795 1076.1178 1141.9283 1539.9536 1404.6173 1539.9958 1143.3785 1393.3832 1109.4059 1352.384 1141.4757 1540.0553 1136.204 1540.0535 1394.5477 1150.283 1082.979 1539.8041 1102.6036 1074.1188 1023.7165 1540.1758 1030.4712 1375.0052 1126.5249 1163.3734 1332.3429 1258.7472 1540.0406 1302.9084 1346.4669 1539.9856 1169.0677
 102 1165.6427 1165.7039 1545.5692 1385.0214 1546.5984 1149.5848 1399.2184 1337.2247 1131.4808 1409.6094 1546.6227 1393.024 1398.5577 1146.3702 1548.5221 1410.7467 1161.8881 1203.3546 1398.8076 1545.4742 1346.3789 1394.2109 1221.2024 1542.2666 1108.3915 1371.4291 1147.6438 1549.8313 1108.225 1549.284 1315.248 1408.7352 1187.5195 1547.2905 1155.5507 1236.7328 1140.012 1398.8911 1543.2994 1216.8202 1545.9513 1155.9507 1374.994 1092.2 1182.6426 1155.9045 1181.3994 1544.2832 1071.477 1010.17865 1550.6296 1283.4122 1384.711 1547.9332 1007.23816 1171.6836 1549.5106 1123.5603 1051.1395 1173.8464 1548.8695 995.75854 1072.4229 1382.0133 1547.5714 1152.7448 1237.7815 1393.456 1545.4436 1122.3615 1184.4908 1399.4856 1407.6328 1190.1171 1545.3329 1360.4738 915.7322 1545.4698 1401.0563 1119.7506 1194.1244 1394.4331 1142.6497 1543.5977 1405.4103 1308.067 1551.2917 1186.2007 1383.6577 1073.9713 1029.0715 1545.9575 1080.8115 1257.4042 1145.2268 1546.747 1392.7859 1258.5647 1217.7549 1544.4661 1142.8143 1397.758 1117.6707 1545.2047 1196.4163 1344.9089 1392.3336 1547.3706 1196.7971 1387.7203 1414.9233 1546.9313 1545.8867 1135.3885 1025.8982 1211.2501 1546.8589 1288.1212 1173.622 1389.2075 1403.7217 1546.5079 1098.6865 1202.6555 1202.5011 1545.5254 1198.4241 1359.3866 1545.5463 1049.5417 1377.6346 1303.9524 1183.5317 1119.8455 1548.8585 1402.44 1396.1644 1133.4052 1128.0197 1545.708 1545.3271 1155.7545 1065.1422 1150.9662 1154.4401 1549.3048 1231.3844 1396.3523 1378.5431 1170.5337 1544.8685 1096.7457 1314.6144 990.2192 1546.6101 1059.9468 1094.9897 1292.36 1169.137 1545.4738 1151.1681 1276.3853 1541.4182 1135.7131 1543.3672 1393.9044 1108.018 1139.1433 878.2016 1469.2667 1545.016 1083.3601 1128.3607 1045.9572 1191.5142 1543.9819 1148.3881 1004.47375 1402.9727 1544.3799 1543.0342 1241.1873 1124.1892 837.4938 1353.0791 1392.2244 1103.1106 1544.2787 1396.7095 1077.3544 1173.1903 1546.6355 1063.9093 1395.7435 1073.2247 1560.9542 1547.6056 1383.1593 1086.3177 1160.5846 1544.4076 1417.1796 1101.1005 1167.2892 1549.6356 1149.8097 1389.4 1387.6759 1094.297 1058.8777 1545.3113 1219.6915 1191.3467 1546.903 1357.3438 1378.6936 1293.0797 1547.5029 1194.3146 1402.1663 1543.2994 1080.0046 1412.648 1197.7601 1028.1122 1189.9899 1391.5065 1545.6432 1079.2322 1398.6425 1030.9872 1545.4749 1396.5807 1192.0254 1106.8716 1545.381 1174.8611 1083.147 1170.8395 1552.6094 1260.4996 1388.2592 1542.472 1139.566 1544.6395 1186.2021 1381.716 1143.7478 1545.464 1381.1428 1163.0428 1242.4015 1403.7177 1381.169 1213.0192 1545.72 1545.0719 1406.2772 1164.0322 1271.9861 1391.4778 1156.4674 1543.5413 1230.2863 1545.578 1166.2954 1185.9332 1393.7476 1295.3923 1392.5979 1552.2524 1137.2681 1017.4772 1549.2817 1028.2607 1412.7322 1196.5696 1420.7501 1240.7495 1552.3589 1155.8389 1291.001 1546.4149 1206.1954 1543.7495 1266.3291 1083.1449 1158.7703 1085.3341 1547.6936 1038.7211 1226.4733 1292.607 1409.261 1180.9366 1545.7612 1545.3705 1160.7789 1380.4113 1307.4833 1385.4417 1554.457 1161.5887 1389.471 1545.9463 1328.431 1055.8889 1399.3973 1171.9543 1152.9017 1542.6797 1409.2607 1542.8269 1162.5276 1406.7433 1183.73 1385.7124 1150.1989 1546.7083 1150.9968 1546.9395 1406.9723 1188.5099 1086.2 1544.3077 1196.6337 1082.9414 1045.8011 1547.5569 1041.7123 1401.2786 1134.9369 1179.9186 1385.6903 1268.2819 1545.6459 1324.0426 1396.5267 1545.0964 1201.2979
 103 1162.3292 1162.0466 1537.9142 1394.5292 1537.3737 1145.3462 1392.1832 1331.8257 1128.6544 1407.6698 1537.25 1397.9382 1384.0391 1138.3906 1536.6791 1396.4171 1140.0676 1121.8484 1392.9675 1536.6123 1336.2751 1396.1326 1149.5325 1537.2864 1104.4541 1378.031 1142.8024 1537.6443 1104.5603 1537.1543 1307.2509 1405.7678 1182.9681 1537.188 1151.3741 1231.641 1137.6259 1402.2407 1537.6406 1214.3488 1537.5448 1152.2865 1384.315 1088.5168 1177.9948 1151.1222 1177.1449 1537.9635 1066.6597 1007.2382 1536.6896 1279.4501 1388.6191 1536.4772 1002.5179 1154.258 1535.4055 1114.796 1045.5594 1143.9875 1536.6646 988.59235 1074.5173 1389.0679 1537.8053 1146.313 1213.5664 1396.2904 1536.5592 1105.46 1096.652 1380.9475 1400.5875 1126.4069 1536.7896 1339.4508 911.5455 1537.3401 1403.319 1117.2618 1125.9243 1386.5707 1138.4874 1537.4021 1401.8884 1300.9951 1537.4269 1180.3541 1392.6982 1071.369 1023.11487 1537.6683 1076.3357 1250.7095 1139.364 1538.0446 1393.7302 1255.7004 1134.0396 1536.1274 1138.3918 1400.8899 1114.0568 1537.9465 1192.098 1340.0228 1398.6709 1537.4257 1155.802 1375.1611 1397.9585 1536.6213 1537.4348 1131.2417 1013.9694 1140.6864 1537.5758 1283.4281 1168.5405 1395.1112 1387.624 1536.5134 1088.1768 1158.616 1192.9395 1537.1053 1146.6287 1366.7253 1537.1035 1044.6766 1373.4447 1300.2184 1178.379 1117.5214 1536.8712 1402.4104 1367.8173 1122.7201 1114.0426 1536.7959 1537.9695 1152.9648 1060.6411 1146.8046 1143.1301 1534.4896 1180.8522 1397.4172 1385.624 1148.7906 1537.598 1092.7404 1308.1855 987.51013 1537.7754 1055.8431 1082.9161 1282.6683 1130.6283 1536.9509 1147.8562 1271.2924 1537.352 1132.606 1537.6375 1400.3848 1104.2323 1136.5576 880.36426 1497.3802 1539.714 1078.9396 1126.2783 1035.2474 1152.0828 1537.6012 1099.4681 997.41125 1401.1226 1537.3588 1537.4052 1179.3103 1108.115 824.05566 1351.3857 1396.835 1105.5017 1537.7434 1400.5544 1074.4365 1170.0428 1537.3496 1054.6086 1354.8177 1058.0502 1533.3137 1537.7036 1391.6575 1088.9409 1157.1632 1537.1078 1392.9534 1082.8762 1096.402 1537.6337 1132.1714 1352.0277 1369.6018 1081.2723 1040.7631 1537.1786 1181.1688 1181.0372 1536.4644 1345.9071 1355.2288 1288.5906 1536.7068 1194.3666 1404.3817 1537.4492 1065.2798 1402.9952 1130.4779 1013.59296 1183.2644 1361.1926 1536.4512 1080.4237 1405.6438 1029.7876 1537.0077 1394.9156 1109.6316 1090.1051 1536.7239 1085.943 1053.606 1155.0474 1533.809 1259.433 1395.9248 1537.6558 1139.6891 1537.7448 1180.631 1389.2834 1143.0255 1536.9769 1381.5259 1148.3972 1168.299 1395.5248 1361.92 1139.0048 1536.9868 1536.5612 1402.3082 1157.8992 1192.6019 1396.1594 1150.6029 1537.3734 1194.6897 1531.1665 1157.3586 1173.3463 1354.2538 1285.5457 1365.7249 1533.0656 1131.3654 1013.5458 1535.584 1028.9056 1402.089 1166.1273 1372.5652 1059.4319 1536.8693 1131.3455 1275.2528 1536.5148 1095.7439 1538.0919 1261.0975 1079.5685 1153.721 1056.631 1536.2241 1016.1331 1153.4691 1233.787 1384.3336 1169.8057 1536.8328 1536.9952 1150.393 1357.6656 1300.5797 1366.3054 1531.7666 1148.0222 1349.8578 1538.0673 1324.3866 1054.1112 1401.866 1067.4596 1141.8324 1536.6621 1393.0806 1537.3147 1139.5254 1396.6007 1092.1782 1391.788 1148.1469 1537.1965 1151.293 1536.0182 1402.5725 1135.3403 1081.6182 1536.7179 1125.9653 1074.0516 1026.6542 1537.0004 1039.5455 1403.0486 1131.3215 1170.6179 1366.7673 1261.3529 1537.0674 1317.9316 1408.4979 1537.8988 1157.9011
 104 1156.9252 1152.4869 1541.8541 1284.7915 1548.3336 1135.8134 1258.3435 1148.4054 1046.2969 1139.4719 1544.7799 1256.7958 1130.459 1082.6559 1566.3046 1189.0037 1138.1522 1116.5397 1281.6621 1558.5509 1158.9327 1260.5667 1139.6885 1536.2495 1089.0115 1299.276 1130.7072 1544.8997 1053.007 1559.0327 1155.7905 1270.8488 1182.0879 1568.897 1148.0675 1186.123 1122.382 1276.6038 1547.1356 1194.5944 1541.8113 1140.6492 1293.7722 1114.4805 1184.3035 1155.3337 1183.4009 1556.8019 1037.2603 956.1241 1578.8748 1146.8418 1297.7323 1558.5999 970.46173 1134.4137 1579.9106 1122.7949 1072.5032 1136.9268 1556.1456 994.7911 1056.3512 1297.6626 1549.6946 1146.4965 1175.461 1280.4583 1555.1344 1110.2686 1066.458 1267.9438 1236.2335 1082.6964 1554.0704 1115.9514 915.1998 1552.3561 1276.722 1144.2228 1103.679 1277.8331 1142.8671 1548.4567 1269.4459 1156.0428 1549.3516 1171.4022 1286.6324 1049.2513 1031.823 1540.6786 1072.3921 1168.7168 1137.75 1562.2102 1285.7599 1139.5302 1134.4392 1555.226 1148.0515 1277.2667 1104.0619 1545.7156 1177.1448 1156.6941 1273.3776 1538.184 1109.3628 1121.4177 1210.5458 1563.0966 1570.1012 1142.3699 1022.1582 1204.9287 1547.5571 1160.7367 1145.1307 1280.4614 1269.51 1563.4865 1054.6168 1116.6913 1192.6206 1547.5005 1159.7949 1305.4476 1554.5745 1008.465 1265.026 1142.4435 1173.0145 1217.934 1591.31 1241.2428 1250.256 1114.2316 1116.4755 1563.2384 1563.565 1174.857 1066.491 1151.936 1107.8872 1560.9224 1188.2399 1276.9006 1292.1995 1141.0125 1543.3208 1096.3413 1164.0895 996.0125 1557.8362 1021.00836 1073.9985 1146.5796 1113.1831 1559.95 1142.1089 1171.6395 1547.7626 1140.2543 1542.4056 1282.9264 1100.8601 1148.6482 855.1874 1378.3671 1542.695 1090.567 1132.844 1049.1537 1169.215 1557.7926 1076.259 994.5059 1271.6926 1553.0575 1561.9244 1207.5868 1121.877 829.4439 1135.8285 1255.8395 1097.7714 1549.7714 1281.6392 1062.3898 1145.8336 1554.6588 1063.5659 1246.8248 1024.2955 1576.399 1575.2897 1309.3802 1006.0075 1125.7909 1557.4592 1236.5208 1031.912 1072.6865 1556.9839 1028.961 1205.723 1104.4276 1080.8511 1035.256 1563.4666 1185.6318 1147.1086 1550.4039 1154.6919 1239.5253 1097.0706 1557.7793 1119.9619 1258.8977 1555.4678 1065.9524 1246.0219 1207.2346 992.37976 1157.1123 1267.571 1555.502 1066.3337 1271.3529 992.4168 1555.4507 1282.0208 1083.6636 1073.3771 1558.0236 1078.7177 1056.1267 1185.949 1580.8927 1161.048 1279.4784 1538.3125 1089.0521 1545.0319 1190.6971 1290.9572 1138.5328 1550.87 1294.012 1140.2089 1159.3013 1232.934 1082.3892 1067.222 1552.6796 1567.6566 1245.9265 1221.8698 1140.6963 1282.7981 1143.4669 1550.9584 1194.653 1560.1449 1188.5648 1174.9302 1263.62 1146.4503 1239.8339 1577.6593 1103.343 996.4398 1571.7844 1039.4672 1253.1741 1171.6722 1253.2225 1009.85876 1566.2303 1112.7023 1168.2258 1567.6559 1108.1283 1554.2793 1179.2682 1080.7186 1140.162 1073.7881 1573.7649 1038.0673 1195.015 1151.493 1250.5511 1153.4069 1562.3864 1554.5046 1112.1495 1237.6975 1152.2698 1130.9679 1601.2847 1119.4044 1205.3396 1544.7087 1149.1482 1060.037 1269.7391 1091.3525 1140.7957 1554.8982 1252.9629 1559.5259 1125.874 1269.2307 1062.1333 1290.9928 1158.8566 1557.441 1111.4319 1564.4004 1269.7754 1130.7192 1116.9132 1569.2616 1150.3856 1085.4762 1042.6879 1558.8502 988.62256 1271.8251 1106.4268 1092.1211 1246.8662 1137.591 1586.1956 1146.2631 1281.5397 1542.1362 1178.9729
 105 1156.8615 1153.2136 1538.777 1333.9943 1537.8184 1134.9854 1323.4559 1089.397 1020.1183 1053.9366 1538.707 1307.4994 1079.7714 1088.7155 1537.2952 1336.043 1132.5447 1117.8916 1336.2379 1536.942 1110.3788 1322.3282 1131.0515 1536.0801 1093.9037 1330.8806 1130.0305 1538.3074 1048.7445 1536.4847 1065.4686 1348.4851 1171.181 1536.3544 1129.6017 1143.517 1122.862 1340.5251 1537.675 1159.1787 1524.4193 1140.3317 1356.5428 1102.706 1174.6537 1146.835 1174.2156 1538.7979 1019.4134 941.83044 1533.8547 1099.3839 1333.3588 1536.6312 974.2928 1131.3009 1532.0455 1107.3398 1062.7213 1131.2378 1537.3157 984.5753 1064.2839 1331.2317 1538.267 1139.1112 1170.6349 1334.0121 1537.1213 1115.088 1071.993 1338.2589 1321.3849 1062.0007 1538.0317 1055.9039 907.73267 1537.73 1341.2654 1132.5193 1117.4475 1333.5919 1135.9978 1539.1208 1333.7202 1099.5962 1537.8348 1165.1152 1331.7313 1055.1322 1024.559 1537.1005 1057.3573 1114.9838 1114.2922 1536.1892 1335.2719 1070.64 1129.6315 1536.7517 1138.1952 1338.8455 1104.2544 1537.8702 1177.5708 1091.7728 1322.1222 1536.7794 1121.8854 1062.6201 1320.6635 1536.1196 1536.668 1134.4033 1013.7481 1210.549 1537.7605 1107.2454 1146.8569 1334.5051 1338.373 1536.1117 1068.367 1142.9102 1189.2634 1537.0186 1155.5107 1330.1906 1537.9067 1009.67236 1308.2643 1100.5402 1169.224 1130.9329 1530.1792 1347.7817 1342.4066 1118.7755 1133.2097 1537.4238 1538.3285 1165.0464 1054.356 1141.8772 1122.8367 1536.7556 1195.4294 1341.0835 1332.7618 1145.059 1538.7578 1091.9226 1088.0408 977.23926 1538.8856 992.4342 1057.47 1080.3718 1098.3387 1537.8093 1130.8093 1123.3766 1536.3175 1137.0874 1537.3485 1336.0503 1094.3379 1142.7983 849.65015 1354.6193 1536.8604 1086.1521 1124.8026 1037.0194 1160.4672 1537.6665 1074.4113 994.2372 1341.9705 1537.6267 1538.1313 1208.1903 1109.2787 822.9388 1078.3912 1312.39 1113.2079 1537.522 1337.3182 1064.3295 1149.5038 1537.643 1041.7363 1353.4397 1046.5886 1531.8523 1535.2208 1342.8096 1025.9226 1128.5304 1538.6979 1349.6057 1063.0859 1101.5286 1538.0046 1051.2277 1320.1361 1042.0939 1070.844 1026.8561 1538.1748 1180.7362 1155.8964 1537.6698 1092.4015 1320.9017 1027.9943 1537.2422 1120.4912 1326.7468 1537.2087 1064.3583 1352.8427 1219.0468 995.7824 1141.9192 1333.5066 1537.5024 1065.1033 1337.1273 1001.3695 1538.4846 1337.2301 1098.132 1076.3203 1536.8281 1069.0483 1040.687 1163.0847 1532.6638 1119.372 1332.864 1537.9613 1099.9148 1537.8643 1184.6461 1330.7073 1140.9128 1537.7078 1331.5542 1140.8464 1163.671 1300.7229 1011.3195 1065.87 1538.6111 1538.206 1364.5837 1191.4761 1162.163 1335.2533 1140.9901 1537.9799 1191.9371 1537.2163 1191.1085 1172.8085 1339.5372 1080.1769 1361.3936 1528.7802 1074.7694 998.51556 1532.2095 1036.039 1355.3041 1176.8724 1345.1993 1035.9484 1536.6943 1101.7098 1109.3678 1536.3973 1096.6726 1539.1737 1138.9117 1073.6304 1131.4265 1064.0222 1535.2535 1024.7964 1204.448 1146.4832 1342.852 1155.9958 1537.7388 1537.173 1131.644 1342.8723 1082.5936 1039.3829 1522.011 1129.3235 1346.9019 1538.1995 1079.7423 1046.2346 1333.7136 1083.8335 1137.0525 1536.5261 1348.7592 1536.398 1130.5465 1342.9231 1089.009 1334.123 1153.4766 1537.3875 1121.4874 1533.9918 1346.7075 1130.6605 1094.7333 1536.1761 1139.781 1069.4884 1028.5459 1537.2474 1000.74066 1339.4667 1106.7488 1152.4592 1349.7651 1078.9823 1521.3904 1090.494 1323.2568 1537.0353 1165.8015
 106 1157.4922 1154.695 1533.3467 1381.9668 1534.1356 1142.041 1382.7517 1098.4357 1025.0592 1067.9248 1535.2015 1369.6101 1096.0564 1101.4457 1533.752 1407.6687 1136.9054 1128.6967 1388.3726 1533.866 1122.7943 1379.7836 1134.1848 1533.1282 1100.8582 1370.8424 1135.6136 1534.866 1057.7245 1533.1051 1058.8184 1399.6598 1172.9669 1533.3793 1129.9397 1141.9186 1127.6263 1391.267 1532.0023 1152.3927 1530.1556 1147.9482 1399.4015 1102.8336 1172.2024 1145.18 1172.6713 1532.0986 1021.5502 945.8285 1534.6248 1102.1293 1379.8079 1535.1709 988.3471 1139.1108 1535.6584 1110.5889 1066.9303 1135.1824 1535.1799 982.1046 1079.6318 1377.8599 1533.8303 1138.502 1178.0927 1384.4116 1533.251 1124.417 1082.622 1391.6805 1390.2666 1067.337 1533.4004 1069.5135 905.79755 1533.0894 1392.4552 1131.8431 1134.1483 1384.1575 1133.0814 1533.3975 1387.6731 1102.4539 1533.7552 1166.4031 1379.4567 1063.0964 1018.53156 1533.7406 1062.665 1115.0197 1113.7428 1534.0627 1385.6492 1069.6589 1132.7563 1534.5242 1133.3698 1388.6575 1107.8989 1532.513 1182.7043 1097.2623 1377.512 1535.3099 1141.351 1079.6715 1396.5248 1533.5685 1533.5892 1135.59 1014.8875 1212.4039 1533.6063 1107.3453 1153.6514 1385.3372 1392.5913 1533.7457 1084.8165 1165.3523 1192.3823 1534.8695 1157.0951 1366.4657 1533.8839 1024.878 1363.5552 1120.0826 1176.6555 1139.3884 1532.4783 1398.28 1398.5392 1127.9313 1147.7756 1533.1187 1532.6772 1164.4298 1053.1143 1141.3511 1139.048 1533.5125 1203.2338 1393.216 1377.2064 1152.2272 1534.3365 1088.9486 1084.658 975.2732 1533.2224 991.24274 1057.115 1079.3394 1100.9055 1533.1683 1127.9464 1122.3423 1530.7521 1136.0255 1532.8198 1385.124 1094.3081 1142.0034 871.6721 1447.9836 1529.1576 1078.6914 1123.3129 1034.2029 1160.2874 1531.8828 1080.7303 996.20325 1393.55 1532.425 1532.1881 1208.7369 1107.2686 822.8046 1096.1036 1375.7173 1131.9117 1532.9696 1388.197 1071.1311 1161.093 1533.2753 1042.177 1406.5785 1063.5288 1535.4949 1532.3363 1391.0162 1039.1874 1136.966 1532.3035 1406.3148 1082.1156 1119.9324 1533.5609 1080.2772 1394.1587 1061.5515 1072.528 1029.386 1532.8668 1184.753 1170.2668 1533.7275 1102.6587 1384.8651 1036.1841 1533.9999 1143.2416 1388.9302 1530.8182 1067.0236 1404.0122 1218.8837 1006.49677 1150.8175 1385.7023 1533.3016 1068.4958 1391.2825 1014.37225 1532.8223 1388.3403 1115.0636 1085.6084 1533.7212 1073.1323 1042.9534 1166.4119 1534.975 1120.6284 1381.6362 1532.5776 1115.623 1533.4397 1180.9373 1376.6139 1148.8668 1533.9657 1377.36 1149.6923 1175.935 1373.9447 1035.946 1086.5088 1534.5588 1532.2759 1406.2036 1191.9578 1175.1542 1385.0702 1145.0431 1532.9824 1194.3549 1533.448 1198.1747 1178.9755 1391.7799 1082.7039 1412.0309 1534.7816 1075.357 1005.27124 1533.804 1039.0239 1407.8011 1186.1017 1399.9355 1055.368 1533.1919 1105.5256 1109.5192 1533.4908 1099.296 1531.8575 1138.5255 1072.0856 1132.3417 1065.5159 1534.2905 1025.0029 1209.2874 1160.0531 1400.3823 1162.691 1532.7324 1532.8485 1147.5757 1400.9695 1081.526 1050.318 1540.689 1147.483 1407.6635 1533.4744 1082.1674 1046.7975 1387.2692 1085.2284 1140.2374 1531.9392 1401.4407 1532.6119 1137.2228 1393.5785 1104.9193 1381.0084 1158.9119 1534.0494 1139.6464 1533.2332 1399.0248 1139.7465 1087.4174 1533.6508 1141.9487 1069.6238 1028.6144 1533.685 1017.5775 1393.9966 1115.7816 1170.9844 1415.1384 1094.4014 1537.8875 1099.3167 1374.9816 1534.3694 1162.255
 107 1161.606 1158.782 1538.1389 1399.3892 1537.84 1146.3981 1401.1241 1103.5258 1028.7914 1074.9951 1537.8536 1391.7897 1098.2438 1103.8638 1537.1943 1413.1752 1140.4008 1133.5391 1404.1392 1537.5583 1129.6488 1399.4337 1137.9135 1538.0442 1105.1968 1387.4325 1140.4305 1538.0648 1061.0354 1537.6008 1060.8026 1410.0546 1175.6345 1537.6051 1131.7534 1143.7626 1132.7948 1405.9491 1538.0776 1154.507 1537.7361 1152.9563 1407.7356 1106.8806 1176.1105 1149.043 1176.5063 1538.0979 1023.1029 948.2661 1536.6987 1104.5369 1395.8586 1537.2737 994.0804 1143.0721 1536.2208 1112.0889 1068.9988 1137.6147 1537.5388 982.86017 1085.6221 1394.6631 1537.8636 1141.1252 1182.9712 1400.9556 1537.6858 1128.6344 1086.754 1406.4341 1408.4701 1071.2206 1537.7612 1075.3276 908.2772 1537.7744 1406.6147 1134.7517 1141.0923 1401.1978 1136.0159 1537.9811 1403.616 1106.3885 1537.7831 1169.23 1397.117 1067.968 1019.54333 1538.0226 1064.9058 1117.984 1116.3716 1538.0054 1401.6805 1072.026 1135.5763 1537.557 1136.3925 1404.3303 1112.2351 1538.0336 1186.3223 1101.653 1396.9751 1537.971 1147.1133 1084.8767 1412.3232 1537.4598 1537.4382 1138.1053 1017.18115 1214.9556 1537.9224 1110.3474 1158.3378 1401.9385 1406.7793 1537.4506 1090.5063 1171.9591 1195.8663 1538.1299 1159.7806 1382.1415 1537.9948 1032.2649 1384.6544 1128.8777 1180.511 1143.2722 1537.3693 1408.4818 1409.9606 1131.948 1152.4625 1537.6963 1537.9323 1167.9896 1056.12 1144.2847 1144.4495 1537.4159 1207.5607 1406.8638 1394.4445 1156.9501 1538.0646 1090.9735 1087.4487 977.96155 1537.7782 993.962 1059.7638 1082.2106 1103.8268 1537.7681 1132.1652 1126.0265 1537.8877 1140.1635 1538.083 1402.0778 1097.3345 1144.7351 872.70526 1444.4097 1538.2095 1084.1073 1127.1631 1037.5159 1163.7106 1537.9719 1084.2999 999.40314 1407.5088 1537.9153 1538.0784 1212.4609 1110.6978 825.4062 1104.1029 1397.2314 1139.525 1538.1428 1403.9777 1075.5164 1167.4658 1537.8268 1044.1254 1411.78 1066.2754 1535.9888 1537.5527 1406.6948 1044.422 1141.6729 1537.8932 1412.5785 1086.0667 1123.5325 1537.6194 1087.6632 1410.7097 1067.9482 1075.1644 1031.6707 1537.856 1187.4801 1176.5432 1537.7668 1108.2684 1403.6322 1040.4451 1537.3818 1150.702 1406.3966 1537.9862 1070.6915 1411.2039 1222.6293 1011.6419 1156.0961 1402.4064 1537.8699 1071.6503 1406.5836 1018.5605 1537.983 1403.7235 1120.9475 1089.9952 1537.6771 1075.5553 1044.5411 1168.2007 1536.5352 1124.2551 1399.2367 1538.2009 1122.8301 1538.1398 1183.403 1394.2296 1153.8889 1537.9857 1394.7771 1155.129 1181.878 1398.0157 1045.8933 1094.5077 1537.6737 1537.5818 1409.368 1195.166 1180.9951 1401.3616 1149.5173 1537.983 1197.9221 1537.6965 1202.7229 1183.1199 1405.9103 1084.1315 1410.5013 1536.0288 1076.563 1006.50226 1536.5669 1041.2699 1409.7568 1189.935 1410.3525 1059.7867 1537.475 1108.189 1112.234 1537.5948 1102.0233 1538.1954 1142.0599 1075.4749 1135.8997 1066.9243 1537.1055 1026.1589 1211.8627 1164.5804 1411.1746 1166.8254 1537.7987 1537.8407 1152.5178 1411.6038 1084.3656 1050.0354 1532.8324 1148.5818 1412.8011 1537.9061 1086.0095 1049.8811 1403.4559 1088.6556 1143.5073 1537.6638 1410.178 1537.9922 1140.4917 1406.3763 1108.3846 1397.0485 1162.8895 1537.7574 1146.701 1537.3169 1409.356 1144.0186 1088.8322 1537.5126 1144.7653 1071.9958 1030.7838 1537.4641 1022.6854 1407.8049 1119.9633 1171.9613 1414.1515 1095.3423 1536.5662 1104.7921 1393.9994 1538.0524 1163.7505
 108 1163.3027 1160.3755 1540.7079 1401.6859 1540.817 1148.1583 1403.6827 1105.1838 1030.1349 1076.4468 1540.707 1394.3693 1099.5106 1105.5275 1540.8754 1414.5776 1142.0504 1135.0753 1406.6016 1540.8341 1131.1991 1401.713 1139.4065 1540.6958 1106.5984 1389.8864 1142.2485 1540.7036 1062.1095 1540.876 1062.3951 1412.3196 1177.1877 1540.8495 1133.216 1145.3634 1134.4686 1408.0833 1540.767 1155.9799 1540.771 1154.8792 1409.9309 1108.5902 1177.8684 1150.7443 1178.2505 1540.8356 1024.0984 949.0933 1540.9541 1105.2648 1398.7164 1540.8021 995.7063 1144.7479 1541.045 1114.0667 1070.7665 1139.0586 1540.7803 984.23157 1086.6871 1397.3218 1540.7769 1142.8258 1184.7618 1403.3317 1540.8248 1129.8982 1087.9934 1408.9517 1410.727 1072.8973 1540.8186 1076.7811 909.7527 1540.8221 1409.0605 1136.5115 1142.6036 1403.3844 1137.8267 1540.768 1406.074 1108.1752 1540.8005 1170.764 1399.6112 1069.5007 1020.7695 1540.7122 1066.296 1119.8358 1118.2771 1540.8356 1404.1246 1073.7457 1137.2505 1540.8262 1138.111 1406.6284 1113.9017 1540.7391 1188.0529 1103.4489 1399.601 1540.7535 1148.817 1085.9734 1414.5082 1540.8777 1540.8861 1139.6827 1018.6633 1216.6445 1540.7783 1111.8652 1159.9854 1404.2969 1409.1079 1540.8778 1092.1611 1173.2455 1197.5532 1540.7251 1161.3225 1384.4647 1540.7738 1033.7552 1386.944 1130.4458 1182.4899 1145.2094 1540.9508 1410.8514 1411.8436 1133.5199 1154.119 1540.8527 1540.8264 1169.7308 1057.6891 1145.7936 1146.0765 1540.8622 1209.6681 1409.3668 1396.7523 1158.5255 1540.7219 1092.6089 1089.2258 979.61194 1540.8553 995.65155 1061.3362 1083.7009 1105.2222 1540.875 1133.8575 1127.6152 1540.7185 1141.8933 1540.7268 1404.3583 1098.7683 1146.1799 873.81366 1445.9663 1540.9781 1085.8173 1128.8883 1039.1664 1165.3784 1540.8226 1085.6798 1000.70123 1409.936 1540.8132 1540.8312 1214.2418 1112.3801 826.5949 1105.5511 1399.4637 1140.9258 1540.8027 1406.2715 1077.0824 1169.5201 1540.7916 1046.2892 1413.9036 1067.8643 1541.1393 1540.8547 1408.9762 1045.762 1143.3947 1540.8248 1414.1113 1087.4019 1124.6964 1540.8538 1089.0242 1412.9707 1069.3912 1076.6312 1032.8187 1540.8656 1188.767 1178.4224 1540.806 1109.9926 1406.1833 1041.911 1540.8628 1152.3757 1408.954 1540.876 1072.0933 1413.2291 1224.25 1013.1644 1157.8588 1404.8027 1540.7882 1072.9149 1408.5294 1019.5719 1540.8145 1406.0876 1122.2745 1091.5088 1540.8379 1077.3619 1046.3065 1170.5494 1541.011 1125.5331 1401.3142 1540.6788 1124.1884 1540.741 1185.1353 1396.57 1155.4471 1540.74 1397.1855 1156.848 1183.4431 1400.5365 1047.482 1096.0054 1540.7814 1540.8777 1411.0966 1196.7778 1182.5187 1403.7513 1151.291 1540.786 1199.6195 1540.8552 1204.7535 1185.061 1408.1807 1085.6255 1412.7239 1541.146 1077.8591 1007.63605 1541.0735 1041.8634 1412.1744 1191.4835 1412.1506 1060.9216 1540.8667 1109.439 1113.7919 1540.8474 1103.4944 1540.815 1143.6028 1076.9042 1137.4147 1068.1923 1540.9186 1027.6621 1213.1241 1166.1033 1413.1252 1168.4467 1540.8048 1540.8721 1154.17 1413.4622 1085.9415 1052.6272 1541.9261 1150.967 1414.1104 1540.792 1087.5709 1051.6656 1405.7799 1090.5402 1145.1709 1540.8842 1412.3043 1540.834 1141.8359 1408.6179 1109.639 1399.332 1164.6809 1540.82 1148.175 1540.8983 1411.7216 1146.0302 1090.4445 1540.897 1146.5474 1073.8176 1032.4515 1540.8524 1023.84576 1410.261 1121.3931 1173.7274 1416.3658 1096.9716 1540.8947 1106.3901 1396.4141 1540.7622 1165.4056
 109 1095.6517 1095.7339 1441.2296 1274.5825 1445.4779 1066.9645 1284.2109 1109.336 1001.83075 1095.7979 1443.7646 1289.0956 1106.4193 1050.6636 1450.5786 1289.5048 1083.199 1068.1559 1277.2605 1439.339 1115.8583 1291.8485 1086.6716 1447.0533 1050.5703 1279.985 1069.8167 1439.6436 1027.1924 1450.8323 1130.6876 1269.0883 1137.8336 1456.2754 1104.5774 1173.2634 1068.6268 1279.8597 1450.0049 1164.7291 1438.9011 1081.1993 1287.8062 1022.7244 1121.0647 1094.8541 1121.4795 1453.2626 1003.2475 937.49817 1447.9973 1149.7625 1277.3372 1435.9409 933.44763 1085.8146 1450.363 1064.1172 984.2543 1095.1777 1436.3269 937.8873 1007.995 1277.6704 1440.6161 1086.372 1140.412 1281.9982 1438.541 1045.0892 1033.3064 1269.1014 1289.944 1036.6056 1447.3751 1098.6149 860.6423 1438.9325 1272.539 1048.4891 1065.9568 1282.6766 1074.6593 1441.3146 1285.0063 1121.3029 1448.4668 1122.6709 1272.6982 1008.8949 978.42505 1441.6313 1025.8065 1140.2902 1077.4333 1461.2076 1285.5776 1134.58 1085.3845 1448.6077 1077.7572 1276.3154 1050.2142 1440.9768 1129.1892 1104.3413 1284.4951 1446.5083 1083.8828 1108.3081 1284.8774 1445.6946 1451.3887 1092.6077 975.30035 1161.0188 1446.0293 1132.9446 1099.1676 1278.5842 1278.8295 1441.7074 1022.63293 1102.6626 1133.6205 1440.0227 1099.4642 1285.6726 1445.935 981.5136 1298.4806 1124.9261 1114.6 1041.3842 1437.4393 1275.1631 1280.1908 1065.246 1042.0563 1446.6385 1452.6685 1088.5411 1006.7188 1096.5806 1076.758 1439.411 1143.822 1270.5912 1282.4058 1088.643 1439.1616 1033.5306 1122.5237 915.57764 1460.1433 967.7087 1022.73035 1134.114 1074.6871 1456.1904 1088.5792 1139.0599 1458.5844 1084.1255 1443.247 1280.7004 1042.112 1066.4967 819.87213 1330.0289 1436.3859 1025.3081 1075.2244 985.7214 1104.4863 1451.7552 1031.2179 949.99567 1265.9375 1437.911 1452.516 1158.531 1058.6428 786.6996 1110.3627 1299.885 1058.9155 1451.5686 1279.1741 1016.7104 1085.7975 1439.8728 999.0763 1270.0327 998.5692 1445.3099 1442.7964 1279.3558 993.79626 1082.4382 1445.4684 1273.7428 1012.0494 1045.1024 1447.7915 1039.1282 1286.2135 1096.4442 1031.3304 996.6671 1450.622 1157.3206 1112.3379 1448.5807 1111.538 1282.6235 1120.5886 1448.3036 1065.1293 1286.761 1441.0219 1014.30536 1264.3795 1153.8949 948.6489 1069.3203 1277.3883 1439.2039 1027.6077 1285.5651 974.3296 1445.0826 1280.5149 1060.6943 1032.8845 1440.7501 1028.8392 1002.4041 1052.6743 1451.3379 1138.1838 1288.5477 1447.8225 1068.128 1444.1041 1127.5768 1285.3164 1069.0856 1439.6522 1280.5873 1086.5018 1108.2819 1305.4148 1089.8408 1059.0231 1448.6176 1443.8533 1287.0182 1122.3533 1111.0564 1282.0565 1086.9602 1445.1115 1152.0718 1444.2404 1109.6781 1117.104 1281.819 1143.9081 1267.0105 1443.7604 1070.8033 957.8367 1436.8722 975.38257 1258.0654 1096.829 1280.957 997.1541 1444.2655 1076.1793 1142.6539 1457.719 1050.8572 1456.3823 1140.5236 1030.7374 1090.4906 1026.5391 1450.0189 985.7173 1164.5636 1139.3568 1277.4016 1115.5431 1448.3179 1454.8398 1085.2867 1277.5592 1127.9078 1104.5046 1457.7881 1088.2373 1285.707 1448.1702 1110.0918 978.16327 1285.8649 1027.679 1087.8976 1437.347 1262.2412 1439.6576 1090.2169 1274.1316 1060.2766 1288.6787 1075.5679 1441.7446 1084.7417 1436.5776 1270.0752 1070.9177 1053.9757 1451.0614 1091.2694 1022.0116 984.8721 1439.2395 966.0894 1270.4424 1067.6055 1108.35 1269.6013 1136.0125 1448.0587 1112.0994 1291.8585 1446.8695 1112.1462
 110 1140.1805 1134.7144 1530.9912 1181.9027 1531.7771 1096.6512 1176.3782 1239.9574 1069.1989 1242.8639 1532.5326 1205.0021 1228.3967 1067.7036 1538.8208 1132.9023 1127.0989 1137.3792 1168.7725 1537.5499 1232.2281 1194.0911 1186.767 1538.3564 1071.74 1217.7223 1102.5197 1533.312 1028.6527 1535.5117 1273.9558 1131.7975 1167.4368 1538.8043 1126.58 1174.1724 1089.387 1159.687 1534.6998 1220.1443 1533.6881 1115.4739 1206.415 1072.9019 1170.1077 1140.4188 1167.2767 1535.2427 1035.3765 974.6649 1535.1371 1250.4047 1193.4728 1536.2208 932.60706 1138.729 1539.5214 1101.5836 1010.98615 1165.1454 1529.9675 983.0379 978.4944 1192.1146 1532.8761 1135.5538 1227.2518 1176.9772 1536.6356 1059.232 1111.1158 1163.2186 1162.9934 1153.9655 1538.6136 1258.737 907.9454 1534.616 1161.6909 1076.7369 1120.166 1187.5574 1135.2089 1538.0682 1166.1168 1247.3179 1533.3784 1157.9231 1188.881 1028.4419 1035.7352 1531.0825 1056.0059 1232.6436 1133.1117 1536.9094 1171.1091 1262.1178 1174.5043 1540.0719 1138.5166 1166.1804 1081.1578 1530.7673 1164.9492 1248.6991 1188.6119 1534.7153 1139.2153 1244.5925 1156.1484 1537.6714 1537.6923 1130.5704 1009.91376 1218.5292 1529.843 1249.0789 1123.5845 1171.158 1159.7126 1536.6857 1014.8774 1113.723 1179.4321 1535.834 1178.858 1233.8032 1534.6079 979.1186 1215.3949 1205.0284 1144.209 1059.4504 1530.9407 1155.7142 1189.5858 1080.78 1045.2065 1536.4524 1535.4308 1128.0975 1047.3907 1134.4333 1070.2189 1535.9375 1212.1033 1159.7008 1200.6414 1141.4104 1535.3545 1091.9314 1258.4847 961.01904 1535.4978 1029.4562 1072.6765 1261.915 1144.9742 1536.0453 1140.3424 1247.3076 1539.1587 1121.9435 1532.9358 1175.8787 1080.6378 1101.8378 818.1501 1240.9888 1540.5166 1091.5029 1121.4325 1038.194 1176.8047 1537.0106 1090.424 981.6093 1153.7982 1534.968 1539.8075 1236.797 1113.6053 822.6503 1223.1436 1191.6208 1033.4241 1531.9993 1165.4537 1034.9165 1097.3176 1536.1637 1045.9847 1188.3944 989.97015 1540.9352 1530.5287 1168.9774 970.8813 1093.0771 1535.6138 1133.1195 992.888 1080.7628 1527.6681 1028.4884 1159.1874 1244.6895 1070.3239 1033.0262 1534.7384 1224.3113 1136.634 1540.3578 1247.9634 1215.9238 1266.6709 1537.4409 1036.21 1159.6301 1535.5537 1044.1394 1134.0106 1238.6964 964.37964 1086.2668 1210.758 1538.5632 1050.6853 1153.1327 955.43524 1535.0228 1167.4008 1099.9598 1049.1895 1535.602 1140.4113 1056.3828 1091.8236 1542.5842 1247.3375 1181.931 1535.1846 1060.3478 1532.3712 1182.2075 1196.3284 1087.189 1535.5637 1199.3629 1112.9962 1174.696 1205.454 1266.0565 1165.1753 1536.7466 1537.4115 1163.3339 1159.4426 1148.458 1173.0166 1118.7682 1535.1597 1222.6927 1539.1547 1142.5426 1150.3466 1215.191 1250.7599 1185.7645 1546.5701 1118.2291 954.8091 1536.8035 973.206 1117.193 1116.7299 1159.956 1094.672 1536.753 1120.1107 1247.775 1540.8423 1159.5632 1535.6482 1234.7295 1069.5416 1129.6733 1064.0142 1536.8174 1027.6523 1228.1638 1255.615 1149.114 1154.6361 1539.1919 1538.6182 1093.8671 1200.5381 1264.2295 1275.5127 1538.2882 1096.2058 1194.8412 1530.2166 1260.042 1025.2795 1166.8735 1121.3984 1123.5432 1537.1375 1135.0032 1534.5945 1124.7173 1169.9185 1123.4885 1186.3025 1097.358 1533.1593 1057.6726 1537.0955 1143.8456 1141.0057 1126.3308 1537.986 1163.9244 1065.7013 1031.313 1535.74 934.8675 1148.4016 1073.2194 1128.5416 1183.4406 1249.3357 1542.7794 1246.3024 1199.9872 1536.4739 1211.274
 111 1164.9728 1136.7294 1542.6058 1140.5371 1522.5826 1083.8655 1155.2344 1166.8292 1042.2917 1167.6018 1522.2255 1176.2959 1168.4921 1049.1997 1520.2748 1109.7357 1134.8837 1211.7509 1228.129 1571.6052 1176.7076 1175.1038 1212.9114 1527.1 1064.9714 1193.9039 1093.5919 1524.7081 1001.01544 1521.524 1127.9979 1121.5159 1163.0253 1521.346 1126.8627 1212.5217 1079.9149 1149.8474 1526.4014 1161.0847 1526.6754 1108.1761 1190.5472 1067.5815 1163.0072 1132.8279 1158.8258 1524.0687 1005.91644 936.29114 1520.4823 1143.0074 1181.0476 1521.7767 928.3184 1166.5508 1521.0564 1093.3988 1006.4154 1206.9386 1521.0048 977.6641 970.025 1180.665 1522.4136 1128.2856 1172.4852 1160.8843 1523.1077 1065.6593 1188.7217 1145.9271 1134.1783 1179.3756 1522.9708 1161.2721 902.57404 1523.6476 1147.4525 1068.7689 1190.6533 1190.8452 1125.1265 1525.0809 1149.5359 1155.0135 1522.2223 1150.6738 1178.2913 1022.676 1032.9414 1526.1396 1044.4333 1149.2769 1110.4277 1523.6176 1157.6471 1125.7444 1223.8239 1522.815 1132.4954 1175.8479 1076.6831 1523.8789 1155.8767 1166.9755 1169.2092 1524.6622 1172.4382 1171.0603 1134.3391 1522.5898 1521.5121 1120.4352 1001.2502 1185.9235 1523.1006 1156.8131 1113.3761 1156.3175 1177.9214 1522.9425 1019.0714 1170.5422 1172.0656 1525.2195 1214.4368 1204.0884 1524.2594 965.9334 1189.3638 1176.2964 1139.8665 1053.9697 1521.0122 1171.7484 1219.4829 1087.131 1053.0217 1522.8136 1535.7572 1119.2515 1072.8052 1178.4911 1061.0015 1511.6414 1183.4011 1139.1809 1188.0048 1165.634 1525.2755 1083.8293 1143.5438 936.0406 1521.3544 990.83124 1057.8535 1137.2151 1142.6771 1521.8679 1125.09 1157.5961 1528.7506 1120.7885 1526.9028 1181.4425 1072.1376 1094.5355 844.5643 1387.111 1526.7893 1064.8387 1112.9279 1036.0039 1203.4098 1524.7683 1132.5264 977.12616 1140.2908 1523.4067 1523.1246 1162.7305 1092.0828 804.8172 1178.5654 1172.1473 1025.9597 1525.63 1174.5566 1031.6586 1091.6246 1523.4747 1032.6218 1227.2587 993.4927 1521.8165 1523.3018 1174.1129 969.52765 1088.1714 1519.2922 1185.3751 1010.9289 1170.2748 1520.8191 997.1259 1129.504 1156.5757 1050.3915 1005.839 1522.2277 1166.7177 1123.5046 1523.7728 1159.3854 1207.8904 1132.6545 1522.36 1011.01886 1131.7291 1523.1038 1026.117 1119.5876 1174.0393 961.4796 1075.1284 1214.8389 1523.9825 1044.4246 1140.1077 947.3704 1524.4696 1155.6003 1159.1367 1050.6166 1523.0956 1216.9651 1068.2277 1085.9784 1521.2134 1156.7621 1168.9229 1528.351 1044.7365 1526.0844 1177.0547 1184.9271 1081.1942 1523.6284 1187.0074 1114.3531 1227.0609 1155.836 1159.6921 1218.0741 1522.3973 1522.636 1183.2971 1154.483 1212.1697 1157.9087 1109.3561 1524.7002 1181.5963 1524.0964 1144.9642 1145.6664 1237.996 1127.8737 1223.9562 1520.0082 1083.0122 947.36334 1521.43 965.578 1101.0126 1126.6 1173.5615 1240.1008 1521.0507 1110.7306 1133.8868 1520.9548 1229.9464 1524.7222 1163.7325 1062.7534 1118.057 1041.0188 1520.9943 1005.8572 1159.7603 1166.6746 1124.7374 1130.3185 1522.1555 1525.1111 1095.7974 1229.6681 1140.9911 1145.2535 1520.9928 1091.0519 1211.1367 1523.292 1154.3944 1006.4929 1148.3221 1174.9191 1115.9347 1524.1631 1116.5077 1524.6494 1132.5726 1184.8438 1194.1788 1179.6013 1089.4801 1522.0443 1051.0403 1522.3126 1177.9532 1182.9174 1111.102 1522.1091 1192.5785 1055.5895 1028.7601 1521.8926 925.04456 1131.8331 1064.311 1129.3085 1208.3185 1141.2493 1522.4417 1160.4113 1179.5999 1526.6315 1185.0189
 112 1167.9001 1142.0039 1543.4889 1163.2906 1539.8551 1088.5165 1164.6202 1172.9779 1050.9321 1175.1285 1539.3502 1191.4232 1173.6025 1057.5585 1541.3665 1113.841 1119.7706 1136.6891 1207.949 1525.5204 1177.4022 1180.7852 1187.5394 1540.5332 1072.0396 1202.9867 1103.108 1539.897 1005.4696 1540.329 1130.5145 1130.6775 1172.411 1541.3834 1133.7997 1224.647 1086.5262 1157.5624 1539.724 1159.6212 1540.2717 1115.988 1199.1101 1054.251 1173.2163 1142.6915 1168.8876 1540.0746 1009.39325 939.15607 1541.5797 1142.343 1192.6713 1541.2291 936.01874 1176.444 1541.2609 1100.6832 984.76984 1215.7676 1539.9757 986.19324 975.4048 1191.5347 1540.6888 1139.1788 1179.7576 1170.8029 1539.9869 1049.617 1196.7166 1154.2959 1136.6808 1150.4 1540.8706 1153.7068 911.3143 1539.9381 1155.8551 1061.9703 1160.5902 1191.8737 1136.0137 1540.6318 1158.7616 1161.2369 1540.0477 1159.5028 1194.7137 1031.2887 1038.86 1539.1653 1051.1792 1145.811 1118.247 1539.7588 1167.2426 1106.2872 1232.644 1540.0 1142.7648 1186.344 1086.1676 1540.1171 1165.1252 1172.6549 1178.2217 1539.9475 1143.3373 1167.1707 1135.5664 1540.5476 1540.7883 1126.7721 1007.91046 1172.3713 1538.8716 1162.3834 1125.3828 1177.7173 1184.4114 1540.708 1023.395 1149.4318 1180.6099 1540.4417 1197.8514 1211.602 1539.7882 970.43945 1195.0109 1170.3802 1151.3717 1078.822 1540.3754 1183.7401 1227.9962 1095.3344 1059.0585 1539.9868 1541.8119 1124.2489 1076.7004 1181.1487 1074.4738 1538.4329 1198.2493 1161.1696 1194.2415 1153.5398 1540.2031 1094.7428 1148.0376 931.0936 1540.0978 997.5673 1060.9598 1137.947 1126.2379 1540.3063 1131.8276 1160.426 1540.7714 1129.3235 1539.4419 1189.8153 1079.4297 1103.71 849.33673 1389.2693 1540.8016 1074.009 1124.9867 1039.0942 1185.753 1540.4363 1142.0681 984.52155 1149.9896 1539.834 1540.516 1167.2699 1102.0627 810.9968 1184.4077 1179.2523 1037.0297 1539.3341 1184.6399 1040.4485 1103.1207 1540.7142 1042.2897 1227.362 997.13934 1540.8647 1539.9259 1183.3988 975.7396 1097.0475 1539.6967 1187.3887 1011.92487 1117.3667 1539.2891 1012.8337 1162.5255 1169.6017 1052.1533 1001.2175 1540.0695 1147.3318 1131.3572 1539.7938 1162.8842 1212.275 1135.0807 1539.331 1039.2782 1142.0803 1540.2395 1029.5376 1128.8889 1156.4384 969.1552 1080.6556 1224.2375 1539.5339 1051.5355 1146.7083 952.3113 1540.3123 1162.8177 1139.7222 1053.9264 1540.3118 1237.8771 1084.7834 1180.7643 1540.0022 1149.8608 1175.5702 1539.8671 1048.9618 1539.4586 1186.1952 1193.1292 1085.6935 1540.3088 1192.8873 1115.4357 1204.1682 1161.0935 1142.9941 1179.3553 1542.6633 1540.082 1192.1941 1147.736 1221.7933 1166.8647 1118.5493 1539.9111 1188.8114 1540.411 1121.0566 1154.9478 1243.0634 1127.5022 1224.0634 1541.4055 1087.1676 952.2268 1540.7272 967.57556 1109.8806 1129.3748 1181.1128 1252.1368 1540.7653 1105.6854 1136.6747 1541.1794 1188.6586 1540.397 1169.0217 1071.3102 1125.859 1039.9923 1540.7546 1009.18756 1143.9476 1172.2994 1138.1272 1139.9635 1539.386 1539.9379 1100.5319 1223.8237 1141.461 1145.7455 1541.273 1096.3695 1209.5234 1539.857 1157.387 999.897 1156.9176 1144.8085 1125.1438 1540.9471 1127.2826 1539.806 1132.4634 1189.599 1167.9042 1188.6715 1089.6302 1539.9908 1057.7576 1541.4469 1191.1438 1168.1898 1116.9008 1540.8148 1179.6205 1063.3824 1032.2751 1540.9591 930.1754 1141.9889 1071.2528 1137.1597 1213.4911 1143.8252 1539.7743 1161.4456 1188.5015 1540.3561 1167.15
 113 1151.3103 1140.6351 1534.772 1301.4762 1538.677 1103.1787 1274.399 1197.0531 1064.969 1206.1019 1540.7769 1282.3246 1225.0162 1088.4825 1531.2285 1288.491 1134.7532 1136.0187 1335.303 1544.7892 1204.5769 1282.6776 1189.4017 1539.9817 1087.5884 1274.3967 1114.6174 1541.2991 1032.532 1537.9812 1123.3738 1274.7806 1174.1456 1526.6844 1132.1075 1219.8931 1104.5875 1268.3763 1536.2976 1145.5898 1542.6372 1127.7795 1272.9491 1050.7985 1168.6523 1140.2799 1166.1613 1527.3993 1014.96924 949.96686 1527.1431 1153.7089 1280.2096 1541.4832 963.9497 1193.5055 1525.4825 1100.5718 985.91315 1221.3906 1541.9343 984.3365 1003.36694 1274.9951 1541.9066 1141.156 1199.6938 1275.8268 1541.5261 1067.861 1227.7098 1290.5012 1270.9686 1162.143 1537.3253 1190.8896 910.5621 1540.4293 1272.789 1069.3495 1189.9325 1286.7054 1134.9596 1538.1578 1271.5172 1173.6051 1539.2142 1159.5651 1284.4054 1049.3544 1031.196 1541.6365 1051.5405 1143.2021 1111.1876 1525.2784 1273.5394 1107.0404 1239.3174 1537.6532 1137.8876 1292.299 1097.3037 1540.8203 1176.2784 1191.4188 1275.4265 1544.0427 1179.253 1212.7634 1281.6426 1533.4219 1526.0253 1126.5396 1007.4749 1169.969 1539.4458 1170.648 1143.1971 1281.3574 1290.2753 1536.6903 1057.4365 1188.7999 1185.62 1539.9863 1198.5159 1274.0238 1535.0455 991.8446 1271.8242 1202.0679 1164.3965 1095.6017 1538.3035 1293.0854 1322.5175 1113.1853 1083.0199 1529.8341 1524.2493 1121.4935 1067.1034 1169.8219 1112.5256 1540.5363 1218.9991 1283.9047 1277.976 1168.5334 1542.0109 1094.0161 1145.2722 926.361 1527.8324 995.8038 1059.73 1139.6818 1129.5072 1528.9404 1125.9618 1160.3743 1528.5063 1126.5087 1539.8953 1276.7491 1072.0934 1097.9735 850.04474 1396.1962 1527.5364 1065.9116 1121.6306 1031.9324 1181.2714 1527.8953 1159.5175 994.329 1281.0626 1542.8446 1527.62 1167.9865 1097.552 811.06793 1219.3881 1276.2609 1065.7491 1530.6532 1287.2141 1055.3065 1128.7778 1538.3672 1038.9508 1332.9718 1030.1698 1528.8938 1536.379 1270.2039 1016.20215 1118.3138 1534.1243 1317.4302 1056.1497 1154.0312 1534.9131 1068.802 1296.699 1218.9563 1054.5946 1005.8931 1527.7968 1152.6848 1154.3707 1535.3041 1183.5236 1306.6299 1162.201 1537.9065 1088.1637 1264.928 1541.8223 1044.6691 1282.7921 1157.8171 988.5574 1096.104 1306.5532 1536.8713 1060.4558 1268.6578 980.07587 1536.388 1273.5208 1173.4374 1073.2526 1536.8613 1244.8292 1085.7595 1192.0078 1526.0502 1158.9688 1273.4716 1540.035 1081.9175 1536.3357 1183.6411 1275.2317 1099.4467 1540.8531 1276.2512 1131.9033 1225.2108 1275.7408 1177.1844 1203.541 1536.4626 1533.3041 1298.4435 1149.4471 1257.8469 1271.2975 1132.2024 1536.1808 1195.7053 1528.7573 1134.7983 1161.4261 1333.3346 1139.3617 1341.8413 1534.0432 1088.2355 972.9244 1542.1008 972.1992 1283.6931 1148.2369 1305.8484 1299.5063 1532.4886 1112.5996 1137.9414 1525.9802 1186.8755 1527.329 1170.1667 1068.6628 1128.2053 1040.6771 1526.2223 1005.70807 1151.1923 1211.3568 1279.3351 1158.3314 1532.8595 1529.9055 1130.747 1326.3533 1144.0887 1165.1797 1524.3549 1123.8267 1329.2493 1538.6383 1172.2375 1001.66205 1273.8774 1145.657 1136.4427 1544.1238 1280.087 1537.731 1140.8396 1301.3008 1195.0679 1279.1001 1098.2488 1536.2649 1091.7976 1537.9235 1306.5253 1183.3789 1100.1417 1525.297 1177.723 1058.689 1027.1852 1541.254 969.4243 1269.4906 1094.102 1160.8069 1329.5442 1163.5964 1534.5107 1181.4109 1276.9932 1538.0945 1158.5842
 114 1159.352 1146.3502 1539.9756 1368.782 1543.8053 1116.9312 1359.898 1218.6271 1074.7878 1229.5184 1540.496 1350.1837 1268.9463 1118.3883 1540.7377 1423.8667 1140.1312 1146.8229 1414.2938 1536.7241 1224.8284 1358.6882 1178.8855 1539.9191 1097.9634 1326.4398 1122.046 1539.647 1053.1439 1539.2386 1119.6312 1384.6124 1182.918 1540.3812 1137.6909 1226.9015 1121.3342 1352.6935 1539.3583 1138.7808 1541.7334 1135.476 1327.6041 1049.5725 1177.5132 1149.5579 1175.2513 1540.2483 1020.62354 957.26697 1541.9274 1160.9955 1337.4724 1536.6772 972.3316 1133.4768 1539.624 1101.4839 986.037 1151.2917 1543.4161 983.1682 1024.6825 1338.9554 1540.1028 1142.1548 1209.3884 1354.1212 1537.6274 1059.2019 1118.3212 1369.7052 1372.2621 1136.5449 1538.8181 1211.5117 909.70337 1539.6969 1361.2653 1077.2606 1158.8413 1349.3063 1136.1212 1538.2743 1356.2971 1184.284 1539.2637 1160.5968 1349.9106 1062.0239 1024.6178 1541.3254 1058.9089 1153.3734 1120.133 1539.0518 1350.385 1107.3751 1176.2631 1536.8779 1135.0221 1371.5417 1106.3798 1540.928 1183.9736 1203.5745 1347.5338 1542.2606 1152.917 1239.6704 1385.2216 1538.821 1540.3776 1133.5038 1014.0628 1170.5184 1540.3097 1177.3503 1155.0426 1353.2891 1366.9133 1538.9972 1079.4939 1176.1243 1186.7471 1538.8081 1173.4808 1319.7715 1540.4529 1010.7914 1331.8387 1228.5654 1176.8744 1109.0236 1541.6632 1376.7325 1346.2856 1115.3734 1086.0195 1539.21 1543.7887 1133.7117 1077.6794 1179.2078 1134.4705 1536.2723 1223.1498 1362.3402 1336.6741 1151.409 1538.8538 1093.3408 1153.5593 933.3234 1539.5808 1003.11285 1063.0773 1146.0898 1122.8811 1538.7411 1132.0168 1167.5656 1538.6475 1134.037 1541.261 1342.3451 1066.7916 1094.274 852.615 1392.4576 1537.6261 1072.8906 1129.7092 1034.5052 1171.5963 1538.3658 1113.432 995.76025 1373.5016 1538.403 1538.4872 1146.9338 1098.852 812.3627 1249.9034 1353.5892 1090.6625 1540.8022 1366.1619 1068.7471 1150.2301 1539.9597 1045.3359 1349.1935 1040.4294 1539.1432 1541.5005 1339.4163 1049.1665 1136.3142 1538.5055 1407.5166 1080.8529 1125.123 1544.0067 1095.339 1358.5881 1244.294 1065.6323 1019.2482 1539.6104 1176.3156 1165.0054 1537.6207 1192.5577 1340.9862 1184.0845 1539.1843 1124.3142 1359.8131 1539.7012 1052.724 1394.8873 1146.5986 996.98157 1105.4541 1346.5754 1538.4143 1068.7417 1363.1781 1000.6254 1538.3812 1355.5431 1148.3008 1080.8253 1539.147 1105.4731 1061.0063 1197.7577 1537.2384 1166.8964 1346.7313 1540.1957 1106.696 1541.414 1186.4097 1339.7947 1112.9983 1539.3496 1335.0018 1136.9137 1198.3351 1353.0657 1198.9385 1158.0348 1539.0587 1538.087 1370.1993 1150.1968 1206.7485 1351.1969 1144.3021 1538.9346 1183.106 1538.4653 1136.7725 1163.6588 1328.3295 1141.444 1358.9207 1536.8976 1088.7277 989.20135 1539.4584 975.9689 1415.8773 1138.0925 1359.4872 1124.0222 1538.5109 1112.1335 1145.7855 1539.9211 1151.936 1539.2592 1178.2155 1075.8325 1136.3127 1054.5094 1540.6268 1017.0391 1180.4182 1195.213 1362.5797 1169.076 1538.7355 1538.1788 1141.4817 1343.8165 1149.1667 1171.6191 1541.3313 1131.8848 1348.5438 1538.3413 1184.3289 1004.5509 1361.5142 1137.4669 1143.591 1539.9478 1392.9413 1538.9884 1133.3236 1377.3635 1140.5813 1349.6909 1109.5626 1542.1139 1119.9464 1538.9016 1394.8225 1175.0024 1088.958 1539.2673 1151.977 1064.8783 1026.9358 1540.0498 999.3134 1366.5552 1111.8323 1164.8109 1360.531 1173.0784 1536.7423 1198.8204 1345.2137 1540.4657 1156.3228
 115 1159.1473 1146.6558 1540.3315 1365.5693 1539.9396 1116.8633 1362.0591 1218.2335 1075.0248 1230.3259 1539.842 1352.7529 1270.5627 1119.4999 1539.8495 1428.7976 1155.1582 1238.3137 1422.3251 1539.3485 1232.4297 1364.1624 1240.1088 1540.0406 1099.5956 1328.9336 1122.6647 1539.954 1054.4583 1539.9141 1119.9523 1389.4108 1183.2633 1540.0813 1137.9604 1226.7698 1122.2335 1356.5624 1540.0411 1138.7118 1540.1498 1135.1176 1328.7982 1049.7775 1177.621 1149.8292 1175.3882 1539.8898 1021.2744 959.0381 1539.0145 1162.465 1346.8271 1540.8873 982.61005 1190.882 1540.5735 1105.89 990.9618 1194.6086 1539.176 982.4606 1026.4602 1339.7628 1539.8461 1142.608 1243.3735 1359.47 1540.2747 1070.0096 1173.5392 1380.5579 1382.5663 1216.4824 1540.1727 1231.4287 910.1964 1540.0844 1365.0092 1078.0852 1218.6742 1363.8053 1136.8339 1540.3597 1359.9952 1185.1537 1539.8768 1160.9479 1351.9413 1062.609 1023.55853 1540.0264 1059.7733 1155.0033 1121.2274 1540.4506 1357.1155 1107.6145 1233.4987 1540.7479 1134.3132 1374.5955 1106.6644 1539.9397 1183.5032 1202.9294 1348.6792 1539.7871 1207.1075 1248.852 1398.3647 1540.3618 1540.5444 1141.294 1019.588 1237.5585 1539.6406 1177.4467 1155.1855 1353.4117 1374.9105 1540.0735 1085.4337 1221.0133 1193.059 1540.1497 1223.8627 1323.4618 1540.0199 1010.3684 1335.1483 1231.1503 1176.505 1109.651 1538.9115 1379.1117 1340.5396 1111.6814 1083.0323 1540.0989 1538.8378 1132.6932 1073.5052 1173.6753 1141.5564 1540.1987 1265.7645 1365.343 1342.9434 1187.1312 1540.0242 1091.912 1154.196 933.8932 1540.1255 1004.1189 1074.421 1152.4224 1178.1691 1540.1205 1133.3108 1169.0059 1539.9968 1134.2808 1539.9746 1344.0929 1066.492 1093.9604 855.05585 1401.9954 1540.1373 1073.5059 1127.7532 1044.4482 1220.9095 1540.1154 1161.3384 999.48193 1380.8013 1540.0524 1541.3169 1231.722 1117.8292 828.1517 1251.4894 1356.7974 1091.5482 1539.9521 1369.366 1069.1736 1150.9601 1539.7676 1047.3295 1336.9407 1037.7155 1539.9874 1539.7131 1341.7902 1050.6816 1136.8337 1540.0106 1422.3318 1093.0715 1186.7385 1538.8534 1087.7008 1340.7496 1237.8328 1083.057 1048.4152 1540.0493 1250.659 1165.7496 1540.2047 1192.9008 1339.6675 1185.3412 1539.7906 1126.2075 1363.8381 1540.1278 1062.3284 1402.2169 1249.5964 999.91046 1107.7844 1354.8866 1540.1932 1069.6688 1367.3606 1002.18085 1540.2302 1361.2977 1188.8043 1088.0967 1540.0219 1199.0175 1077.4935 1197.9596 1542.4138 1167.9128 1349.7739 1540.1005 1108.2457 1540.0488 1185.9716 1341.8584 1113.6029 1539.9209 1342.7897 1146.8646 1253.5023 1364.0846 1213.4735 1228.3219 1540.0212 1540.3866 1379.5007 1153.8768 1251.3138 1355.0769 1148.6324 1540.1133 1236.3695 1540.464 1135.4275 1162.9637 1320.9122 1141.3759 1353.2522 1540.7728 1088.6895 990.1896 1539.2128 977.2466 1420.6368 1143.7682 1372.6713 1164.9866 1540.067 1129.8463 1148.9606 1540.794 1237.9625 1540.3402 1179.3737 1076.5011 1137.5521 1075.2505 1539.7283 1031.7318 1242.9889 1257.3531 1369.5138 1174.3525 1540.6498 1540.0815 1138.6632 1330.8776 1149.5447 1167.5355 1538.4045 1127.9469 1334.0883 1539.8347 1185.5658 1005.72455 1365.6803 1193.8152 1149.447 1539.8326 1401.3235 1540.1003 1144.9379 1389.0117 1196.7305 1352.1265 1109.8898 1539.6708 1120.898 1540.382 1398.9105 1231.2478 1090.4799 1540.798 1211.3511 1069.2739 1039.8766 1539.8936 1000.7805 1370.6527 1113.3572 1161.2032 1345.3546 1172.3887 1540.5677 1207.0709 1345.166 1540.1257 1231.2954
 116 1158.7145 1146.2007 1539.6698 1365.3184 1539.7606 1135.4642 1362.1383 1218.9939 1074.8971 1230.1968 1539.6106 1353.2563 1270.5352 1119.5005 1540.0078 1428.6509 1156.1707 1247.4182 1422.9197 1540.1018 1232.4021 1363.9286 1242.816 1539.6362 1100.668 1329.4642 1123.0868 1540.9639 1054.0582 1540.8024 1119.7717 1389.7083 1183.0009 1540.0747 1138.1221 1226.6156 1125.1958 1356.9379 1540.3029 1155.8015 1540.5157 1136.7971 1328.1974 1085.3107 1177.9373 1150.1028 1175.4386 1540.4806 1021.26086 959.0213 1540.6078 1161.8934 1346.6677 1540.9794 983.2872 1194.629 1539.9541 1108.6234 1035.533 1198.813 1539.3325 984.10913 1049.6617 1341.3959 1540.2274 1142.3021 1245.0306 1359.2103 1540.1794 1111.4731 1180.5463 1382.3442 1382.1775 1218.7876 1539.6079 1231.5052 909.4392 1540.0851 1366.0112 1098.9252 1231.8447 1366.3019 1136.4548 1540.1761 1360.1451 1185.3715 1540.9049 1160.9977 1353.0428 1062.5236 1023.1873 1539.7075 1061.0697 1170.8885 1124.4735 1540.4629 1356.0294 1131.4448 1239.0963 1540.7123 1134.5984 1374.669 1106.7899 1540.5483 1183.3943 1203.8481 1348.8204 1540.5598 1216.6234 1249.9487 1399.4913 1539.8638 1539.8065 1141.6707 1019.7223 1244.7316 1539.3469 1176.9271 1154.4766 1351.7938 1375.6808 1539.8721 1086.1691 1228.738 1194.2255 1540.2219 1233.2598 1323.6465 1539.7235 1010.9563 1335.6143 1237.6475 1177.047 1121.456 1539.6442 1379.5234 1343.9199 1116.4633 1121.7169 1539.9836 1540.0979 1146.2083 1074.393 1174.317 1142.2484 1539.9515 1267.8837 1367.6528 1343.6611 1194.7681 1540.0159 1091.193 1156.3435 968.6676 1540.174 1007.69507 1074.8376 1152.3859 1181.7057 1539.6715 1133.7052 1169.6824 1540.7728 1134.2728 1540.163 1343.9136 1068.7032 1113.0417 856.0322 1407.4188 1540.2104 1072.924 1126.951 1045.5596 1227.039 1539.8146 1164.5657 999.9144 1380.9263 1540.7225 1541.1246 1236.632 1117.6847 828.683 1252.0133 1357.726 1106.5508 1539.7441 1369.4242 1069.2219 1150.8529 1540.6028 1047.3043 1346.9757 1041.6403 1539.9606 1540.3125 1341.7706 1050.6498 1136.4358 1539.8301 1425.7765 1096.3555 1207.5905 1539.3075 1090.284 1347.5001 1239.871 1082.5764 1047.8948 1539.5459 1250.2461 1167.1683 1540.0992 1194.4369 1346.0469 1185.3407 1539.7808 1133.1797 1364.3706 1539.6985 1061.114 1402.3207 1254.926 1002.48285 1132.4753 1355.576 1540.1582 1069.5441 1367.4691 1001.6467 1541.0403 1361.5443 1197.0823 1089.233 1539.8196 1200.3467 1075.1041 1166.9614 1539.0979 1185.1128 1349.6079 1540.1522 1110.3474 1539.9974 1186.4385 1342.232 1129.4714 1539.9525 1344.4617 1150.3021 1268.8412 1364.5692 1214.5815 1234.4467 1539.7435 1540.1057 1380.7037 1179.7428 1254.9655 1354.8783 1148.8859 1541.0028 1239.171 1540.4751 1167.8253 1163.1669 1324.001 1142.8026 1363.5056 1540.0651 1089.1093 993.6672 1539.7776 1007.0726 1421.3317 1177.3348 1374.5472 1169.3386 1539.8087 1132.5576 1148.8342 1539.9045 1251.4834 1540.4937 1179.7365 1076.5393 1137.8091 1074.6078 1539.6083 1031.4935 1241.5736 1260.6372 1370.8105 1174.2994 1539.7474 1539.8379 1140.1862 1339.0004 1149.8475 1168.4952 1540.0598 1130.0872 1340.1638 1540.5253 1187.9757 1043.0735 1365.9895 1202.6753 1150.179 1539.8337 1402.2101 1539.9333 1147.9316 1391.2577 1211.0153 1352.4717 1128.6804 1539.861 1121.3234 1539.9017 1398.3788 1238.0443 1090.6685 1540.0708 1221.8412 1069.676 1042.0251 1540.9052 1000.7249 1370.3505 1113.656 1163.6167 1354.149 1173.8203 1540.3123 1206.9789 1344.6353 1539.6942 1234.4702
 117 1158.9005 1146.2997 1540.0403 1365.551 1539.9707 1145.2075 1362.1937 1219.4645 1075.0029 1230.2538 1540.0957 1353.7076 1270.4672 1119.4645 1540.0924 1428.4622 1156.266 1249.7671 1422.8773 1540.1086 1232.4429 1363.9413 1242.9003 1540.0322 1100.6887 1328.8376 1122.3564 1539.9264 1053.7059 1539.8909 1119.1904 1389.3456 1182.8276 1540.0386 1138.2021 1226.5205 1126.5298 1356.9197 1540.0323 1164.5593 1540.0665 1137.3372 1327.5211 1103.5817 1177.6621 1149.8297 1175.0668 1539.9818 1021.1638 959.0746 1539.9106 1161.7059 1345.8252 1539.8501 983.0928 1194.6456 1540.0883 1110.0391 1058.7401 1199.7332 1540.1069 985.1373 1061.6655 1342.4967 1540.0347 1141.9706 1244.9054 1358.8 1540.0503 1132.756 1182.4056 1382.9578 1381.8843 1218.1702 1540.1251 1231.2255 909.00415 1540.0494 1366.4458 1109.7676 1237.0868 1367.2239 1136.2529 1540.0557 1359.5582 1184.7397 1539.9021 1160.5057 1353.792 1062.6161 1023.19366 1540.0055 1061.5934 1178.9297 1125.8896 1539.9746 1355.161 1143.6681 1240.212 1539.96 1134.2754 1374.2582 1106.4917 1540.0021 1182.9254 1203.7601 1348.3325 1539.9861 1220.1885 1250.3016 1399.836 1540.1062 1540.116 1141.7181 1019.8671 1247.0978 1540.0837 1176.9436 1154.3943 1351.256 1376.0026 1540.0972 1086.4786 1231.5507 1194.5878 1540.0518 1236.7893 1323.5667 1540.0574 1011.3876 1335.8839 1241.0288 1177.354 1127.6106 1540.1542 1379.6963 1345.6597 1119.0127 1141.9994 1540.057 1540.0955 1152.9633 1074.4968 1174.3014 1142.4833 1540.105 1268.1049 1368.8877 1343.9099 1197.7997 1540.0525 1090.8853 1157.366 986.7338 1540.0334 1009.4668 1075.0106 1152.4387 1182.2998 1540.1083 1133.2871 1169.6339 1540.0688 1133.7599 1540.0046 1343.6471 1069.7374 1122.9037 856.4414 1409.9017 1540.0565 1072.5437 1126.8284 1046.174 1229.2094 1540.0867 1164.7285 999.68427 1380.2689 1539.8823 1539.7511 1236.6952 1116.6251 828.3101 1252.3116 1358.2004 1114.4081 1540.0481 1368.9268 1068.801 1150.1573 1539.9073 1047.2944 1352.3031 1043.69 1540.118 1539.9941 1341.5156 1050.5319 1136.0188 1540.1091 1427.1814 1097.7223 1217.0876 1540.041 1091.7776 1351.3658 1241.0839 1082.0992 1047.0344 1540.119 1248.3513 1167.8677 1540.0465 1195.2142 1349.2888 1185.406 1540.1414 1136.8364 1364.6858 1540.1692 1060.7968 1402.3307 1255.1102 1003.6852 1145.2542 1355.6198 1540.0138 1069.1255 1366.9949 1001.3524 1539.8702 1361.6708 1200.2727 1089.7114 1540.0917 1199.0437 1073.8513 1151.8353 1540.3317 1193.9865 1349.38 1540.0206 1111.3423 1540.0098 1186.6976 1342.3784 1137.7285 1540.0497 1345.1825 1151.8474 1275.3824 1364.6807 1214.8854 1235.7986 1540.1228 1540.0511 1381.0981 1193.1559 1255.5286 1354.2043 1148.2343 1539.9347 1238.8479 1539.9076 1184.5583 1163.0531 1325.4191 1143.5756 1368.8698 1540.0453 1089.3743 995.4582 1540.2131 1022.59393 1421.6593 1194.7247 1375.1459 1169.9164 1540.1301 1133.5404 1148.8713 1540.077 1256.4722 1540.0095 1179.7278 1076.3257 1137.756 1073.9104 1540.217 1031.2133 1239.422 1260.8953 1371.4441 1174.3793 1540.1306 1540.07 1141.1089 1343.3762 1150.1113 1168.8512 1540.1976 1131.1031 1343.4642 1540.022 1188.8889 1062.2836 1365.7717 1206.0322 1150.4661 1540.0985 1402.6194 1540.0743 1149.2034 1392.221 1216.8671 1352.5836 1138.4647 1540.0264 1121.5092 1540.1078 1398.2256 1240.3278 1090.8629 1540.0408 1225.8885 1069.94 1042.9569 1539.9524 1000.57764 1369.5969 1113.5876 1164.8452 1358.8372 1174.4935 1539.9543 1206.9323 1344.612 1540.0764 1234.586
 118 1153.2188 1140.6932 1530.5698 1358.6958 1531.7189 1140.1383 1355.7065 1213.9619 1069.0092 1223.5153 1529.0226 1341.9502 1265.6749 1114.0903 1527.9545 1424.7753 1140.3284 1170.6267 1413.6437 1533.451 1224.5953 1357.9291 1207.4672 1531.8978 1094.5957 1321.9894 1116.3785 1530.436 1048.8362 1526.4203 1113.3846 1375.2628 1178.3292 1530.0614 1134.9021 1222.2303 1121.7993 1351.5072 1531.5015 1160.6383 1532.2983 1132.6826 1322.7747 1098.6622 1171.9764 1144.0205 1169.7653 1531.4408 1018.30133 955.1866 1526.1221 1158.9194 1336.6747 1529.5336 973.19476 1159.3069 1533.5795 1103.7842 1052.3312 1168.0203 1531.0293 980.68176 1059.0995 1336.6776 1527.5481 1135.6605 1211.8374 1349.5693 1535.455 1125.0305 1155.6989 1376.066 1373.3433 1166.7816 1531.4503 1215.4375 905.44464 1532.5745 1361.4723 1106.463 1196.2994 1355.5986 1131.8431 1533.0498 1350.5365 1178.7808 1528.7448 1155.6565 1344.9606 1056.6289 1019.4994 1530.9056 1057.2231 1172.0972 1119.5687 1529.9203 1348.8116 1138.7764 1204.2604 1531.5515 1128.208 1367.3401 1100.7863 1529.427 1177.9617 1197.9844 1342.9988 1530.9515 1181.834 1241.1959 1388.8746 1534.2732 1532.5587 1133.8574 1013.6492 1208.3113 1531.6191 1172.2701 1148.7843 1345.4122 1368.2186 1534.4893 1079.2307 1196.0526 1186.0194 1530.7861 1204.4323 1317.1217 1531.6238 1007.3376 1326.3398 1234.18 1171.956 1122.1832 1531.3741 1373.7809 1336.4216 1114.9972 1137.5117 1536.905 1529.4232 1146.9594 1069.062 1169.541 1129.2767 1526.8867 1235.5267 1349.7632 1335.0448 1162.0847 1529.7382 1087.0358 1151.5786 982.2892 1530.1013 1003.3429 1063.9314 1143.837 1146.0835 1530.7471 1128.3629 1164.5023 1531.935 1129.7892 1533.2716 1339.3796 1065.8413 1119.5388 865.20526 1456.5658 1532.9026 1062.6492 1122.6848 1034.018 1190.9382 1528.6677 1132.0686 993.9765 1373.6438 1533.343 1528.0718 1184.5756 1100.3811 814.9082 1246.4413 1350.414 1110.9233 1531.6207 1362.9917 1064.2268 1144.2947 1529.7438 1041.9601 1334.6338 1036.2084 1531.7238 1529.3723 1336.346 1047.4375 1130.7534 1531.8226 1413.9828 1085.0009 1167.778 1528.5852 1084.3654 1336.9366 1232.4407 1066.8815 1024.5663 1531.8253 1197.8961 1160.6283 1534.265 1188.4095 1331.1118 1181.4259 1533.043 1133.1216 1359.9099 1526.922 1051.7886 1387.8217 1182.971 996.87866 1139.6122 1343.0886 1532.4565 1065.0367 1362.0344 998.245 1529.457 1356.292 1169.8258 1081.9536 1535.1882 1161.5944 1061.4539 1143.5778 1533.4076 1189.2426 1344.2281 1531.984 1106.9675 1531.2284 1181.479 1335.5393 1124.3416 1533.819 1336.6433 1140.4547 1229.48 1355.6914 1202.7902 1188.7717 1534.9133 1535.3558 1374.7258 1188.4552 1229.3281 1347.4513 1140.0233 1528.3319 1199.1956 1537.0325 1181.1953 1160.4412 1316.1956 1138.3099 1349.0416 1533.8528 1086.6953 992.701 1531.5632 1019.68854 1417.5304 1191.1576 1370.7969 1162.1718 1535.0521 1119.1166 1142.8313 1532.8423 1202.2728 1530.7684 1174.2931 1071.1045 1132.5538 1056.3064 1535.3848 1018.0236 1193.098 1232.6862 1358.2764 1167.644 1534.3815 1536.4944 1134.6871 1327.0752 1146.683 1164.3596 1534.855 1125.8728 1330.974 1531.3351 1184.063 1057.4542 1360.0105 1162.3591 1142.4464 1531.5656 1393.5409 1536.0786 1139.3575 1383.3835 1178.6259 1346.7135 1133.1718 1530.9617 1117.654 1528.9569 1391.8142 1195.805 1085.204 1530.5747 1179.269 1062.1675 1029.1683 1529.7843 997.1981 1363.3232 1109.0559 1157.7988 1341.048 1169.4921 1534.8701 1198.004 1340.4825 1531.2645 1190.9902
 119 1159.5931 1146.0802 1540.8013 1362.792 1536.473 1155.5947 1356.0172 1211.1936 1074.4723 1224.9291 1541.128 1334.3845 1270.1106 1119.4181 1541.3524 1430.6267 1105.2592 1001.5571 1405.5222 1540.6333 1220.6108 1360.2896 1133.0085 1540.6709 1095.495 1327.9567 1122.5608 1540.6926 1048.6902 1540.6719 1121.2256 1363.1282 1183.8217 1541.7644 1140.294 1229.7927 1129.2697 1353.6066 1540.4532 1177.8171 1540.9761 1138.7239 1329.2925 1101.1506 1177.2252 1148.5643 1175.6892 1541.2621 1021.6943 953.28253 1542.0106 1159.291 1337.0343 1541.3174 963.57275 1085.7668 1541.8915 1101.1521 1047.3705 1098.836 1541.537 984.28174 1061.1317 1342.886 1540.4976 1142.2662 1150.6067 1350.2161 1542.2002 1115.7217 1098.5266 1373.5378 1368.7113 1053.4307 1541.7051 1191.0974 910.5883 1541.424 1367.0685 1112.5841 1105.6106 1341.7556 1137.9739 1541.48 1349.7283 1186.358 1540.8712 1161.3846 1330.423 1051.481 1019.7149 1541.1455 1061.7977 1177.3082 1126.0846 1540.674 1350.419 1143.3931 1126.841 1541.2438 1135.4872 1373.183 1106.3685 1540.6351 1183.5458 1204.1776 1350.423 1540.9064 1097.4839 1229.5647 1375.9554 1541.8566 1541.7675 1127.5957 1010.5611 1123.507 1541.3948 1177.0328 1152.355 1350.2053 1363.2686 1541.8485 1073.0912 1116.6514 1183.1875 1540.7006 1138.8896 1321.831 1541.2572 1010.2871 1319.1897 1232.572 1176.283 1125.3557 1541.5939 1378.9789 1324.6432 1114.0204 1134.5176 1542.3387 1541.9872 1152.3525 1079.5471 1182.7529 1113.4902 1540.2078 1177.2076 1326.3983 1334.4749 1089.3004 1540.5286 1098.9224 1158.3322 989.5886 1541.4978 1006.4947 1052.6652 1139.8491 1068.9928 1541.4728 1133.7133 1167.7324 1540.8239 1137.3704 1540.8903 1344.5228 1069.803 1123.7233 863.88544 1434.6659 1540.4087 1069.5723 1135.257 1025.0607 1114.2207 1540.2839 1061.5531 992.2019 1374.6605 1541.6937 1540.8226 1076.7328 1084.2673 799.6119 1246.5605 1345.3624 1113.1783 1540.7375 1364.2745 1065.825 1148.6495 1541.4343 1043.5172 1304.5072 1030.9517 1539.1869 1540.6582 1342.1061 1051.3379 1135.1782 1541.9731 1395.2383 1066.1733 1054.5024 1540.9309 1078.2136 1317.7723 1228.6761 1042.1073 978.611 1541.5541 1082.7896 1156.5479 1541.9991 1184.4379 1300.2975 1184.7794 1541.5391 1136.2424 1364.4412 1540.8827 1029.7954 1385.9692 1035.5461 993.8984 1140.7955 1329.2432 1541.412 1070.2871 1366.6852 1000.64044 1540.9392 1356.6334 1102.9603 1073.3037 1541.9343 1078.9084 1046.2585 1144.7546 1541.8329 1200.2297 1343.6312 1541.3081 1105.9954 1540.5461 1187.842 1337.1869 1104.4937 1541.9923 1331.1306 1126.1185 1126.9783 1346.7903 1184.1097 1081.1765 1542.0629 1542.1489 1371.7051 1188.1104 1175.2949 1352.2904 1141.7797 1540.2136 1119.0082 1541.8486 1181.5325 1162.7352 1304.2329 1136.7887 1312.0167 1541.9868 1088.8151 994.6663 1540.1149 1019.87103 1424.4225 1193.0 1372.1782 1153.647 1542.6403 1094.597 1142.2095 1541.8997 1080.0387 1541.0736 1178.0547 1074.9192 1136.282 1020.6908 1542.2362 993.5195 1087.8773 1173.2748 1338.4591 1164.2811 1541.7289 1542.2292 1128.9336 1297.5819 1148.8527 1164.0784 1541.2831 1124.006 1310.9762 1541.4309 1192.5825 1062.4441 1363.4718 1074.9833 1139.5028 1541.1868 1392.9049 1541.6864 1123.8882 1373.384 1091.267 1350.5449 1136.5614 1541.2268 1120.9551 1541.5848 1398.3796 1103.7632 1088.9238 1541.1962 1077.498 1061.3102 1010.70465 1541.2343 999.961 1369.0524 1111.7845 1152.1503 1310.5215 1168.5964 1541.7247 1192.1576 1349.5747 1540.5111 1097.3091
 120 1159.59 1144.5627 1535.7657 1391.6616 1559.4335 1191.649 1392.0299 1228.6799 1079.2885 1239.675 1538.8453 1381.4215 1265.462 1114.9695 1536.56 1412.0818 1118.6173 1064.8132 1408.4952 1542.3785 1230.415 1384.5522 1170.4614 1535.5237 1101.736 1359.7596 1127.0516 1538.2042 1053.1566 1536.4539 1117.7383 1390.6519 1181.0856 1535.6321 1140.1615 1225.9019 1142.5746 1386.2786 1546.959 1202.6493 1539.587 1144.6704 1362.47 1136.835 1173.5189 1145.3429 1171.9185 1533.8002 1022.6247 956.47314 1537.0646 1160.5328 1370.2681 1539.6613 973.6057 1089.3466 1539.2968 1104.132 1099.7069 1098.5326 1548.0183 986.7103 1104.4358 1379.6855 1537.7936 1139.73 1152.5669 1378.8251 1537.8342 1157.4066 1103.0864 1393.902 1396.0292 1102.0996 1536.8405 1210.6517 906.9311 1537.3514 1391.0068 1162.9355 1156.7657 1381.772 1134.1443 1537.0054 1379.6024 1187.3035 1536.8555 1159.405 1409.7307 1050.6083 1030.6688 1542.7942 1062.8124 1202.6241 1128.5878 1534.8306 1380.5239 1154.8861 1126.9076 1539.2037 1131.502 1390.4408 1105.9938 1534.4918 1184.1448 1209.447 1378.7028 1538.2667 1146.8444 1241.639 1400.7131 1537.0569 1536.386 1131.2418 1012.73193 1164.7253 1538.1537 1178.008 1156.8064 1385.5184 1390.8792 1537.3853 1084.9392 1162.5237 1188.6656 1539.1707 1164.8773 1353.4432 1538.2037 1024.7827 1359.6001 1278.0117 1178.594 1164.6654 1538.9336 1396.316 1377.0925 1125.6193 1170.605 1537.863 1537.2217 1187.7311 1077.4485 1179.599 1131.1194 1538.6235 1183.2656 1387.9888 1371.4696 1130.9047 1537.8977 1093.0491 1161.743 1029.0734 1536.9868 1012.0066 1059.7888 1142.4608 1106.1996 1536.5756 1128.852 1166.7314 1532.4149 1132.9384 1537.2982 1372.4833 1067.334 1136.3259 861.74347 1428.5778 1532.033 1065.373 1130.2036 1018.44 1143.9022 1534.281 1061.4673 991.9224 1392.6166 1536.6154 1534.5087 1072.994 1079.1914 797.75024 1259.292 1382.0642 1167.4448 1535.8557 1393.0743 1071.9047 1156.7986 1540.7235 1045.3976 1388.505 1059.1393 1563.3352 1536.3237 1373.0468 1065.7687 1139.7438 1537.151 1408.4465 1082.0702 1127.2695 1539.1084 1106.5365 1388.367 1252.0646 1056.5043 1005.38666 1536.2611 1141.38 1172.4918 1538.9948 1200.8711 1372.727 1174.6321 1539.5156 1167.1401 1402.9824 1534.7965 1041.0819 1398.0094 1093.6245 1003.213 1165.945 1370.345 1539.4044 1069.7319 1389.5507 1004.5578 1535.1544 1384.6896 1138.715 1081.6165 1537.8931 1076.4906 1056.5311 1207.1764 1539.3813 1207.2262 1383.3329 1541.3134 1121.7418 1536.624 1183.236 1369.3003 1154.6207 1538.656 1370.9803 1144.0977 1185.1088 1384.4552 1209.8628 1133.0177 1537.3496 1537.2487 1391.7118 1221.589 1182.7769 1379.0072 1143.6407 1535.5117 1115.9463 1538.6272 1243.0165 1169.915 1368.8865 1145.4355 1394.7043 1541.954 1090.2233 994.8491 1538.592 1043.8705 1409.6711 1218.43 1395.5028 1161.4215 1538.4232 1108.3821 1143.0941 1535.9576 1128.7598 1533.1681 1178.205 1072.0576 1136.3445 1036.9014 1537.9104 1000.1491 1137.1592 1184.5573 1391.7103 1169.6615 1536.9144 1537.1968 1152.2681 1383.0242 1151.3561 1178.1931 1543.4318 1144.6271 1389.2908 1538.4714 1193.807 1094.6508 1389.9497 1111.7704 1143.1113 1535.6652 1400.5416 1536.141 1132.6709 1397.7944 1132.5896 1378.1781 1174.5143 1538.4617 1131.8467 1537.3278 1401.3248 1135.8734 1090.862 1535.8661 1114.5581 1062.2833 1018.283 1537.4287 1007.045 1390.985 1116.0918 1166.8856 1387.4509 1179.3088 1538.2957 1202.6754 1374.8536 1536.307 1133.9436
 121 1161.6544 1146.0236 1537.2987 1405.864 1529.3624 1206.0851 1398.8376 1216.4985 1081.9403 1246.3884 1536.471 1402.6667 1262.4393 1112.7523 1535.9227 1401.4451 1118.0135 1073.0972 1402.6469 1532.1554 1236.3622 1401.1407 1177.921 1537.1212 1105.2808 1379.9448 1130.2104 1536.8638 1056.8779 1536.3696 1117.2225 1408.7795 1181.8666 1536.3878 1140.1643 1225.5494 1140.7081 1399.8154 1531.1434 1208.3372 1537.115 1146.9393 1383.0552 1140.1316 1175.7087 1147.5813 1173.9059 1537.2192 1022.88275 957.927 1535.2161 1161.8132 1390.3806 1535.6366 979.2855 1091.8508 1534.5413 1103.7852 1106.7649 1099.278 1535.7301 982.8978 1116.0239 1394.2914 1536.5178 1139.2826 1155.5167 1398.1183 1536.5444 1165.4667 1106.2573 1406.9562 1411.0464 1110.8735 1536.4474 1216.9716 906.59143 1536.7059 1405.7645 1170.9739 1169.6039 1403.5303 1134.0507 1536.9716 1399.5532 1189.2002 1536.4932 1159.5004 1439.8384 1040.2112 1029.4048 1532.4369 1064.0638 1208.1844 1130.6846 1537.1666 1399.2843 1156.1986 1127.4814 1536.1776 1132.567 1404.4215 1108.5225 1537.1194 1185.3231 1212.2605 1396.7244 1536.6396 1156.7651 1246.6738 1413.712 1536.2119 1536.2771 1132.4882 1013.6491 1171.145 1536.7443 1179.0277 1159.5438 1404.324 1406.2943 1536.4049 1090.4879 1173.7407 1189.5979 1536.9115 1169.0157 1372.2963 1536.7926 1032.1652 1384.0669 1291.8276 1179.1619 1170.6907 1535.7109 1406.5065 1409.9951 1132.1486 1182.436 1536.2484 1535.6381 1193.0356 1076.3658 1177.9708 1138.625 1536.3339 1186.2917 1414.2482 1392.8903 1139.4908 1536.93 1091.6202 1162.7041 1034.981 1536.3849 1013.17267 1061.292 1143.8737 1112.6309 1536.4436 1131.343 1169.1208 1536.9663 1135.3064 1537.3087 1391.2244 1066.3422 1137.571 861.348 1422.2247 1537.2205 1069.0337 1132.8962 1022.22473 1151.8169 1536.6852 1063.5021 993.3494 1406.0702 1536.8893 1537.192 1074.6987 1080.5284 799.1552 1267.4475 1404.3131 1180.5787 1537.3031 1408.5302 1073.7128 1159.6083 1536.6819 1033.3994 1428.3497 1073.601 1535.3331 1536.7285 1393.511 1074.9934 1144.4474 1536.7676 1412.9176 1085.8071 1139.376 1536.1178 1119.9358 1421.6434 1263.3423 1059.2802 1009.89465 1536.7354 1150.7761 1180.0211 1536.2847 1208.4279 1407.9447 1175.5302 1535.2477 1175.0952 1419.2633 1537.2115 1045.0378 1408.6644 1103.5359 1008.1858 1172.217 1395.8575 1536.4521 1070.7434 1406.1002 1007.425 1537.2888 1402.1653 1148.359 1085.2129 1536.4531 1077.7267 1054.2859 1211.2942 1534.5958 1209.8517 1403.7158 1537.4272 1127.9508 1537.2843 1181.7426 1390.1997 1166.4122 1536.6881 1393.0094 1149.6327 1197.5698 1405.1327 1219.8158 1145.2172 1536.4316 1536.5327 1404.7881 1227.0742 1188.0061 1397.7804 1147.3098 1536.9774 1117.472 1535.7344 1256.6814 1173.9645 1407.3375 1147.786 1432.2583 1533.2762 1089.5221 993.5522 1535.0549 1048.4783 1399.4874 1223.7915 1410.3353 1166.6935 1535.7938 1111.5225 1144.3967 1536.4727 1136.9637 1537.3777 1180.503 1074.0677 1138.5939 1038.8535 1535.7076 1000.309 1145.1711 1191.1653 1417.8257 1172.9546 1536.4941 1536.5935 1164.701 1424.6847 1152.775 1182.746 1531.3966 1152.2904 1428.5591 1536.7145 1196.0002 1099.4534 1406.0693 1118.2124 1144.8281 1536.7482 1407.1178 1537.0166 1135.4878 1412.0737 1140.9998 1395.4894 1180.9053 1536.4584 1138.4916 1535.9431 1404.8925 1141.7194 1091.1312 1536.4972 1120.9791 1063.2919 1020.0483 1536.1158 1011.95746 1406.143 1119.0768 1174.4861 1425.6218 1185.1868 1536.3912 1207.9865 1393.1353 1536.9581 1139.2076
 122 1160.8499 1146.3126 1542.8281 1354.5449 1536.4589 1122.0376 1402.1388 1218.7821 1075.7079 1232.0789 1541.7743 1374.4535 1258.8961 1115.0532 1540.8646 1405.6646 1141.6641 1167.4801 1412.2471 1539.7814 1230.0497 1402.7144 1096.2294 1541.3552 1104.5039 1381.7667 1133.8771 1542.1503 1058.7627 1544.3033 1122.5599 1409.222 1185.1891 1543.9624 1143.5862 1233.368 1138.6267 1405.3507 1539.3164 1156.9243 1542.4772 1149.8485 1388.6876 1091.4651 1179.1859 1148.2108 1179.4089 1546.1483 1025.9443 957.0074 1542.1442 1160.5673 1402.6372 1536.0371 999.2737 1202.2958 1538.1768 1112.2454 1116.8557 1162.8605 1539.1874 978.51886 1039.8716 1393.444 1539.4789 1140.0574 1192.3717 1399.7214 1539.8092 1170.0452 1141.4412 1389.7471 1412.7527 1105.2606 1539.9325 1217.4095 905.69995 1542.9073 1407.0853 1055.2572 1140.8856 1399.9327 1134.9584 1540.1265 1388.632 1194.2024 1543.7083 1163.3721 1353.6892 1058.5225 1024.0348 1541.0156 1064.2255 1188.5416 1130.1932 1539.6141 1407.8253 1155.5541 1240.1062 1536.6694 1140.8556 1406.4789 1114.1129 1545.1823 1186.6132 1215.6378 1403.7603 1543.8408 1142.6245 1244.3893 1412.08 1539.3656 1539.3926 1129.4308 1016.31323 1153.49 1541.6482 1180.7262 1153.663 1361.4099 1405.868 1539.4586 1087.5327 1155.2983 1189.5482 1540.4641 1146.3367 1374.1012 1544.0269 1024.5538 1355.9521 1260.1888 1171.9504 989.0256 1541.2909 1403.4177 1367.6702 1121.1146 1148.4982 1540.02 1540.7753 1127.8394 1078.6494 1178.514 1126.476 1540.2432 1234.3285 1348.6698 1393.9009 1123.5426 1540.3268 1092.6163 1162.4875 1034.0242 1537.7054 1013.24493 1059.338 1143.2986 1103.696 1540.0321 1133.8419 1169.3367 1543.323 1140.2775 1540.1957 1395.4026 1065.9452 1122.7379 870.142 1459.3612 1542.3096 1069.8916 1135.6818 1021.3043 1140.2542 1539.9867 1165.4657 997.4864 1412.649 1537.5042 1536.0016 1226.9954 1113.3649 826.8871 1265.4349 1401.7522 1122.8002 1537.9004 1408.3818 1076.2739 1164.0043 1544.934 1044.2991 1356.6055 1054.6411 1536.2334 1544.2603 1395.7942 1074.9242 1148.4512 1540.3524 1408.7472 1079.4221 1117.566 1540.2023 1080.9651 1331.3 1232.1194 1056.4072 1001.5253 1539.7203 1127.7217 1162.7848 1542.9668 1189.231 1324.502 1177.3878 1537.3977 1179.375 1421.7157 1538.2169 1053.8676 1408.798 1164.0012 1006.2809 1171.0304 1385.2385 1540.2911 1074.1675 1407.697 1007.38904 1544.4921 1401.3531 1100.5372 1077.7335 1539.8663 1186.2411 1076.6 1084.6564 1539.9037 1209.0492 1406.0026 1539.9073 1129.1143 1541.0485 1188.8267 1389.358 1078.034 1540.2981 1390.9974 1144.737 1154.7518 1405.0249 1215.7784 1120.9475 1539.5781 1539.5403 1412.3513 1124.165 1242.9734 1398.1215 1159.5188 1537.9338 1240.4679 1542.7417 1063.4459 1177.7675 1348.5729 1134.1147 1329.6809 1542.6952 1084.6677 997.2238 1536.0876 1049.1595 1402.7755 1225.7473 1406.4093 1184.8782 1539.6935 1112.137 1146.5347 1538.4684 1138.0443 1542.3334 1181.3728 1074.7124 1137.701 1035.1362 1539.967 998.1667 1131.0215 1227.9034 1410.7056 1173.5494 1539.1713 1540.6595 1137.619 1328.4797 1149.5786 1165.1426 1539.61 1134.3184 1345.56 1539.659 1190.6702 984.9983 1406.2822 1109.7853 1147.2256 1539.5902 1408.2339 1539.2756 1132.4097 1410.7924 1123.0265 1398.9246 1163.7937 1541.3389 1142.2872 1538.9164 1405.6927 1153.9825 1090.9172 1538.5488 1155.9933 1064.0452 1028.6052 1544.8788 1013.4059 1410.0985 1118.5671 1153.4058 1345.0773 1175.9525 1542.6641 1211.4219 1396.3936 1539.1764 1150.3274
 123 1152.9752 1141.1549 1538.1619 1285.2166 1547.4476 1088.9244 1285.9526 1179.694 1049.6614 1165.8738 1548.3062 1287.8812 1159.5181 1083.582 1580.1398 1222.5814 1141.0984 1158.1697 1280.8308 1567.1144 1162.7281 1280.4803 1066.8806 1533.3494 1087.6715 1310.1329 1118.2068 1539.339 1038.0789 1563.2787 1245.8069 1268.2408 1183.8698 1570.5686 1137.412 1196.391 1115.7256 1284.175 1543.2958 1254.8649 1535.2257 1131.4259 1302.8362 1083.1785 1181.3503 1149.2394 1178.7186 1553.6831 1028.2607 960.1793 1583.993 1207.9429 1307.112 1554.5273 966.80585 1183.9457 1581.5886 1118.5656 1113.682 1168.7861 1546.5691 981.87103 994.8828 1299.2905 1546.3389 1142.681 1191.0203 1292.2109 1551.4749 1143.1782 1117.6525 1276.7484 1263.3083 1080.5995 1552.3812 1161.0767 934.2454 1574.5814 1271.0359 964.87366 1095.791 1283.3875 1137.7073 1542.0487 1291.3982 1205.1237 1553.4813 1165.4498 1288.4155 1048.2505 1032.84 1548.1771 1018.9155 1235.0308 1133.1011 1571.3988 1289.8362 1229.0309 1181.5197 1553.1041 1140.8954 1281.4042 1097.5634 1541.5033 1176.9695 1187.9536 1293.5824 1542.1847 1094.0916 1147.4121 1245.5062 1560.353 1566.4739 1140.7118 1023.28796 1214.396 1560.9454 1221.659 1144.9447 1292.3718 1282.5895 1553.6072 1048.8502 1105.4098 1184.1726 1540.5123 1138.3208 1320.7349 1548.9093 1000.03174 1286.9634 1148.568 1163.845 950.12024 1559.2372 1279.9052 1264.5638 1105.905 1121.5897 1557.8068 1562.5918 1122.8711 1086.7567 1187.7437 1076.9645 1548.633 1196.3491 1263.3851 1302.1743 1102.1173 1541.6089 1098.569 1235.6713 1056.2512 1569.3075 1041.4585 1073.6471 1233.9908 1112.7574 1566.8992 1138.7446 1213.8971 1547.3209 1135.3248 1534.609 1301.2446 1071.6987 1123.5542 847.61755 1356.7128 1538.529 1081.2316 1139.5693 1026.1808 1135.3644 1556.9514 1152.5382 986.4531 1269.4948 1543.8256 1561.676 1195.4937 1119.0398 823.44495 1152.2909 1276.2084 1078.3376 1545.544 1286.8966 1071.6873 1136.8595 1558.8538 1058.5597 1261.5757 1024.2983 1583.331 1551.7194 1300.5991 1027.7886 1125.9843 1552.7073 1241.1876 1023.6528 1063.5464 1555.4381 1033.6752 1251.921 1139.9995 1075.1523 1030.8556 1561.5597 1219.2451 1152.2203 1555.788 1191.0981 1280.8328 1188.3536 1553.284 1113.7213 1270.2118 1546.9349 1040.5609 1261.4025 1205.9008 982.08307 1153.9734 1291.1434 1548.5117 1062.7816 1273.5522 974.9922 1549.166 1288.6871 1054.3722 1056.8901 1552.1803 1203.6415 1090.1604 1067.6251 1575.0663 1186.4685 1287.5206 1532.9641 1085.555 1538.2556 1189.8309 1300.0173 1050.238 1550.3434 1301.6685 1129.8665 1120.3407 1279.3822 1148.9556 1073.3025 1553.3783 1556.816 1274.7623 1107.8337 1149.493 1285.1138 1146.7373 1546.0154 1198.5632 1557.3822 1024.5364 1175.5751 1273.4244 1233.6598 1262.8008 1578.2759 1114.1375 975.71735 1569.4447 1029.2373 1256.0077 1147.1139 1258.0677 1130.3577 1562.7384 1114.1375 1229.8112 1559.7969 1132.7793 1553.6536 1213.6797 1080.4556 1138.313 1061.9032 1573.0509 1030.9608 1229.7935 1161.1852 1256.4323 1157.7798 1556.7327 1554.5726 1114.8076 1255.7019 1223.9755 1198.4575 1598.3942 1119.6201 1250.3529 1548.5331 1197.7129 966.5627 1285.6273 1107.19 1137.2771 1547.4125 1256.7793 1543.627 1118.494 1260.5814 1075.0356 1297.527 1146.618 1550.5472 1099.7633 1559.9495 1274.0066 1141.46 1121.2068 1569.4509 1164.2542 1077.6842 1040.4241 1553.8857 964.449 1272.392 1093.6189 1168.8112 1235.8416 1183.6951 1569.3334 1177.0789 1296.5583 1540.3501 1154.502
 124 1137.0074 1127.5752 1517.6786 1265.1173 1510.9186 1066.3284 1254.4121 1144.4658 1026.6558 1123.5006 1515.1741 1258.8973 1105.602 1046.2078 1498.0463 1217.2545 1113.4927 1135.1233 1245.9188 1511.1447 1151.1158 1261.5226 1204.2207 1515.2618 1075.2975 1280.374 1096.818 1515.3483 1026.2913 1506.2534 1271.9836 1241.5063 1149.8141 1492.504 1097.8746 1128.4943 1093.353 1256.3755 1512.9032 1281.7859 1514.737 1112.23 1273.6633 1068.156 1153.603 1121.5026 1145.5544 1504.3944 1009.1403 953.1006 1486.5016 1223.4174 1365.1602 1497.8186 1052.2716 1104.3939 1482.1776 1081.5048 1084.9796 1194.6442 1511.438 964.85443 976.1633 1263.6505 1513.0251 1121.5553 1223.307 1264.9923 1514.7612 1140.0271 1178.9244 1255.6959 1272.577 1195.638 1497.4791 1147.9104 895.89764 1496.8744 1242.543 963.3461 1189.6487 1274.842 1116.2119 1512.4912 1261.7455 1188.2743 1510.0372 1144.2881 1261.5702 1031.9067 1018.1533 1518.3834 1032.0331 1183.3607 1101.2124 1496.8702 1257.8118 1238.8562 1154.8658 1508.4939 1122.6324 1260.0747 1078.9484 1518.2467 1157.5616 1162.535 1264.0891 1516.148 1171.4125 1125.3805 1239.2617 1504.6772 1491.8473 1114.379 998.46826 1212.4546 1513.9886 1217.449 1121.6781 1263.3364 1261.2096 1508.768 1035.5278 1178.886 1164.5481 1513.7761 1192.7457 1292.289 1510.7042 971.96497 1257.4128 1085.7659 1136.3054 926.3498 1507.6979 1251.261 1301.8431 1097.1152 1121.8851 1501.742 1491.7074 1089.6349 1043.8883 1143.4598 1075.9955 1512.794 1174.9807 1252.4323 1279.3981 1160.8594 1516.7906 1077.4832 1224.3724 1022.9916 1496.8788 1012.6919 1057.7948 1253.4077 1149.5356 1499.6649 1113.8668 1214.1943 1505.2114 1106.3933 1514.5895 1285.7877 1065.9244 1113.6343 854.5162 1433.2878 1495.0281 1057.3044 1115.3171 1024.7178 1194.5498 1505.8112 1079.1877 970.2295 1245.9369 1519.5923 1501.8911 1153.6248 1080.4138 797.5464 1094.9492 1245.7285 1059.3762 1509.4202 1245.5452 1042.1902 1096.3339 1503.1572 978.71747 1342.849 1050.8237 1479.7281 1511.1489 1265.0028 1000.9045 1098.9185 1510.0295 1244.4603 1020.97345 1128.5745 1507.3596 1008.7778 1233.4668 1087.9673 1053.3092 1019.63055 1499.6035 1232.4485 1141.3579 1505.2983 1184.0361 1320.2821 1176.1572 1509.0085 1089.2258 1243.558 1496.549 1024.5859 1256.0833 1151.2454 972.99084 1133.837 1306.1434 1511.0812 1046.1582 1250.2628 960.59686 1511.7083 1262.617 1182.3292 1063.194 1509.2002 1162.817 1049.7671 1027.6152 1484.8569 1168.1583 1265.3281 1517.3988 1069.4103 1511.951 1168.7728 1270.7135 1031.0734 1514.6254 1274.6956 1118.9226 1220.646 1263.9279 1146.0292 1219.1357 1507.3627 1506.9987 1254.0175 1088.7101 1168.6978 1259.4701 1118.8843 1513.7639 1138.8538 1502.6672 1002.8383 1149.0485 1294.9435 1267.0436 1339.5387 1483.3129 1105.8151 953.7956 1507.2155 1010.9134 1233.0443 1102.8988 1251.881 1184.9022 1502.713 1113.1024 1245.4778 1491.6228 1180.2008 1503.0128 1202.7966 1055.6001 1114.9182 1031.0013 1489.9059 996.15875 1227.2471 1210.1161 1246.813 1142.468 1506.5261 1502.116 1101.9398 1329.5658 1240.3698 1197.6971 1470.5449 1110.1443 1330.1416 1511.8768 1184.6135 941.8741 1259.0244 1150.5907 1123.7968 1516.4972 1242.5748 1516.0173 1127.8612 1247.2152 1179.684 1266.0502 1118.6409 1506.9921 1075.3784 1507.7942 1247.8151 1157.0734 1103.4182 1493.6453 1136.629 1037.2467 1004.53656 1510.9495 943.93506 1241.6038 1072.4835 1137.7302 1322.8868 1145.095 1486.0186 1154.9414 1265.4076 1512.7269 1196.7551
 125 1153.3113 1138.0088 1524.8525 1399.737 1520.4017 1089.6338 1388.8936 1178.149 1044.9907 1167.5795 1517.5269 1387.5083 1178.2976 1098.9431 1515.7172 1451.1704 1116.7382 1093.8591 1412.6166 1523.8257 1195.3282 1403.8387 1212.7557 1527.5697 1098.5815 1379.6715 1119.4021 1522.4231 1062.1321 1515.6562 1279.383 1410.9786 1168.0145 1521.9128 1110.8741 1141.5664 1126.0325 1401.672 1523.7045 1274.7095 1525.5763 1135.6069 1384.4785 1070.957 1169.3086 1137.136 1161.8954 1525.6085 1020.2961 965.831 1511.1537 1240.115 1354.0126 1523.1326 1043.4105 1097.986 1517.8245 1096.1019 1092.5043 1173.9786 1518.7607 966.2737 1018.13544 1387.4056 1513.471 1127.4081 1214.7119 1395.263 1526.5488 1161.9928 1169.9496 1404.3198 1391.5192 1149.4224 1514.765 1164.5325 905.69403 1526.3666 1410.1696 1003.80066 1200.97 1393.5419 1123.5302 1521.1292 1393.8907 1209.9398 1519.5598 1152.8335 1393.518 1059.9327 1013.8305 1527.2612 1053.9299 1200.3204 1119.8193 1520.7601 1404.0026 1256.6001 1133.9021 1520.4645 1122.44 1410.4592 1100.0303 1524.9994 1179.2688 1193.817 1402.2152 1527.461 1168.7152 1169.0204 1394.9951 1514.7866 1520.4725 1127.0847 1011.18964 1194.3693 1520.8162 1236.524 1147.9733 1397.0635 1384.427 1517.7222 1075.8535 1194.0212 1176.2175 1519.7001 1182.0691 1373.3683 1523.1554 1012.1963 1371.4557 1135.0096 1164.8846 951.4754 1525.2155 1413.4279 1391.4143 1124.3251 1153.1971 1522.5365 1524.0082 1110.876 1063.0306 1162.6442 1126.8724 1518.0645 1176.0433 1396.2091 1386.4309 1150.0265 1517.6691 1081.1016 1243.4308 1038.6494 1520.0876 1026.9225 1057.5282 1262.1135 1121.8531 1513.7501 1126.2886 1231.6871 1525.1277 1122.5381 1529.2322 1407.6538 1079.8579 1124.7794 856.8946 1405.0245 1532.4594 1080.4137 1126.1216 1024.4978 1179.6425 1514.3612 1073.4215 983.53326 1418.6066 1526.5525 1516.4586 1127.662 1083.2668 800.86835 1145.6742 1386.282 1107.909 1524.1533 1404.7993 1076.5267 1147.6787 1517.8407 1015.1226 1346.146 1049.9597 1518.3597 1521.4861 1387.5786 1060.9408 1133.8258 1519.8944 1421.1556 1076.5105 1135.6108 1522.1156 1079.961 1410.4537 1150.3363 1052.2572 1006.0964 1520.1498 1186.033 1166.7758 1524.8059 1207.9984 1379.9517 1222.8966 1523.0984 1159.1742 1415.1466 1518.9197 1050.2845 1412.9248 1164.5869 993.1985 1153.6992 1377.7086 1519.1122 1064.5505 1419.1315 1000.4346 1524.0408 1401.5667 1206.1929 1089.867 1521.9576 1136.574 1053.1428 1045.177 1522.8982 1185.8369 1400.359 1527.1614 1116.2303 1527.7657 1180.7919 1387.1935 1054.8292 1518.8335 1383.9696 1139.1072 1215.2246 1395.0858 1192.307 1205.3365 1517.6074 1515.4973 1386.3348 1098.0857 1179.6615 1396.8761 1142.68 1524.7169 1127.6531 1527.7399 1027.493 1173.5957 1382.2283 1287.1559 1377.8724 1522.624 1118.9441 983.5532 1517.2816 1020.4237 1437.3827 1128.5542 1410.7734 1199.5532 1521.2233 1123.6896 1266.8265 1525.5109 1165.3604 1521.376 1220.357 1069.6448 1129.9366 1030.4368 1522.1415 998.4494 1206.643 1215.2417 1389.8402 1162.7156 1514.1593 1528.5841 1128.0736 1377.0079 1260.395 1224.6099 1525.3837 1134.8369 1369.6406 1523.2781 1215.562 954.56055 1408.2954 1118.6493 1138.3196 1516.588 1415.6555 1526.2163 1138.7898 1403.7499 1168.6261 1393.3925 1141.4929 1519.4514 1128.1652 1521.1725 1421.9846 1161.8046 1089.7585 1518.0852 1109.4454 1050.1207 1008.70575 1522.5143 998.7582 1414.7421 1107.663 1164.2084 1372.6199 1171.2433 1526.1073 1187.0295 1394.2032 1520.4252 1167.2919
 126 1167.7384 1148.7666 1543.7532 1426.0405 1542.0109 1127.4248 1381.1494 1179.5674 1053.8679 1177.6472 1543.5432 1403.8763 1193.0625 1114.8934 1548.0208 1471.7766 1099.5703 983.4397 1424.4725 1544.6958 1195.3424 1418.4222 1128.61 1543.6436 1106.5505 1399.3744 1134.7472 1543.904 1064.8499 1546.1392 1292.5413 1413.6885 1178.914 1548.4835 1125.1549 1156.0792 1137.5472 1416.1989 1542.4636 1276.2722 1542.2549 1147.1106 1404.825 1097.3608 1181.0782 1147.176 1175.796 1546.9736 1015.62427 969.672 1545.5005 1236.34 1352.7058 1545.2771 1036.0616 1075.6909 1545.2698 1098.6593 1095.0326 1081.4794 1542.716 974.655 1036.4336 1410.1522 1543.9418 1141.3662 1134.1708 1408.4213 1543.424 1149.4886 1047.7755 1397.3153 1343.473 968.1568 1544.5488 1134.2394 914.3676 1545.1316 1427.1459 1047.3057 1103.2356 1387.2686 1133.225 1545.3317 1400.1954 1225.2123 1545.3798 1164.2773 1421.6094 1069.1206 1022.1602 1544.4004 1074.1663 1222.0441 1122.6466 1539.9381 1421.6987 1261.0615 1055.5499 1541.7103 1136.147 1429.7836 1111.9052 1545.7042 1191.0833 1207.7452 1425.2524 1545.5514 1037.8809 1144.6931 1350.4194 1544.0768 1543.9098 1137.4618 1009.219 1159.9004 1543.7839 1249.5186 1160.0511 1413.294 1356.6107 1543.6089 1063.1039 1090.0054 1186.0519 1543.0387 1126.9224 1392.0126 1543.2378 1023.0419 1369.9539 1160.8838 1178.7008 1005.64905 1546.1674 1434.5516 1343.1697 1119.551 1138.5188 1543.363 1545.4565 1141.4583 1076.7925 1177.5974 1121.6157 1543.1738 1130.8268 1394.7295 1399.0718 1070.6616 1542.9044 1101.8021 1256.149 1051.0157 1543.7312 1035.0143 1046.9686 1258.9316 1042.5587 1543.4109 1137.5507 1241.6057 1544.3298 1136.0482 1542.6328 1424.6735 1086.6737 1130.9463 861.3451 1402.121 1545.3547 1090.7957 1141.0881 1012.5476 1116.6254 1541.9882 1045.3386 985.1787 1437.1483 1542.84 1544.1895 1056.2661 1081.7058 796.34344 1143.8264 1361.3889 1129.8114 1542.9515 1425.7932 1092.0452 1167.0767 1547.0992 1043.6534 1259.4257 1009.6618 1545.0754 1545.8989 1395.7274 1068.0011 1141.4176 1538.5421 1403.6752 1058.1182 1016.6014 1543.922 1068.1769 1409.4545 1141.067 1039.9459 976.10284 1543.4431 1106.4647 1164.7141 1545.1616 1207.5919 1341.148 1232.3915 1542.9551 1146.5474 1432.9338 1544.4343 1048.6393 1393.0493 1199.032 985.91296 1168.2614 1342.1586 1542.5212 1072.1987 1438.2075 1005.33185 1544.7968 1413.6527 1104.2753 1078.4846 1543.6926 1059.364 1042.2295 1073.4946 1546.0016 1189.4655 1417.1226 1542.1653 1123.7761 1543.6782 1193.9182 1394.9363 1079.0497 1542.9652 1390.7959 1131.1791 1095.6736 1388.9579 1164.723 1027.0792 1543.4497 1542.1903 1354.2877 1126.7301 1078.7236 1402.3313 1151.3285 1544.151 1095.6824 1546.046 1072.7057 1176.2947 1334.9207 1289.1815 1330.2997 1545.6614 1124.66 993.0477 1543.8103 1022.0437 1462.1149 1140.6825 1389.8468 1073.7582 1544.1647 1112.8792 1266.4913 1545.7709 1097.9126 1544.5154 1232.378 1082.8594 1137.1364 1026.7313 1544.6569 997.7122 1175.1743 1096.164 1350.2816 1158.7689 1543.8378 1544.7133 1120.7994 1309.3859 1263.6802 1211.8567 1544.427 1121.0669 1284.6744 1544.1249 1229.938 992.75977 1427.0956 1025.273 1134.3303 1543.7599 1417.2089 1543.2754 1117.0359 1411.8585 1045.0652 1411.8777 1165.4412 1542.9581 1139.6025 1545.2697 1444.651 1116.8301 1098.6354 1544.7902 1049.4608 1060.7845 1007.21594 1546.9374 1005.17163 1435.7435 1115.8046 1156.6078 1299.2339 1173.2535 1544.8364 1192.4396 1417.8496 1543.1904 1104.3386
 127 1166.2809 1146.7671 1540.3019 1429.4253 1542.9268 1141.5026 1379.02 1178.7119 1052.4896 1177.7473 1540.5396 1408.4001 1190.7616 1111.8579 1540.0167 1469.6606 1100.0317 996.05585 1422.7477 1540.3467 1194.8934 1417.8203 1134.2391 1540.329 1104.7291 1396.5326 1132.3545 1540.3894 1062.6263 1540.4236 1288.6324 1410.1417 1175.2872 1539.7408 1123.7426 1152.1404 1141.4491 1410.5944 1539.7501 1285.7936 1540.4148 1146.0288 1405.1351 1115.2502 1177.2543 1143.4213 1171.5303 1540.4266 1012.3238 967.82996 1542.0084 1232.9225 1348.8386 1540.3081 1033.3389 1072.3956 1540.4395 1096.9376 1109.3121 1076.5065 1540.5621 973.9117 1046.9672 1409.1853 1540.5706 1138.4861 1128.5896 1404.9082 1540.2843 1154.9733 1042.0304 1394.2526 1344.0558 983.94824 1540.476 1137.3351 910.57965 1540.1372 1425.5823 1075.0243 1138.0803 1385.2565 1117.1467 1540.91 1396.4344 1221.763 1540.4064 1161.5778 1426.4458 1067.857 1019.64307 1540.3801 1082.4215 1232.2493 1112.474 1540.1765 1420.2898 1253.634 1050.8439 1540.519 1132.8997 1426.1959 1108.8982 1540.3427 1187.8638 1204.9026 1421.8145 1540.3187 1049.5897 1144.8441 1349.234 1540.6539 1541.7571 1130.7006 1016.11676 1170.3496 1539.6282 1239.2119 1154.0577 1420.7435 1354.2126 1540.5067 1062.0013 1101.5471 1185.5232 1540.4255 1134.271 1390.4038 1540.3685 1024.6514 1367.5127 1181.8383 1177.6707 1044.5093 1540.1373 1432.6368 1338.8491 1117.3248 1137.202 1540.4362 1540.0763 1155.7952 1074.1692 1174.8441 1121.4614 1540.5028 1128.1018 1399.8989 1398.7191 1079.0837 1540.4783 1099.0676 1253.6974 1050.9459 1540.4895 1032.8818 1048.9027 1258.2732 1056.9675 1540.6742 1134.9657 1239.322 1540.4443 1133.3337 1540.2155 1422.8768 1084.6838 1128.484 860.95325 1405.224 1540.3069 1087.2217 1139.7996 1010.6943 1125.9199 1540.3049 1041.9163 983.1369 1434.9198 1540.3263 1540.5066 1045.9846 1079.4489 790.07776 1141.5822 1356.418 1138.9961 1540.4008 1421.1587 1088.1865 1161.8983 1540.0311 1041.2264 1263.5449 1009.9161 1540.5859 1540.4192 1392.4556 1066.2074 1137.8671 1540.7443 1404.1653 1057.4462 1024.0515 1541.8572 1069.2225 1415.7957 1140.8442 1043.4614 984.14954 1540.4957 1124.5782 1164.5826 1540.2499 1206.7731 1346.8485 1229.5709 1540.5615 1123.9148 1428.6614 1540.8331 1044.7468 1388.556 1190.917 984.80316 1176.7561 1338.7174 1540.6008 1069.9744 1435.7743 1003.2313 1540.1719 1412.1643 1112.5981 1078.4689 1540.4392 1055.7888 1041.1934 1094.8463 1540.1556 1185.5789 1415.3232 1540.1895 1121.8038 1540.5789 1192.3557 1392.6246 1094.1649 1540.4564 1389.9828 1131.9952 1102.4564 1389.7438 1167.0667 1036.0648 1540.5803 1540.6145 1350.8474 1150.8346 1075.7267 1398.799 1148.5804 1540.3317 1091.8018 1540.038 1107.8798 1173.0552 1332.2759 1289.4589 1334.2795 1541.5208 1123.8407 992.1123 1540.8027 1023.58234 1460.2543 1156.6393 1387.0559 1067.8883 1540.3845 1114.9819 1265.472 1540.0029 1111.8647 1540.3857 1230.2596 1080.5854 1134.9618 1030.136 1540.365 998.38513 1188.2891 1091.4999 1352.1205 1157.1233 1540.5609 1540.2765 1120.6812 1316.7297 1262.2438 1210.6179 1541.0194 1121.8481 1290.0747 1539.4265 1233.2299 1021.7691 1428.4894 1037.9219 1134.0424 1540.5868 1415.093 1540.2992 1117.9148 1410.3689 1052.5026 1404.1973 1182.1488 1539.581 1138.8546 1540.2656 1441.153 1126.7501 1097.6781 1540.4957 1058.965 1059.4111 1008.00146 1540.3472 1002.7603 1431.4619 1113.2626 1154.7407 1301.6406 1171.287 1540.315 1192.1931 1415.3666 1540.4067 1115.4924
 128 1143.3909 1126.396 1504.8207 1397.5156 1501.9564 1133.2521 1363.5347 1155.531 1036.2965 1160.9393 1505.1055 1385.12 1166.0536 1087.5802 1501.7285 1421.0829 1081.8656 981.56006 1390.7587 1502.1831 1175.8518 1392.3978 1117.537 1506.5306 1089.4846 1375.4874 1111.8068 1507.2844 1051.1875 1504.0059 1267.7867 1386.5443 1158.8477 1504.1779 1108.2797 1134.2458 1116.6924 1390.1357 1506.5315 1261.3389 1505.392 1124.5599 1385.23 1107.0511 1156.935 1123.6564 1149.6835 1506.5933 995.2913 960.6324 1500.0079 1218.609 1369.4071 1506.3717 1043.6873 1052.6401 1502.6244 1079.8846 1093.1567 1063.3461 1504.3954 958.59375 1038.2401 1384.6001 1505.6295 1119.3256 1109.863 1383.2771 1506.2205 1141.9426 1030.4314 1376.715 1357.5416 972.1011 1506.3004 1125.7847 891.1623 1503.0265 1393.8254 1060.432 1133.5967 1402.311 1127.1063 1498.4612 1378.1959 1200.5298 1505.7277 1144.9988 1394.605 1049.596 1003.5227 1505.3074 1074.0922 1212.6031 1078.3778 1502.876 1393.0098 1231.2627 1034.2423 1503.6346 1111.3131 1395.1962 1088.6162 1504.9506 1167.0057 1180.6602 1390.5963 1504.0906 1040.3435 1139.9783 1357.4329 1506.8702 1503.9407 1113.6405 1000.36975 1153.1829 1500.1936 1226.3741 1138.3812 1387.1714 1361.815 1508.9685 1056.9106 1095.2649 1166.6523 1508.0006 1117.8585 1372.0382 1507.9668 1013.46027 1361.2096 1168.8345 1156.0354 1027.0308 1501.8055 1398.5079 1351.2476 1107.3312 1128.7871 1506.9634 1504.2603 1136.0382 1053.5302 1154.0726 1105.7463 1505.8948 1110.1669 1380.6106 1379.7017 1063.1915 1507.2042 1079.1366 1231.4431 1031.6649 1504.3987 1014.3238 1031.2206 1238.2179 1042.8767 1504.9846 1114.9457 1220.0627 1507.5026 1113.9938 1505.9075 1394.1548 1067.4204 1111.6332 860.3631 1438.1057 1504.6802 1065.0137 1121.6511 993.5349 1106.3754 1506.9697 1026.1985 967.16406 1396.864 1502.4526 1502.5577 1032.9344 1056.4373 779.2026 1134.1333 1364.0493 1124.8718 1507.9478 1391.8157 1068.0901 1136.2999 1502.6938 1009.80444 1317.0248 1019.2927 1506.154 1506.3472 1377.4563 1055.4084 1121.841 1505.6102 1388.618 1043.3208 1014.04877 1500.2887 1045.679 1392.1715 1114.4415 1027.7866 971.87274 1505.1615 1111.9677 1151.6202 1508.6495 1194.0493 1349.5795 1209.5275 1502.7522 1103.9565 1396.6227 1503.4229 1032.062 1377.7192 1168.8976 974.3848 1162.9335 1343.7928 1511.5435 1055.8999 1404.7375 990.6652 1504.127 1388.1484 1099.1361 1062.1758 1504.5919 1038.3215 1024.3561 1076.5592 1503.163 1168.7305 1391.4231 1506.9802 1105.6788 1507.8145 1171.4667 1376.003 1079.673 1507.0879 1373.4583 1114.8555 1088.7552 1376.6906 1153.2972 1024.4851 1506.073 1507.7203 1354.6147 1134.2021 1069.3816 1380.0201 1128.8864 1506.6272 1074.9625 1508.7087 1094.8256 1158.9298 1342.1575 1276.9507 1353.1042 1506.8314 1112.4601 976.7144 1498.4916 1015.9287 1407.5831 1142.8481 1379.5878 1059.2191 1504.9911 1101.6892 1246.1906 1504.2301 1096.2803 1506.1079 1211.025 1062.8036 1117.7021 1016.72626 1503.6736 982.97986 1175.1434 1081.7523 1358.2787 1141.9851 1507.4324 1507.9467 1116.4093 1339.6356 1244.9462 1203.8182 1500.4467 1118.441 1330.7518 1499.6436 1220.198 1014.1767 1406.2267 1019.5617 1116.4542 1504.1812 1388.562 1505.6178 1103.0074 1385.9515 1040.6948 1380.0315 1170.7122 1504.5059 1125.1079 1500.7092 1401.5427 1105.416 1082.3969 1504.1809 1041.9637 1039.5677 989.9553 1502.7424 988.2884 1397.4457 1097.2533 1144.4567 1333.5121 1159.9718 1509.5349 1172.9075 1389.6156 1505.7632 1097.2621
 129 1162.9894 1145.5101 1538.3219 1407.7494 1530.977 1145.5634 1400.0171 1178.1632 1052.2174 1177.2192 1538.709 1405.88 1167.7384 1095.3503 1538.3978 1389.5691 1098.5507 994.3993 1403.7964 1538.6752 1191.1177 1406.2225 1134.385 1537.8926 1106.1732 1402.6956 1132.2843 1538.5919 1062.7377 1538.5249 1288.5852 1405.3627 1175.611 1538.6232 1122.8215 1150.9515 1133.8154 1405.1771 1537.6437 1280.3231 1538.8613 1145.3523 1404.0392 1115.2102 1176.7802 1143.2462 1170.6688 1538.3857 1009.0464 970.8602 1529.8541 1233.2382 1442.5126 1536.9368 1086.8323 1063.8309 1537.2157 1096.7366 1110.575 1077.0597 1538.4279 974.2602 1048.2607 1405.9202 1538.4746 1138.408 1129.0048 1405.3395 1538.587 1157.9618 1044.352 1405.7524 1416.5823 992.6842 1538.4496 1149.4868 909.68066 1538.694 1405.4976 1075.4296 1139.3632 1422.3315 1138.5358 1538.403 1404.6516 1221.7157 1538.7545 1161.242 1407.7883 1066.0305 1020.0757 1537.8331 1072.363 1226.906 1121.2517 1539.3291 1406.1962 1253.2482 1048.949 1538.6509 1132.0624 1406.7029 1106.5239 1538.3676 1185.9799 1201.0111 1405.4078 1538.2677 1063.9929 1162.0997 1411.974 1538.3882 1538.2949 1130.4325 1015.68726 1170.2924 1539.156 1247.3774 1158.3472 1401.2031 1407.617 1538.6337 1080.8801 1118.0824 1185.8289 1538.5829 1135.0261 1399.5239 1538.7666 1031.7185 1397.5709 1187.1595 1174.8151 1044.3383 1538.3689 1405.9648 1408.1891 1130.1738 1155.7343 1538.4608 1538.6731 1156.4785 1073.3562 1173.7834 1123.6586 1538.3577 1128.4414 1405.8224 1404.1184 1080.7314 1538.686 1098.3844 1252.9841 1050.5088 1538.4617 1032.2567 1048.4048 1258.5725 1058.4757 1538.5583 1133.4352 1239.1841 1538.0032 1132.636 1538.1543 1405.2534 1083.3593 1127.971 873.8755 1461.6643 1536.9115 1083.838 1139.4371 1009.5676 1125.7274 1538.1292 1039.7828 982.5611 1404.0898 1539.1395 1539.1938 1052.1545 1077.4897 794.10284 1155.5677 1412.1276 1138.4594 1539.3827 1405.4479 1084.5496 1156.3547 1538.729 1011.03314 1429.8357 1061.6292 1535.5663 1538.69 1403.1139 1070.7509 1140.344 1538.7021 1406.3136 1058.537 1026.9003 1535.2509 1063.1761 1403.4071 1135.3131 1043.6057 984.5466 1538.5 1126.0862 1176.712 1538.6133 1219.4194 1401.734 1223.8467 1538.8712 1113.9249 1404.3739 1536.1277 1047.3452 1408.2034 1187.9592 995.46985 1185.9857 1397.0651 1538.7708 1069.4507 1404.5935 999.48376 1538.7546 1405.9209 1112.6184 1077.7225 1538.54 1055.8973 1039.863 1095.7672 1537.3947 1184.9996 1406.5278 1538.1992 1119.3978 1538.5526 1191.5841 1402.8342 1096.2019 1538.7081 1402.395 1133.8033 1105.8898 1404.3655 1172.485 1040.9307 1538.5216 1538.6315 1400.2338 1150.3132 1094.7764 1405.1128 1148.8296 1538.4791 1092.0082 1538.6881 1118.1299 1182.5902 1400.2023 1297.7036 1421.9243 1535.6187 1123.3784 981.76575 1538.1395 1023.858 1389.1703 1160.3892 1407.4493 1074.6904 1538.3103 1116.1202 1266.0562 1538.3722 1112.9303 1538.6691 1230.6774 1080.04 1135.6547 1029.1846 1538.2128 996.8271 1189.7393 1103.1239 1409.9618 1161.9008 1539.0039 1538.5848 1149.6621 1411.221 1265.8561 1235.9907 1533.8386 1151.468 1421.4248 1540.6593 1225.5865 1017.139 1405.5934 1038.0952 1133.16 1538.5713 1403.1173 1538.6548 1117.5609 1405.7697 1052.9464 1410.8973 1174.6172 1539.5034 1138.3896 1538.6761 1402.1667 1125.7115 1104.3529 1538.4508 1059.4547 1058.653 1007.18365 1538.3732 995.9087 1404.4994 1110.3597 1173.9984 1422.048 1185.1 1537.0626 1190.3395 1406.8956 1538.19 1116.2815
 130 1118.0791 1119.4314 1544.5605 1171.9846 1534.1078 1010.5978 1273.2155 1172.55 1024.2913 1149.5967 1513.2839 1262.3901 1159.4418 1065.0051 1531.7825 1240.7836 1071.5144 938.7114 1264.7324 1519.3345 1153.2788 1275.1161 1072.3406 1507.8721 1070.5894 1286.8798 1094.3381 1505.2557 1007.12787 1516.7424 1158.0916 1256.0754 1173.1012 1536.6736 1133.971 1246.8218 1078.0562 1276.2286 1507.6426 1123.7849 1504.1903 1105.8394 1289.2438 1014.9289 1162.2068 1126.7646 1157.0673 1519.9009 990.84534 924.24396 1561.4677 1157.6234 1234.1068 1523.3708 965.1161 1056.3585 1543.2057 1080.4459 1008.41 1058.151 1515.773 958.60046 943.7841 1284.5991 1515.3127 1124.27 1174.6292 1271.7229 1515.0188 1026.5826 999.8938 1257.2784 1247.2074 951.627 1525.8801 1164.5542 900.6405 1517.0609 1266.1613 991.7487 1005.9695 1265.2764 1116.6248 1510.2662 1277.3236 1165.4602 1514.2454 1147.874 1257.248 1028.1183 1013.6438 1504.5206 1086.4242 1101.7306 1159.0103 1545.6311 1279.3892 1150.4818 1033.2806 1518.0552 1117.9071 1266.4213 1076.5963 1506.2283 1160.5586 1164.6677 1280.0968 1507.9177 1015.26855 1153.1223 1255.2667 1527.0012 1542.8625 1148.3076 1066.3822 1164.2329 1511.7246 1159.2192 1115.4906 1245.0869 1274.7483 1517.1757 1027.6957 1058.009 1159.1083 1507.0808 1098.3766 1303.5922 1516.9602 984.36365 1292.6217 1116.7843 1144.5646 935.17505 1522.7898 1264.6971 1251.2557 1078.1195 988.9806 1525.3022 1532.0049 1064.3942 1063.4756 1164.8059 1069.9119 1518.9648 1169.4834 1247.9476 1283.0002 1033.6167 1507.8872 1083.5049 1161.7891 938.62396 1526.7574 986.00165 1026.8588 1164.7869 1019.41644 1525.2253 1115.1592 1171.4918 1515.6296 1120.8821 1507.9895 1272.8646 1054.4512 1060.9601 829.90857 1307.9811 1510.7089 1073.9249 1126.1296 999.5457 1098.5005 1521.9987 1005.82367 956.7709 1259.765 1513.0208 1535.8353 1207.671 1099.0005 798.61816 1156.0107 1289.3623 1005.6693 1520.7003 1268.3466 1055.3931 1109.6554 1517.4548 1029.8306 1227.4054 987.74945 1541.8566 1515.9956 1286.4058 1010.2642 1102.4103 1585.2703 1316.1118 1034.0029 889.9984 1540.4475 1026.8822 1236.6018 1173.2141 1037.8517 984.90344 1530.1495 1158.9487 1125.4796 1520.2527 1154.0154 1247.9807 1139.8696 1526.7632 1061.398 1254.7458 1533.2678 1011.32465 1246.0112 1186.7389 948.08453 1080.3628 1273.2744 1512.8555 1047.9321 1263.5996 958.0104 1516.3352 1275.8358 1053.8618 1042.2197 1518.86 1028.2861 999.6804 941.26874 1562.7916 1161.1057 1280.5131 1506.809 1068.1344 1549.3904 1096.3962 1245.9926 945.10944 1510.0741 1280.5757 1088.5726 1032.1799 1277.409 1144.1356 999.704 1521.684 1520.6804 1277.492 1064.0397 1030.5713 1281.7568 1119.4669 1517.251 1178.2242 1523.7173 1033.7627 1154.7378 1270.2429 1107.3627 1220.3762 1531.6064 1074.1838 946.2867 1531.7054 919.8348 1239.3634 1038.5295 1253.6235 1012.2008 1526.0652 1078.8911 1157.0918 1529.9867 1075.4126 1521.6407 1167.0624 1067.2163 1114.0735 1015.47595 1538.1675 993.52686 1165.9242 1170.4999 1253.1638 1154.0133 1525.4767 1520.6205 1085.7142 1242.0259 1156.257 1150.2727 1555.087 1099.8411 1229.6831 1512.7699 1155.7765 897.8559 1266.4236 1000.7324 1106.4966 1515.2749 1247.8651 1513.455 1087.0879 1273.0839 1006.9018 1288.7246 1066.8617 1517.9143 1082.0709 1601.4048 1154.737 953.76294 1001.01135 1534.7493 1022.94165 1049.3961 996.6764 1517.7736 941.2597 1260.7606 1073.9596 1135.7091 1234.9246 1183.7628 1528.0292 1161.2731 1289.7463 1511.998 1084.0168
 131 1095.7948 1111.1793 1513.5745 1087.7562 1532.5259 959.6523 1200.7074 1170.2917 1023.0582 1145.9691 1530.1484 1199.2181 1155.5824 1046.766 1526.1472 1156.4028 1065.0284 915.18915 1192.9178 1527.5983 1150.0875 1218.0281 1059.0062 1529.8788 1069.3557 1246.496 1097.7084 1531.9481 976.91016 1529.2047 1090.8021 1178.2073 1170.4143 1523.0259 1135.3746 1294.9696 1066.2126 1215.696 1530.4191 1063.1844 1528.1797 1105.4065 1246.3541 996.5313 1166.5492 1129.6222 1161.517 1531.1189 973.0849 903.7249 1518.1873 1121.6476 1115.9794 1527.8033 892.3428 1060.8818 1516.659 1064.363 963.5246 1050.3713 1528.7279 960.33624 896.3926 1227.1477 1529.7365 1129.2985 1216.0065 1208.1615 1529.3379 977.95154 979.6403 1182.7922 1167.1196 939.8467 1529.357 1170.6873 907.4246 1528.3206 1195.7252 964.11975 965.0736 1200.381 1127.5815 1530.4569 1215.0518 1149.9766 1529.8081 1153.0486 1200.2272 1020.8148 1028.0869 1529.4171 1060.2249 1083.1913 1127.3206 1522.5135 1212.8021 1103.6804 1031.2764 1526.161 1134.4624 1203.095 1078.027 1531.544 1163.4734 1165.5754 1226.6649 1529.3032 989.4106 1150.9194 1165.2307 1526.789 1519.8032 1115.8761 1004.0892 1175.658 1529.8065 1123.2094 1107.7997 1174.8445 1206.0126 1528.9854 1005.26184 1029.8501 1164.1418 1529.8583 1095.4039 1269.5582 1529.905 965.62665 1241.5105 1098.0286 1135.0999 894.88696 1525.5643 1189.2452 1164.5022 1053.5225 921.3582 1528.338 1524.932 1030.4115 1056.2628 1158.4773 1047.0575 1528.4648 1205.7731 1172.7085 1232.7314 1023.8887 1530.2899 1098.0292 1115.551 898.5116 1526.6882 966.22675 1018.62524 1115.9828 1002.2934 1527.7852 1119.6292 1143.781 1530.4381 1127.3118 1530.7623 1217.5011 1053.5344 1046.5953 824.75134 1275.6035 1537.8864 1088.487 1128.5742 1001.5287 1095.3711 1529.5917 990.1189 952.90533 1190.4639 1530.7466 1526.803 1257.8195 1078.8452 859.43884 1163.29 1220.8593 956.49365 1530.1658 1198.518 1048.111 1091.7863 1528.4824 1033.2223 1115.9965 946.3933 1517.6141 1530.1869 1226.7632 976.8012 1087.339 1497.6571 1210.6721 1056.9052 795.7848 1528.7345 994.20685 1149.6102 1186.6011 1038.6764 991.1924 1527.6772 1194.1812 1109.4329 1527.7086 1122.6342 1172.9095 1103.646 1525.1041 1020.71265 1181.9565 1529.8438 994.94745 1158.6302 1187.5516 932.8744 1047.9707 1216.9264 1531.5238 1044.0802 1190.5857 937.7165 1531.457 1208.5747 1026.7452 1029.412 1528.1354 1005.01385 991.32733 893.99347 1509.722 1174.0005 1225.5204 1530.674 1053.1044 1515.1888 1074.7845 1174.7632 900.98615 1530.6454 1228.4678 1075.0005 1008.6199 1239.4011 1058.8962 1059.4783 1511.5399 1528.5111 1211.5155 1037.3368 999.07025 1218.2344 1112.7676 1530.2173 1240.6111 1527.1866 1003.0542 1142.8475 1199.2378 1001.46075 1112.0076 1519.5856 1038.993 925.27905 1522.0483 879.0692 1149.3497 991.48267 1166.8245 975.6489 1527.6964 1060.2017 1094.8864 1525.1433 1058.1188 1530.2257 1141.3672 1069.5254 1110.2174 1002.7983 1521.5494 983.7099 1159.7876 1210.245 1171.1422 1151.699 1529.2981 1506.1271 1122.183 1055.005 1075.6028 1086.796 1507.2926 1061.153 1122.5632 1529.1133 1130.9471 860.35834 1198.5026 993.94073 1100.8363 1529.2843 1169.0698 1529.5957 1079.6002 1211.6969 988.4356 1227.9087 1030.3872 1528.5808 1055.5953 1496.2994 1051.5023 912.8301 986.94214 1523.743 1006.8539 1040.248 987.93304 1529.1492 911.077 1184.3981 1058.4052 1116.248 1131.9509 1187.781 1524.3098 1156.8693 1236.6418 1529.166 1082.9587
 132 1060.8209 1080.13 1452.0098 1110.4535 1451.1149 920.99023 1150.7803 1138.6718 994.7653 1136.2019 1451.9692 1154.941 1145.3987 1011.4358 1445.8463 1131.3082 1025.6317 883.4381 1144.3116 1447.4149 1137.0425 1172.7773 1024.3157 1458.4624 1030.542 1180.5192 1043.3594 1450.047 960.0799 1453.7279 1114.6051 1131.0198 1121.0024 1437.8212 1073.5817 1146.631 1027.4674 1164.4171 1462.2599 1115.0913 1452.2935 1056.4028 1185.6658 957.916 1119.8544 1084.2734 1111.1417 1454.0388 958.37555 895.46716 1440.2676 1153.7168 1069.29 1445.7303 859.17395 1022.59467 1441.5764 1027.325 929.7026 1021.1996 1445.9161 924.62146 875.03906 1167.5594 1447.8424 1083.8027 1151.7191 1156.4431 1450.7256 947.95013 950.0142 1133.0623 1128.6339 903.8211 1451.0316 1144.8436 866.5057 1449.3092 1147.3234 929.3555 931.0931 1156.2661 1078.4639 1454.005 1163.3917 1133.5143 1450.8367 1115.0348 1149.5452 980.5947 991.16437 1456.2147 1023.1305 1107.9601 1090.1912 1475.0284 1165.15 1123.266 996.54755 1452.2168 1086.0923 1153.397 1034.0867 1454.3807 1118.0801 1129.9167 1167.628 1451.4386 956.2959 1149.7283 1130.0581 1448.5165 1445.7552 1080.7299 971.209 1145.1964 1455.0409 1129.3159 1068.6654 1130.9811 1161.5822 1451.3485 968.0373 999.7525 1115.7703 1448.8069 1053.6627 1202.8406 1453.5831 933.0918 1195.4169 1110.9463 1090.4408 857.94403 1444.6726 1144.4128 1128.568 1016.5097 885.9705 1449.2324 1446.915 989.351 1011.3396 1113.6516 1007.5639 1448.6266 1150.7166 1125.7738 1174.6727 984.5206 1451.0963 1049.6212 1119.4282 865.6981 1452.451 938.8135 984.64813 1125.2769 979.05096 1451.5103 1080.4636 1136.8372 1459.2726 1080.3162 1455.8776 1166.2096 1015.07355 1010.18616 813.1223 1317.7267 1446.9152 1031.7057 1087.2329 962.74615 1050.4088 1454.5278 955.97516 919.69006 1139.1652 1450.8821 1427.9506 1146.7847 1004.06116 824.8318 1143.0208 1175.2927 930.92725 1454.8805 1151.0885 1006.71277 1039.0791 1447.661 993.77606 1079.5062 915.8179 1443.0345 1450.666 1174.6921 943.3636 1044.8247 1446.1493 1159.2098 1000.8397 789.68774 1447.1583 965.04553 1109.635 1150.5675 1000.47736 960.36633 1448.487 1157.8024 1070.3912 1453.8497 1125.8368 1132.9191 1134.1136 1452.5596 993.5059 1143.7273 1450.944 958.69275 1111.8363 1148.0033 892.91724 1001.6095 1162.3549 1450.6464 1012.83954 1153.6788 912.89777 1453.3873 1159.0892 995.1852 992.2791 1448.5972 966.75665 959.4818 862.16394 1443.5225 1149.6824 1175.6425 1458.307 1018.6659 1451.1085 1042.3519 1147.2031 877.7557 1451.5542 1170.4644 1030.448 971.2755 1192.2803 1111.056 1029.3062 1452.3917 1449.2823 1168.283 1002.02936 964.44556 1163.8828 1061.9805 1449.423 1167.9827 1448.216 960.6262 1096.7451 1155.9019 1104.005 1077.2488 1447.9974 1051.129 900.1337 1442.4841 861.86896 1104.3503 957.91797 1132.9094 948.8017 1447.0336 1039.3809 1121.7522 1452.2467 1027.4484 1455.1975 1135.14 1030.7787 1073.2057 978.85785 1444.0037 954.7676 1152.2737 1159.2151 1129.2704 1107.8717 1449.0526 1456.0094 1079.7362 1026.7473 1105.7268 1115.8818 1442.5548 1030.7782 1097.223 1454.8013 1128.7516 824.0048 1155.0681 950.7194 1060.8788 1450.2485 1123.7902 1452.2952 1045.4075 1158.4993 960.2982 1181.2874 981.2784 1450.7953 1019.10645 1444.9865 1078.5331 894.5098 963.821 1445.6824 967.82623 996.66766 947.82104 1448.1664 885.0799 1136.5875 1024.4629 1070.2866 1089.7407 1144.7842 1447.245 1135.4678 1180.7854 1453.4058 1042.5001
 133 1121.5248 1139.5188 1549.0558 1249.7983 1547.9247 969.525 1206.6228 1224.1925 1055.0287 1241.6735 1548.8506 1214.7822 1238.6816 1066.5885 1551.3378 1173.1298 1074.5905 920.8953 1202.7036 1549.995 1236.9056 1216.8871 1073.8 1545.0042 1074.0128 1220.7098 1098.5156 1545.185 1007.5991 1550.5793 1298.2001 1178.8843 1153.6699 1550.2115 1072.1584 1016.0887 1080.6553 1193.6617 1546.9475 1337.2511 1544.4215 1111.1222 1220.5458 1009.1152 1176.8734 1139.3346 1171.6993 1545.9215 1007.6374 954.8143 1552.5857 1297.3096 1123.1475 1550.4757 896.3166 1072.0588 1552.3157 1076.5828 973.09753 1061.3224 1548.4209 971.16583 893.70105 1212.9489 1547.3784 1140.6259 1180.3463 1202.7311 1547.9623 983.3497 984.77704 1190.2114 1178.0896 955.9273 1548.1671 1220.088 917.61774 1548.6981 1203.3804 974.8328 969.0993 1202.8873 1138.9838 1546.161 1209.9269 1256.1062 1549.3687 1163.9833 1203.8903 1028.0848 1035.4749 1544.7904 1060.0938 1227.1202 1141.7085 1523.0698 1207.1251 1306.6589 1041.97 1550.8514 1144.3402 1203.2938 1086.2601 1545.8384 1174.4862 1222.9171 1212.7576 1547.4427 1006.1323 1241.6138 1183.0742 1549.9171 1551.203 1132.3262 1019.12897 1214.2076 1548.5847 1273.2795 1123.7924 1184.9069 1204.7852 1547.0691 1011.0637 1035.3179 1171.8638 1545.0344 1103.4789 1235.2571 1546.9532 974.5232 1238.8643 1256.027 1149.6472 904.97284 1551.1052 1203.5962 1168.7971 1060.7865 925.9535 1548.7126 1550.2938 1044.0924 1069.1521 1171.4896 1054.738 1547.8875 1193.5199 1179.8365 1211.8723 1030.3428 1545.807 1108.7944 1279.4331 927.19366 1550.9838 1017.6851 1043.1283 1278.7708 1040.5883 1550.434 1134.8596 1253.9388 1545.1636 1129.3627 1544.0803 1208.1151 1060.6442 1054.0148 825.9689 1289.7098 1543.5059 1099.1473 1138.0002 1008.7527 1104.7126 1545.706 995.488 961.18713 1198.775 1548.4297 1552.5902 1138.5997 1067.7397 842.16187 1220.1595 1212.1188 959.4074 1545.792 1204.0082 1058.5618 1101.7849 1549.7291 1048.7035 1123.2384 954.3055 1551.8322 1546.8788 1210.0853 970.2238 1089.8389 1551.7026 1180.0929 1008.7541 832.82916 1549.3608 1001.1663 1156.8063 1206.9464 1044.3424 993.14844 1548.7615 1197.557 1129.7505 1549.3516 1269.0614 1195.2144 1313.3711 1550.3596 1046.3894 1206.03 1547.9683 1001.72186 1166.8945 1207.0868 936.725 1054.2826 1208.3961 1547.0258 1051.8281 1195.4952 942.3551 1546.6833 1206.0964 1032.1128 1037.2307 1548.45 1016.23193 1006.458 910.6404 1551.8636 1224.0847 1209.8887 1543.8909 1058.048 1549.0143 1095.9142 1216.0012 915.0533 1545.8547 1212.2183 1076.5924 1011.2972 1225.6317 1330.3798 1055.4861 1551.206 1548.2844 1206.0906 1046.8107 1000.3703 1206.2817 1114.6292 1545.8201 1172.0997 1549.3357 1014.1683 1153.6578 1204.2971 1410.2252 1124.211 1550.7725 1160.0034 929.25946 1552.2498 878.4802 1159.034 998.3238 1171.9163 978.8392 1549.642 1097.2766 1300.2688 1550.9144 1082.3418 1547.3312 1259.3516 1080.718 1128.416 1025.9427 1551.9535 1007.05566 1242.8217 1190.4875 1172.4967 1162.7157 1549.2823 1552.5537 1106.1301 1088.258 1283.9172 1290.4453 1551.0076 1081.705 1142.2622 1548.2479 1262.0063 876.74713 1209.377 1003.9127 1110.3353 1548.119 1176.1394 1546.5187 1086.1156 1205.5848 994.05054 1260.1116 976.9478 1553.1975 1048.1115 1549.657 1228.1295 956.95074 1002.48816 1550.5361 1018.0114 1052.9397 998.9368 1549.0134 914.451 1191.525 1065.9678 1131.2422 1140.8512 1210.0552 1550.4692 1234.1218 1219.5626 1546.0724 1098.075
 134 1146.2117 1141.4634 1540.6252 1411.2303 1541.2494 988.2138 1378.7672 1261.8707 1071.8545 1294.035 1541.9387 1366.8325 1321.8828 1116.4248 1540.2205 1438.8123 1095.8818 938.85974 1376.9635 1543.154 1283.6456 1373.6362 1083.4343 1540.9204 1095.3363 1340.2825 1118.8022 1541.9569 1046.1892 1541.6743 1291.4604 1409.0742 1157.9635 1539.5531 1077.2003 1009.9702 1109.6952 1370.6373 1541.1726 1329.0049 1540.3192 1128.0122 1341.3572 1001.2596 1178.4766 1141.8135 1173.1245 1541.0638 1016.5609 971.08 1538.6365 1318.1881 1392.5194 1543.5449 1027.0387 1072.1942 1538.2333 1079.6323 978.92 1069.5719 1542.1296 964.71747 936.60834 1351.2289 1541.425 1139.953 1206.1808 1372.4592 1542.09 1008.4357 1021.6737 1392.5768 1391.7775 974.00775 1541.7046 1286.2263 910.314 1541.9647 1386.7637 995.23645 1020.09845 1367.6693 1136.3956 1541.6024 1381.8363 1272.1448 1541.7723 1163.6373 1349.6116 1066.651 1029.088 1540.7126 1073.7477 1251.7247 1160.1772 1542.998 1378.0448 1316.9313 1053.0743 1541.756 1135.0187 1384.9745 1104.682 1541.4434 1189.2745 1251.6512 1370.7039 1541.6036 1062.3992 1317.2261 1413.5669 1541.3724 1538.8905 1134.8207 1023.1579 1219.643 1541.7692 1292.5278 1148.0565 1369.0236 1376.8005 1541.4637 1067.3774 1102.6642 1182.1207 1541.3569 1111.1787 1335.7903 1541.4573 1011.09143 1353.1782 1306.4133 1169.694 925.7704 1542.177 1389.532 1390.1515 1108.2657 983.5148 1540.9175 1538.4607 1044.1838 1065.6403 1168.8588 1116.7233 1541.603 1224.3638 1381.2299 1355.7976 1050.4893 1541.822 1106.8801 1282.5498 924.7125 1539.7024 1020.0088 1044.2787 1284.4991 1048.983 1541.0216 1134.2318 1263.9054 1541.6144 1132.4915 1541.1027 1356.0404 1045.1465 1042.5115 848.84686 1369.811 1541.1276 1097.1705 1141.689 1009.5875 1106.6934 1541.5929 1018.7373 973.6674 1396.6005 1542.6368 1537.9414 1133.9119 1058.5468 848.4465 1280.7649 1373.1593 1007.58386 1541.2522 1383.2325 1087.9169 1149.0127 1542.1705 1032.0713 1403.5435 1035.3981 1540.604 1541.6166 1357.792 1040.0331 1126.3984 1542.3676 1446.215 1090.0565 888.513 1541.7772 1105.2007 1403.5634 1297.4962 1051.6545 999.8976 1540.6576 1208.0565 1174.8293 1541.5363 1319.4801 1384.1454 1364.7891 1541.809 1118.7817 1393.7583 1542.2773 1025.1752 1398.9111 1212.377 968.7904 1078.7946 1367.0632 1542.1448 1064.9987 1387.7937 984.11475 1541.6287 1376.358 1084.195 1066.6206 1541.7217 1024.0647 1010.54236 912.68054 1538.1835 1236.1289 1361.8477 1540.9216 1104.4832 1540.8812 1122.0681 1375.4395 959.5979 1541.4243 1350.473 1109.2876 1041.7496 1399.8981 1398.5724 1110.3308 1540.4806 1541.541 1376.7577 1047.2435 1071.2319 1372.1077 1140.9601 1541.3344 1183.135 1541.2374 1041.6232 1181.3923 1387.4603 1435.498 1433.9441 1542.8844 1174.1654 963.6341 1543.7601 881.23505 1435.985 1027.5212 1403.0264 1059.9583 1541.0038 1108.7174 1308.3601 1538.0311 1088.2981 1540.495 1269.5005 1081.8444 1136.7943 1027.1165 1539.0339 1005.9289 1254.3232 1253.1069 1400.1389 1186.4495 1540.7258 1539.915 1122.2654 1429.4855 1274.0542 1358.8666 1539.549 1153.1031 1423.7366 1541.3495 1288.2832 881.6827 1385.9578 1010.59283 1130.2352 1542.6565 1403.8899 1542.0432 1100.5001 1374.9833 1016.6017 1419.0048 962.42523 1540.4446 1092.3884 1541.3822 1438.0973 1013.00146 1012.25543 1539.5582 1023.56976 1051.668 996.9214 1542.0022 972.4989 1389.3273 1098.1078 1180.3297 1418.0535 1244.734 1541.705 1271.9135 1361.1362 1541.372 1091.8999
 135 1147.3684 1140.7369 1538.9207 1419.4866 1539.1562 988.5339 1388.2186 1263.1101 1071.831 1296.0492 1539.1427 1374.8419 1326.3035 1118.8768 1538.5421 1454.677 1095.7316 938.7059 1385.4948 1538.9491 1285.6345 1382.3483 1083.2776 1539.3827 1095.6958 1346.1677 1118.6384 1539.5076 1047.9178 1538.8853 1289.6857 1421.9716 1157.7489 1538.3795 1077.0144 1009.3644 1110.4678 1380.3582 1539.0958 1327.2745 1539.4017 1128.5071 1348.2267 1000.27637 1177.2439 1140.6882 1171.763 1538.4819 1016.604 971.309 1538.654 1318.5323 1407.057 1538.9956 1033.8506 1070.7736 1538.8182 1079.8729 979.134 1069.7338 1539.311 963.35944 938.85046 1358.3651 1539.247 1138.9192 1206.7358 1381.802 1539.3662 1009.25323 1023.19775 1403.6619 1403.9958 974.1156 1538.9417 1289.1401 908.64923 1539.1099 1396.61 995.58215 1022.4104 1376.7438 1135.0144 1539.318 1390.9712 1271.6493 1539.0011 1162.5923 1357.8015 1068.41 1028.2289 1539.5773 1072.2865 1251.8909 1157.9495 1538.3475 1387.3337 1316.0568 1052.7877 1538.9049 1133.3314 1394.9791 1104.8103 1539.3488 1189.2034 1252.2461 1379.3052 1539.5518 1064.9252 1321.006 1426.8927 1538.657 1538.5172 1134.754 1023.1603 1219.6229 1539.2083 1292.4445 1148.4624 1379.1714 1386.2748 1539.0701 1069.9137 1106.0872 1181.7144 1539.3988 1110.7369 1340.7689 1538.9481 1012.4546 1359.1404 1308.3512 1169.5701 926.0038 1538.9106 1399.5096 1403.0952 1110.3601 986.27594 1538.6403 1538.6073 1044.3074 1065.7228 1168.9209 1119.6166 1539.3793 1225.1978 1392.4408 1363.4214 1050.781 1539.4636 1105.5054 1282.0115 924.11975 1538.3167 1019.5554 1043.2878 1283.5162 1048.6364 1538.2677 1132.6833 1263.0596 1538.7311 1131.1698 1539.5164 1364.0516 1043.5459 1041.1699 849.5672 1373.7095 1539.035 1095.8667 1140.566 1008.35706 1105.3384 1538.6821 1019.23004 973.32074 1406.932 1539.1202 1538.9094 1134.4558 1059.1678 848.61633 1283.4628 1382.1373 1009.8772 1538.7927 1392.788 1088.4026 1150.202 1538.9146 1030.3071 1420.0065 1039.7218 1538.6952 1539.0375 1365.8131 1043.6031 1127.5962 1538.643 1461.4028 1094.2214 891.3909 1538.8489 1110.8025 1417.7385 1301.946 1051.2378 999.6293 1538.3402 1207.8933 1176.4904 1538.9259 1321.262 1394.5713 1366.5931 1538.7251 1122.2751 1404.1082 1539.2682 1026.8057 1410.6494 1211.1765 969.63586 1078.9532 1375.2177 1539.1669 1064.9983 1398.7062 986.0718 1538.9491 1385.505 1086.6041 1067.4529 1539.041 1024.4017 1010.81055 913.0491 1538.8724 1236.046 1370.2872 1539.3823 1106.6294 1538.7999 1122.7847 1383.9463 961.7026 1539.4185 1357.919 1110.3583 1042.8425 1410.0635 1401.8079 1113.0096 1538.748 1538.8103 1386.1415 1046.5631 1074.8834 1381.0928 1141.4194 1539.09 1182.8118 1538.7474 1042.2881 1181.9816 1397.572 1435.2744 1451.2001 1538.392 1173.9655 964.82275 1538.6405 881.2319 1451.0273 1028.6022 1416.5892 1064.3094 1538.6554 1109.0054 1308.8958 1538.7764 1088.5878 1538.352 1269.0077 1081.029 1136.3954 1026.8816 1538.4579 1005.65814 1254.4036 1256.1342 1413.3912 1187.0746 1538.7478 1539.5065 1125.8606 1446.3885 1273.0411 1362.3171 1538.5254 1156.8406 1440.3964 1539.0886 1288.7085 881.0707 1395.6324 1009.7336 1130.2856 1539.3829 1416.4718 1539.3677 1100.4569 1383.9789 1017.3273 1428.321 961.05615 1538.9741 1094.6066 1538.5424 1449.72 1015.64136 1012.1513 1538.3462 1023.3678 1051.1576 996.4 1539.171 975.43964 1400.3086 1099.2607 1182.0331 1433.8633 1245.5275 1538.7812 1273.1106 1368.6952 1539.3356 1090.5511
 136 1148.0286 1141.34 1539.9877 1420.4698 1539.9854 989.0207 1389.207 1263.746 1072.2684 1296.6506 1539.9366 1375.7279 1327.1155 1119.6487 1540.0454 1455.7762 1096.2318 939.1336 1386.5256 1539.9023 1286.1564 1383.1375 1083.6818 1540.0079 1096.0457 1346.8136 1118.9789 1539.937 1048.3425 1539.9512 1290.3037 1423.1385 1158.4779 1540.1136 1077.6232 1010.07446 1111.0486 1381.303 1539.962 1327.8082 1540.0553 1128.9957 1348.9766 1000.6549 1178.0863 1141.4988 1172.6743 1539.9254 1016.9683 971.64557 1540.065 1318.9407 1408.248 1539.8624 1034.5516 1071.2043 1540.0215 1080.4264 979.6193 1070.1627 1539.9282 963.6837 939.2286 1359.1537 1539.9774 1139.3889 1207.2917 1382.704 1539.9331 1009.6258 1023.60254 1404.5938 1405.0305 974.66364 1539.945 1289.8267 909.06116 1539.9349 1397.5991 996.0567 1022.86273 1377.5475 1135.4647 1539.958 1391.9614 1272.313 1539.9419 1163.0603 1358.54 1068.8375 1028.471 1540.0504 1073.0193 1252.5131 1158.9639 1539.9608 1388.3287 1316.761 1053.2943 1539.9521 1133.7297 1395.8723 1105.2711 1539.9712 1189.5928 1252.6642 1380.0405 1539.9901 1065.5897 1321.6423 1428.0358 1540.0024 1540.1091 1135.4272 1023.77985 1220.3429 1539.9498 1292.9818 1148.9689 1380.1082 1387.1917 1539.9583 1070.4847 1106.6212 1182.1509 1539.9869 1111.1406 1341.4442 1539.9524 1012.9688 1359.9647 1309.0267 1170.1893 926.51514 1539.9237 1400.5524 1404.1686 1111.0262 986.9255 1540.0242 1540.1259 1045.0476 1066.5587 1169.7394 1120.1683 1539.9744 1225.6951 1393.3649 1364.1217 1051.1732 1539.9606 1105.8551 1283.1024 924.97284 1540.0762 1020.41003 1044.0547 1284.4343 1049.2308 1539.9557 1133.3383 1263.7394 1539.8695 1131.8643 1540.0065 1364.7523 1043.8357 1041.4587 849.9936 1374.4603 1539.9602 1096.4291 1141.2028 1008.95544 1106.033 1539.8779 1019.68695 973.71985 1407.9583 1539.91 1540.0331 1135.1866 1059.8995 848.975 1284.1453 1383.0565 1010.3529 1539.957 1393.8237 1089.0027 1150.9752 1539.947 1030.8746 1421.2297 1040.3507 1539.9823 1539.9513 1366.6932 1044.1287 1128.169 1539.9495 1462.6738 1094.7947 891.83673 1539.9471 1111.4287 1418.8701 1302.6936 1051.892 1000.12256 1539.996 1208.4629 1177.1705 1539.96 1322.015 1395.6373 1367.3572 1539.9846 1122.9377 1405.2357 1539.9146 1027.2781 1411.6237 1211.5973 970.12146 1079.4698 1376.0999 1539.9238 1065.4312 1399.647 986.4837 1539.9562 1386.465 1087.1105 1067.9635 1539.946 1024.9756 1011.33276 913.5669 1540.0181 1236.4774 1371.0608 1540.0059 1107.0823 1540.0004 1123.43 1384.9613 962.17706 1539.9846 1358.6874 1110.8146 1043.2725 1411.0243 1402.6953 1113.4421 1539.9641 1539.9492 1387.0796 1047.0474 1075.4933 1382.0549 1142.0269 1539.9635 1183.3616 1539.9915 1042.9784 1182.7345 1398.6337 1436.0035 1452.6068 1539.9685 1174.4587 965.2351 1539.8975 881.41254 1452.3613 1029.1622 1417.6526 1064.8401 1540.0087 1109.472 1309.6243 1540.0969 1089.1505 1539.9946 1269.8575 1081.8154 1137.1226 1027.4054 1540.1034 1006.3005 1254.9689 1256.8834 1414.5361 1187.7852 1540.0468 1540.0575 1126.3861 1447.4672 1273.4381 1363.1185 1539.8871 1157.5215 1441.4803 1539.9656 1289.3329 881.54675 1396.6078 1010.1473 1130.7179 1539.892 1417.3761 1539.9369 1100.8193 1384.8052 1017.7188 1429.3196 961.42944 1539.9227 1095.0972 1539.95 1450.8285 1016.1905 1012.57697 1540.096 1024.0916 1052.0634 997.22644 1539.9366 975.8925 1401.3118 1099.7367 1182.8434 1435.166 1246.3082 1539.9882 1273.6632 1369.4895 1539.9803 1090.9686
 137 1148.059 1141.3685 1540.0371 1420.5137 1540.0321 989.0484 1389.2559 1263.7811 1072.311 1296.6984 1540.0332 1375.7933 1327.1302 1119.6581 1540.0331 1455.8121 1096.2898 939.18365 1386.6268 1540.0533 1286.1759 1383.1666 1083.6997 1540.0259 1096.0824 1346.8771 1119.0326 1540.0201 1048.367 1540.0432 1290.3517 1423.2042 1158.4645 1540.0298 1077.621 1010.0522 1111.0894 1381.3553 1540.0309 1327.848 1540.0364 1128.9951 1348.9851 1000.6582 1178.1564 1141.5658 1172.7501 1540.0511 1016.9833 971.6719 1540.0227 1318.9701 1408.3625 1540.0586 1034.609 1071.2699 1540.0276 1080.4401 979.63495 1070.1809 1540.0271 963.72156 939.24286 1359.2216 1540.0283 1139.4202 1207.3264 1382.751 1540.0244 1009.65283 1023.6316 1404.6646 1405.0892 974.7031 1540.0391 1289.8737 909.111 1540.0364 1397.6707 996.0933 1022.8943 1377.5979 1135.5066 1540.0248 1392.028 1272.3718 1540.0386 1163.1017 1358.5491 1068.8413 1028.4618 1540.0259 1073.063 1252.5498 1159.024 1540.0566 1388.388 1316.8142 1053.332 1540.0408 1133.7616 1395.9214 1105.3031 1540.0227 1189.6146 1252.6881 1380.0754 1540.0167 1065.618 1321.6697 1428.0815 1540.041 1540.0227 1135.4132 1023.77075 1220.3342 1540.0289 1293.0265 1149.0101 1380.1677 1387.2438 1540.033 1070.5214 1106.6509 1182.1763 1540.0226 1111.1643 1341.4788 1540.0358 1013.00336 1360.0138 1309.0684 1170.2496 926.56085 1540.0461 1400.629 1404.2079 1111.0475 986.9458 1540.0392 1540.0139 1045.0121 1066.5067 1169.6923 1120.2015 1540.0234 1225.7292 1393.4143 1364.1696 1051.204 1540.0192 1105.8907 1283.0958 924.9632 1540.0461 1020.4091 1044.1017 1284.4912 1049.2665 1540.0623 1133.4242 1263.8141 1540.0284 1131.95 1540.0208 1364.779 1043.8488 1041.4716 850.0218 1374.5061 1540.0332 1096.4718 1141.274 1009.02454 1106.1132 1540.0311 1019.7244 973.7659 1408.0502 1540.0416 1540.0212 1135.189 1059.893 848.9879 1284.1864 1383.1053 1010.38043 1540.0427 1393.8912 1089.051 1151.0388 1540.0443 1030.9055 1421.2833 1040.382 1540.0416 1540.0333 1366.7463 1044.1593 1128.2098 1540.0529 1462.7421 1094.8263 891.8615 1540.0426 1111.464 1418.9316 1302.7404 1051.922 1000.1459 1540.0575 1208.491 1177.2151 1540.0402 1322.0647 1395.6969 1367.3934 1540.0421 1122.9697 1405.2861 1540.0334 1027.3242 1411.706 1211.6516 970.1687 1079.5264 1376.1755 1540.0371 1065.4604 1399.6979 986.50806 1540.0391 1386.526 1087.1421 1068.0026 1540.0367 1024.9951 1011.34766 913.57886 1540.0269 1236.4958 1371.09 1540.0245 1107.1007 1540.0402 1123.4574 1385.0028 962.1998 1540.0203 1358.7261 1110.8412 1043.2969 1411.0739 1402.7488 1113.4647 1540.0466 1540.0431 1387.1318 1047.0812 1075.5312 1382.1086 1142.0691 1540.0319 1183.3998 1540.0415 1043.0092 1182.768 1398.6799 1436.0432 1452.6719 1540.0549 1174.4861 965.2696 1540.0662 881.4147 1452.4628 1029.1823 1417.6936 1064.8674 1540.0414 1109.4828 1309.6073 1540.0127 1089.1455 1540.0563 1269.8953 1081.8472 1137.1556 1027.3982 1540.0255 1006.2838 1254.9783 1256.8981 1414.5654 1187.7905 1540.0228 1540.0228 1126.3926 1447.5012 1273.4305 1363.1921 1540.0781 1157.5756 1441.5298 1540.0325 1289.3746 881.58075 1396.6613 1010.205 1130.7706 1540.0298 1417.4667 1540.0238 1100.8535 1384.8694 1017.74384 1429.4017 961.45886 1540.0493 1095.135 1540.0563 1450.8887 1016.22235 1012.606 1540.0385 1024.0898 1052.0424 997.2072 1540.031 975.91876 1401.3776 1099.7695 1182.8795 1435.2219 1246.3431 1540.0396 1273.6959 1369.5311 1540.0234 1090.9956
 138 1117.1051 1138.4285 1539.4296 1277.7711 1542.4796 970.0868 1265.3049 1148.1073 1025.4624 1135.4253 1541.7098 1258.5701 1104.0437 1058.4302 1558.9557 1219.2261 1078.6243 922.74414 1274.8066 1547.4801 1140.5269 1257.589 1057.1703 1529.2522 1083.8918 1276.5398 1104.0542 1539.6068 998.1368 1547.3475 1167.3226 1266.2739 1197.2025 1571.3813 1139.3037 1270.3508 1078.8827 1276.9779 1531.723 1161.1158 1536.4454 1113.478 1274.5607 1000.50586 1180.089 1142.4824 1174.1727 1550.1215 963.7118 895.7773 1572.7643 1119.1699 1264.677 1553.2844 961.3497 1069.4803 1574.0826 1083.3115 978.02435 1065.609 1550.066 966.4983 907.1959 1277.385 1545.9324 1138.4309 1179.0813 1272.9393 1544.3176 988.8401 994.5533 1265.5271 1244.3333 930.81256 1546.6907 1126.4307 912.24963 1545.8221 1270.396 982.0523 986.8952 1270.9642 1135.8944 1541.9645 1270.7719 1151.7377 1543.1393 1160.1406 1270.4379 1042.2037 1025.7068 1534.9816 1070.752 1154.7039 1153.7867 1566.6543 1272.1052 1148.2285 1042.9504 1544.4513 1135.0677 1270.0292 1088.5873 1538.6763 1173.471 1156.2054 1266.3315 1536.3464 1004.57355 1109.9708 1231.9891 1552.5809 1564.3522 1134.8876 1021.6754 1192.6609 1540.9625 1162.1394 1127.6129 1266.3778 1271.945 1545.7029 1031.4215 1060.7441 1173.8419 1539.8872 1103.214 1280.9928 1543.3942 971.6978 1263.2126 1148.8713 1158.9636 913.77454 1555.1255 1274.0264 1260.696 1079.4119 949.6464 1554.4264 1561.151 1049.3641 1074.2122 1176.5135 1077.3506 1542.9585 1173.9174 1265.7925 1274.3046 1037.1768 1540.2675 1103.4156 1171.6987 914.12476 1555.7106 988.017 1032.451 1174.2087 1020.37 1554.5682 1124.5441 1173.0546 1541.6783 1135.2932 1534.8684 1275.3326 1045.5889 1041.9248 829.091 1288.6138 1541.1038 1094.1194 1139.5763 1009.0723 1106.3213 1549.1713 997.7541 963.25055 1265.6753 1543.4211 1570.5271 1228.4602 1095.4426 850.83575 1136.6953 1254.6049 975.2426 1542.7343 1271.8784 1069.341 1116.8468 1548.9926 1043.0188 1259.8903 992.2081 1568.0474 1547.7959 1273.486 995.81915 1102.7203 1553.392 1245.7174 994.72394 869.21 1550.9087 1010.5028 1238.5652 1102.851 1043.3809 988.01154 1557.7998 1187.0223 1133.4629 1541.9153 1139.4623 1252.7894 1107.8412 1544.9398 1039.7867 1242.9502 1542.2686 995.69714 1271.7467 1189.8535 945.20197 1060.9252 1274.9227 1542.4044 1053.956 1265.2465 953.5775 1545.687 1274.2706 1051.1288 1047.6227 1547.6703 1021.2208 1011.3598 918.3751 1571.3635 1250.3153 1295.8159 1545.1107 1056.5463 1544.4033 1110.3319 1281.0001 935.1404 1541.6486 1273.7908 1086.2074 1021.04553 1226.2424 1105.5781 1030.0979 1549.6277 1551.1521 1272.5642 1044.2017 1024.1001 1273.2238 1123.082 1545.2059 1191.1497 1551.5369 1025.865 1161.566 1272.6107 1116.3298 1263.4974 1559.674 1074.6963 934.5607 1558.6619 866.4111 1253.4899 1010.09515 1260.1641 1003.6231 1558.2935 1073.2236 1164.5259 1558.3755 1070.5378 1548.9375 1171.5393 1080.8351 1124.4083 1000.24164 1567.3478 987.8289 1155.0675 1145.5282 1251.4032 1172.3531 1549.4988 1541.772 1084.7704 1289.3541 1189.3228 1124.6577 1583.0492 1098.9618 1219.5972 1539.7114 1152.1343 862.52026 1266.8184 1003.443 1112.5989 1543.8151 1258.8323 1540.1101 1087.0426 1269.4249 999.4231 1284.3192 969.1427 1548.6268 1049.8259 1570.2677 1261.6587 968.64026 1011.161 1562.895 1022.3681 1058.3707 1003.71735 1549.5673 929.9964 1264.8185 1074.9692 1149.4335 1255.2153 1138.4304 1548.0787 1141.9524 1267.2218 1536.4045 1084.4271
 139 1087.6234 1122.5184 1510.6469 1174.401 1500.9312 948.05084 1180.0299 1229.3138 1037.354 1224.4595 1501.8247 1193.6713 1211.6082 1029.1235 1489.9211 1128.1704 1042.1857 887.73615 1174.7827 1503.5406 1209.6732 1194.0818 1047.7911 1511.2736 1061.8405 1196.7383 1072.375 1513.7258 948.40643 1458.7933 1148.3357 1103.8109 1144.5394 1494.498 1069.4362 1126.6654 1048.1603 1174.9617 1511.6365 1219.1832 1512.7568 1084.3185 1195.2533 986.813 1153.7621 1115.9707 1144.1307 1510.1307 963.2088 922.4059 1482.3627 1255.1268 1118.9623 1467.8563 826.02924 1006.7309 1476.9875 1038.0704 940.5551 1039.157 1502.0608 944.4989 870.49414 1185.324 1502.4125 1111.5259 1213.476 1181.1421 1505.4221 958.6146 957.2874 1163.7162 1165.3212 924.2356 1500.8485 1216.0177 891.2429 1504.5582 1170.176 953.19104 944.85315 1180.3853 1114.7024 1511.5139 1178.1796 1240.3862 1499.9094 1137.9318 1175.9855 996.65076 1007.6862 1495.4155 1038.4137 1273.2172 1131.1658 1492.8768 1173.6561 1235.694 1015.26825 1497.1041 1117.8616 1173.7108 1059.3982 1511.8829 1147.1218 1218.0687 1181.9509 1503.3301 972.4737 1222.8038 1142.5352 1499.088 1489.9293 1106.944 994.7224 1211.3241 1504.2263 1216.1058 1100.4657 1175.0349 1178.0818 1507.7672 987.50366 1017.6725 1149.7533 1512.5159 1080.4058 1206.3005 1508.3802 941.16547 1201.931 1194.8352 1054.0953 902.22723 1464.986 1148.3217 1160.8962 1034.1556 902.99414 1502.6396 1460.4612 940.2615 970.5396 1107.8763 1033.4365 1502.0194 1205.9688 1175.4828 1188.2826 1009.81354 1512.2313 1086.3044 1223.9044 891.7505 1492.7343 974.80505 1006.8486 1222.6879 1008.2342 1496.8704 1108.9365 1219.7418 1512.1642 1104.4253 1517.5713 1192.2084 1032.7704 1029.0651 796.20483 1196.3792 1512.0476 1076.1349 1114.5779 982.9111 1078.3348 1510.2344 958.17035 939.43225 1165.2311 1507.5194 1490.8468 1193.9855 1047.3579 818.58997 1187.7766 1172.0608 969.2727 1483.5953 1172.1256 1032.4507 1059.5171 1501.6483 1008.9138 1148.6675 934.86414 1481.1686 1508.3925 1182.8054 939.9538 1058.4944 1499.8452 1153.6467 944.25793 838.24695 1460.5731 981.1469 1197.3134 1297.9156 1017.6054 975.4796 1501.9863 1210.8187 1099.0837 1500.5923 1206.5367 1172.7354 1228.86 1501.0087 995.12115 1154.9945 1506.8303 962.4956 1166.0282 1206.1809 906.5168 1025.4187 1183.8325 1512.2823 1031.2501 1171.8693 918.10785 1510.58 1177.4833 1011.4104 1012.7941 1504.1404 970.41907 965.1533 879.36395 1479.6968 1129.92 1181.0117 1518.988 1031.2411 1510.1478 1082.945 1186.7566 901.80206 1502.4639 1152.0349 1031.6426 1016.03577 1154.2738 1200.274 996.20325 1496.838 1503.9219 1178.4076 1021.35596 970.38153 1177.6036 1084.4558 1507.9584 1200.2952 1501.7819 989.8733 1115.5912 1173.6559 1232.4199 1136.4072 1479.7783 1088.7612 892.382 1490.5408 842.49445 1113.9774 970.8326 1155.6019 943.8246 1498.6849 1054.8508 1225.2142 1493.7147 1039.9788 1506.67 1221.3544 1057.6473 1103.2993 995.8859 1487.3315 974.8358 1257.1816 1212.0961 1166.2211 1144.9781 1504.687 1505.6198 1042.1078 1169.1666 1199.1946 1201.583 1443.2932 1119.2185 1172.0592 1502.6948 1218.8439 841.30896 1177.2502 973.18555 1078.6086 1505.4674 1154.9291 1511.8584 1060.8112 1176.6276 969.88324 1171.6294 953.5803 1501.1312 1003.66144 1475.4841 1160.325 927.8002 987.7625 1493.9609 985.9048 1017.74866 966.69415 1501.3064 882.8423 1161.1617 1037.2001 1109.0103 1146.7341 1272.1973 1500.0767 1229.9084 1194.9999 1508.3109 1074.8746
 140 1121.3429 1152.5587 1557.8219 1222.8965 1561.2717 973.83417 1210.9409 1234.2241 1058.1628 1233.2297 1560.3363 1222.9257 1250.5056 1062.4521 1566.1637 1146.6344 1067.6382 907.6382 1206.1205 1560.5168 1236.7382 1219.7445 1071.1929 1556.4261 1087.6844 1223.8246 1098.35 1557.1218 979.3312 1588.0552 1314.3784 1141.8813 1190.0916 1563.8323 1121.2529 1263.6973 1072.6528 1200.2007 1556.5261 1228.5083 1558.7788 1113.1304 1222.11 1013.53534 1184.8864 1145.7806 1175.6653 1557.5645 952.86993 908.4544 1569.4722 1194.4349 1166.8252 1575.0583 848.148 1047.5985 1572.9355 1073.2428 970.75757 1068.6163 1562.9102 971.4532 883.9025 1227.8257 1561.7657 1146.5349 1234.4337 1211.2632 1560.3672 979.197 976.67725 1193.8507 1189.4873 948.4831 1561.142 1239.0468 919.50476 1560.1865 1200.146 981.95636 968.563 1218.5908 1146.072 1557.8254 1208.9077 1223.9043 1560.6576 1168.2346 1212.2533 1030.6377 1036.0614 1555.6665 1061.3403 1183.9407 1150.1698 1558.7772 1204.1882 1233.1875 1045.1769 1562.1676 1146.8231 1222.1731 1089.1606 1558.0602 1180.9716 1237.44 1213.2437 1559.8928 995.4851 1234.8093 1162.8163 1561.6162 1564.9016 1139.6941 1025.9825 1232.7223 1559.7001 1237.2913 1131.5173 1203.7318 1221.3384 1559.5387 1017.61487 1047.022 1179.7372 1558.0505 1106.803 1230.8467 1558.4335 963.11194 1230.2722 1244.174 1113.6648 948.6387 1576.7081 1251.5092 1181.7777 1058.5217 923.87024 1559.7628 1588.3845 973.6281 1016.3605 1166.9727 1062.3091 1561.449 1242.1593 1207.6226 1213.0624 1035.8054 1557.8458 1116.5654 1237.9521 920.3721 1563.2675 1000.04675 1033.8892 1234.2933 1030.0698 1562.1866 1131.6655 1227.6753 1556.5858 1134.3701 1556.1218 1221.6001 1054.6583 1048.141 836.1657 1297.127 1574.0549 1110.8124 1142.1515 1006.26495 1107.5277 1558.597 978.07263 961.2458 1194.7423 1558.2712 1561.7905 1248.6237 1093.1167 838.3308 1268.566 1208.5782 988.4631 1559.6754 1224.0264 1066.549 1099.1241 1561.3995 1051.1198 1174.1915 962.859 1571.82 1559.3374 1219.9445 961.70856 1086.0624 1562.5367 1228.5583 984.55383 860.18524 1569.3242 966.99677 1202.0538 1191.8289 1037.8319 983.6072 1559.9623 1220.3901 1132.8969 1560.9999 1249.5873 1205.354 1239.4143 1560.2161 1013.04443 1181.0118 1558.8059 983.3261 1193.7372 1229.9784 930.1968 1053.6151 1210.0259 1556.0867 1053.1027 1191.7009 934.45105 1557.2091 1207.1515 1035.246 1040.2642 1560.6117 1001.9085 993.61084 916.8519 1572.0593 1375.088 1211.1732 1556.0768 1047.1556 1556.8616 1114.159 1223.3618 925.82996 1558.5581 1192.2936 1062.4463 1031.4297 1185.4868 1257.7123 1017.5693 1562.2458 1560.854 1220.9003 1047.7947 999.00305 1206.4968 1113.4014 1558.9341 1235.7523 1561.0499 1025.8344 1150.7521 1224.2441 1239.879 1170.2313 1574.517 1105.4231 908.0471 1567.0195 847.3933 1146.1663 997.3492 1175.7998 961.1666 1561.0876 1074.7422 1232.7622 1561.6709 1067.4652 1557.1508 1230.8741 1086.144 1131.8287 977.0461 1565.1816 968.16614 1176.7063 1237.7484 1188.9296 1176.3801 1556.8792 1559.5449 1067.2603 1190.7509 1242.0482 1259.0319 1600.9404 1161.0258 1203.4072 1560.2303 1236.5516 866.14734 1207.0054 1004.20306 1107.6101 1560.5582 1181.865 1557.6726 1082.9729 1221.2363 991.86865 1224.1731 983.7963 1562.9703 1034.8324 1574.8386 1239.8042 967.6415 1021.6243 1563.5608 1018.03394 1052.3344 998.88275 1562.4906 898.2441 1190.908 1062.4062 1139.4325 1167.541 1194.643 1557.5718 1226.3038 1221.2083 1557.7423 1100.4841
 141 1104.9246 1137.5538 1529.7352 1190.4937 1529.485 955.0596 1178.3286 1157.9962 1026.5247 1159.2875 1528.8433 1182.5828 1129.1078 977.1565 1578.1099 1120.9104 1050.4049 891.04346 1184.1838 1529.0205 1165.3145 1186.2096 1047.9354 1531.212 1073.2687 1192.1545 1077.351 1529.0507 932.69855 1528.1329 1083.1829 1121.4178 1155.7593 1528.4915 1070.9459 1132.8965 1054.1462 1185.8867 1530.6566 1167.3878 1531.3074 1092.8243 1192.8878 998.2474 1166.8826 1128.3768 1155.3783 1529.5988 937.0612 895.37476 1530.0446 1189.0048 1146.083 1530.2878 838.84503 1032.9303 1530.8002 1051.557 952.0002 1054.4305 1528.7264 955.95276 868.409 1189.5363 1529.2081 1127.0142 1155.1991 1182.5225 1529.0902 965.3559 961.4133 1171.8264 1161.3005 912.7279 1528.8893 1161.9094 903.8831 1529.0873 1179.7102 965.408 950.33966 1189.9943 1127.0189 1529.3164 1184.4297 1164.3273 1528.8535 1152.2041 1186.0623 1013.86774 1022.3926 1530.707 1044.2083 1195.8683 1134.2255 1529.3903 1185.0607 1159.367 1029.4344 1528.866 1128.9614 1188.5092 1069.788 1529.7241 1160.898 1154.212 1181.9159 1529.3923 970.8795 1170.9022 1135.0321 1529.0345 1529.2383 1117.5945 1006.1325 1156.3024 1529.0527 1163.7518 1112.2468 1182.5825 1189.9791 1529.3329 998.07306 1030.0187 1161.3246 1529.7368 1090.3269 1197.999 1529.9658 937.9605 1188.7916 1160.8245 1094.0771 922.0151 1529.9363 1181.7518 1163.7352 1040.9323 906.9681 1528.9894 1528.0474 958.9718 992.3195 1139.1654 1039.2065 1529.0203 1159.177 1180.0494 1189.2317 1019.5214 1529.3406 1099.2001 1151.5494 893.1412 1528.8336 960.9534 1009.8996 1160.9841 1002.75854 1528.6091 1111.9344 1168.5751 1531.3385 1119.3726 1530.2915 1193.5654 1038.0312 1033.35 831.32 1320.7205 1533.6625 1084.5569 1125.4281 989.3109 1088.9242 1530.5558 959.23364 947.4518 1174.4595 1529.1124 1528.6812 1144.649 1054.8116 812.9843 1145.611 1163.0938 971.3312 1530.2594 1187.518 1047.4633 1071.2045 1529.0182 1029.8307 1155.1293 945.9511 1530.79 1529.4185 1188.8981 940.3545 1064.349 1528.8824 1184.7777 958.9694 844.2437 1530.3947 955.6446 1181.5665 1182.8975 1009.19666 950.00555 1529.0607 1164.8098 1106.5328 1528.7856 1158.9795 1172.9496 1163.4506 1528.7836 988.10565 1155.9214 1528.675 959.49615 1173.1855 1160.0642 913.0871 1035.9415 1188.3949 1529.1495 1039.8419 1177.1821 921.47815 1529.0516 1184.9817 1021.2565 1024.2758 1529.0464 976.60956 969.38715 897.30115 1530.5573 1028.9728 1182.0869 1532.3951 1036.455 1529.1245 1096.1102 1190.736 912.59644 1529.8722 1179.1324 1045.4978 1007.96436 1151.6215 1158.195 986.98724 1528.5099 1528.7562 1190.672 1032.9803 978.44366 1183.0265 1089.6948 1529.342 1161.2388 1529.1525 1006.55554 1127.2814 1188.6136 1158.473 1151.3759 1530.309 1071.6787 893.37024 1529.3578 836.1529 1124.4929 982.8417 1159.8955 944.80994 1528.7595 1047.4574 1162.0277 1528.9478 1042.9321 1529.394 1164.6732 1070.1389 1111.4192 970.47955 1529.5356 958.14307 1205.6243 1166.4198 1162.1454 1157.8419 1528.908 1549.1364 1006.6164 1160.843 1135.5632 1149.2018 1529.1833 1117.8259 1163.0297 1529.4205 1159.1298 840.5725 1182.3698 983.7863 1088.8223 1529.0703 1163.43 1529.316 1067.0431 1189.0194 976.69824 1188.9259 969.1004 1528.9607 1016.6448 1530.415 1185.4523 945.7775 1009.6298 1529.3291 998.749 1031.9952 979.9453 1528.87 882.5507 1167.4285 1044.8683 1121.4374 1149.547 1190.3934 1529.1622 1163.5475 1188.2577 1529.7504 1079.3822
 142 1118.2343 1141.161 1537.3983 1237.7231 1537.1117 1051.7253 1182.7854 1163.5997 1036.4128 1170.7633 1537.3232 1216.5472 1120.1128 970.58374 1527.8286 1115.4863 1063.7662 953.4066 1193.7761 1529.541 1173.7375 1190.789 1113.4869 1537.2047 1080.5948 1196.468 1081.6484 1537.9774 931.0691 1538.3093 1071.6608 1123.6481 1157.5463 1537.9421 1072.8059 1129.7395 1069.4769 1189.2297 1537.2385 1218.8573 1537.406 1100.6868 1192.3553 1101.7189 1171.4924 1133.4669 1159.2273 1537.8414 936.9764 895.59094 1538.9567 1187.4287 1148.0486 1538.2378 843.03467 1039.4296 1536.9719 1062.068 1087.2094 1060.8538 1536.7112 966.3702 982.65936 1199.0596 1537.3898 1128.1111 1155.8889 1182.5568 1537.1317 1115.7662 975.8878 1179.5181 1166.9686 960.90784 1537.0103 1175.016 903.7885 1537.3226 1187.9697 1083.8422 1025.3599 1213.971 1134.7749 1536.9562 1186.7887 1165.8978 1538.2017 1154.7482 1220.6296 1025.0585 1025.1238 1537.482 1054.1688 1272.1941 1157.543 1538.038 1186.4099 1201.7965 1036.2843 1537.0392 1133.4546 1189.5879 1072.5276 1537.7056 1162.5613 1158.7852 1184.2936 1537.4785 1022.6882 1176.6106 1142.1096 1537.0853 1537.3912 1125.1765 1011.20795 1216.4106 1537.1924 1170.1141 1120.1748 1213.3635 1197.571 1537.0791 1005.5272 1075.7866 1167.1998 1537.0627 1134.7078 1201.4348 1537.0261 947.9906 1195.8206 1213.1924 1096.8934 1057.6838 1537.2245 1185.0864 1179.5704 1062.5697 1052.959 1537.1562 1537.4906 1057.6151 1001.06305 1146.2336 1051.9093 1537.1908 1164.5598 1218.9459 1196.8984 1068.962 1537.2029 1099.2356 1160.2683 1033.0938 1536.7063 976.83203 1022.93005 1166.0223 1054.5175 1537.0944 1113.8877 1170.9988 1537.556 1121.9143 1535.1655 1197.2627 1051.9458 1152.279 837.59503 1342.4498 1537.3187 1085.5177 1128.1058 992.0738 1137.2659 1537.2694 963.03235 950.5392 1177.2812 1538.142 1538.2787 1149.2802 1058.5513 813.06647 1149.6726 1173.7794 1096.3413 1537.0934 1189.0951 1049.7427 1072.9418 1538.6228 1031.1606 1189.3477 958.2422 1536.8954 1537.5504 1190.2217 941.10175 1063.7946 1536.9075 1194.7426 970.00903 902.6649 1537.8529 979.748 1247.7712 1211.7284 1028.9581 980.9937 1536.9777 1228.6506 1117.2382 1537.1407 1167.3551 1208.6409 1159.4648 1537.024 1101.9728 1169.2274 1537.2384 969.4923 1173.8586 1215.9634 924.3133 1135.5829 1191.3005 1537.5109 1042.9172 1178.0869 925.68256 1537.8302 1189.7563 1069.5118 1034.8248 1537.0847 990.9396 985.27856 1039.3289 1537.754 1079.9348 1179.6484 1536.5691 1040.0665 1537.3225 1103.7758 1195.3 1007.5348 1537.1509 1188.4739 1063.1656 1065.6677 1157.8772 1163.3162 1027.6102 1536.8003 1537.1003 1192.2166 1146.6555 985.9417 1183.6097 1092.4929 1537.7611 1161.1654 1537.6041 1121.2856 1130.4542 1196.3171 1166.4308 1189.6028 1537.2761 1076.5507 911.85974 1536.9309 979.6562 1127.928 1131.769 1166.4408 944.12994 1537.2734 1058.3154 1166.3524 1537.0629 1098.4565 1537.6265 1167.8591 1073.7041 1116.0453 992.30383 1537.1455 970.6647 1268.8568 1178.4598 1194.0942 1167.9707 1537.3583 1540.5869 1014.1433 1194.5983 1133.6624 1146.1927 1535.2915 1142.1085 1212.543 1537.2194 1167.4391 943.30676 1184.5082 1036.7526 1095.707 1537.33 1168.1892 1536.9469 1081.6063 1194.2585 1029.1962 1193.9067 1048.7537 1537.1478 1022.2787 1536.7358 1189.138 1031.5625 1023.59393 1537.3901 1052.7534 1040.3157 995.28845 1537.5833 882.5788 1167.6628 1046.9247 1131.416 1181.6124 1198.6576 1537.9567 1192.0885 1174.4631 1539.8866 1160.6606
 143 1136.9933 1145.399 1540.5983 1334.5746 1542.4263 1074.3517 1304.2437 1193.316 1048.2604 1203.634 1542.029 1313.8904 1180.8732 1014.3787 1536.9459 1312.959 1132.6282 1275.0746 1368.6127 1545.5863 1217.9711 1306.997 1222.5101 1543.4066 1099.1141 1285.6832 1100.6396 1544.9634 966.3783 1539.3842 1078.9403 1301.5321 1162.3904 1530.8336 1082.7404 1131.7483 1090.8529 1300.342 1539.5994 1216.4841 1542.9274 1117.9811 1290.9382 1132.3937 1171.1029 1133.1725 1159.3353 1530.6438 946.061 908.1492 1531.8344 1202.3784 1308.971 1545.3939 953.3217 1210.8276 1538.435 1081.8076 1126.0455 1244.9838 1544.4044 968.93085 1020.8222 1297.7072 1542.8052 1133.9939 1249.5457 1303.6906 1548.3906 1194.3616 1239.4512 1341.6387 1339.2987 1147.2015 1547.4141 1264.8063 904.2543 1542.3519 1313.0183 1108.0281 1337.3419 1407.9619 1199.7717 1537.0372 1311.7269 1183.629 1543.1189 1166.8224 1312.581 1051.7411 1025.9453 1543.5481 1059.151 1267.7571 1156.3743 1531.8374 1335.9517 1273.0725 1288.0452 1553.3842 1132.0026 1311.4397 1088.5748 1541.2733 1179.5697 1184.9436 1299.5214 1546.9324 1226.5364 1278.23 1358.0465 1538.497 1532.8224 1131.1711 1017.76373 1233.568 1540.6442 1181.8362 1137.8167 1319.3257 1322.4833 1542.151 1053.1841 1193.2914 1172.5205 1544.3785 1201.8035 1285.3481 1539.3104 980.273 1283.9661 1252.354 1137.3981 1087.2761 1543.153 1322.4307 1358.9456 1116.017 1125.9529 1536.3451 1533.7433 1070.6454 1005.413 1148.4812 1098.7512 1542.7325 1264.8796 1335.148 1303.6654 1158.2815 1544.99 1098.4832 1164.1774 1040.3048 1533.0925 982.5313 1080.0016 1138.7402 1128.3416 1537.454 1113.0118 1176.6876 1531.6252 1126.171 1539.8529 1326.7461 1051.2955 1152.9525 868.6599 1457.6748 1536.5988 1084.4867 1131.8328 998.934 1163.5616 1531.9377 1119.6847 970.492 1318.7102 1545.5363 1533.1661 1209.9438 1067.5569 829.2804 1198.6661 1306.5564 1133.322 1534.5463 1309.5756 1071.8252 1108.3988 1542.2722 1033.0746 1368.2329 1015.08795 1536.7231 1539.923 1293.4513 990.9294 1092.3068 1540.1165 1360.8973 1050.4625 1154.6245 1537.021 1022.17896 1365.0328 1257.1243 1033.2345 984.2047 1532.1768 1226.748 1154.5265 1539.5801 1203.3422 1349.8654 1176.9891 1543.195 1175.4464 1310.714 1543.7389 982.9318 1314.5189 1149.1895 956.25323 1158.5988 1346.5599 1541.8724 1054.5403 1308.9879 955.94836 1539.4675 1309.4385 1188.5048 1069.577 1542.7131 1261.1123 1064.5123 1074.7977 1535.2142 1085.9257 1285.7313 1543.4989 1067.3076 1538.9836 1120.5793 1303.1772 1038.0302 1545.9052 1320.1467 1123.3319 1244.7168 1300.209 1224.3762 1182.0654 1541.47 1541.5688 1328.5769 1197.7489 1247.2644 1301.5437 1116.137 1539.3948 1224.2283 1538.3263 1156.3314 1159.1475 1362.001 1179.5898 1364.1776 1541.0621 1086.2323 938.4663 1548.0537 991.9916 1317.9788 1195.6317 1345.3694 1265.991 1536.9006 1075.9192 1183.9425 1550.548 1161.6962 1530.5397 1176.0989 1074.6123 1124.7762 973.2863 1532.2417 953.9405 1211.7753 1322.2632 1337.3345 1195.9214 1538.4368 1536.1564 1060.2618 1347.7903 1136.7157 1168.5901 1536.8466 1232.7716 1414.5762 1541.286 1187.6089 958.64575 1308.5204 1202.4182 1133.0759 1543.6547 1340.462 1544.1144 1132.1184 1336.534 1237.5283 1307.011 1056.2086 1542.2863 1060.0577 1543.9753 1337.1769 1138.1411 1036.4182 1533.4957 1197.4624 1047.0818 1020.5439 1543.906 924.2062 1304.631 1073.7955 1149.1443 1407.5499 1232.6313 1537.5881 1200.3193 1298.8885 1542.9624 1142.921
 144 1146.2346 1145.542 1538.811 1390.7087 1538.36 1081.5175 1375.1685 1206.7527 1053.2616 1220.6439 1538.1061 1370.0125 1216.5828 1039.3134 1537.7922 1435.7902 1144.7074 1309.3745 1460.3948 1536.9495 1235.4058 1372.8752 1231.1775 1538.9701 1106.0426 1334.5693 1105.7682 1538.4409 986.3207 1537.7715 1080.0056 1409.5798 1167.9569 1539.1307 1088.0862 1136.6024 1101.9628 1367.0239 1538.5829 1211.2499 1537.5931 1122.9088 1348.1558 1144.5425 1176.3037 1138.3522 1165.0159 1538.0823 949.7617 913.1416 1539.0487 1207.9287 1401.7782 1536.8705 1009.8869 1228.5874 1537.6534 1085.304 1132.074 1258.1118 1538.0775 965.3835 1039.03 1353.3154 1538.2646 1133.2426 1262.6613 1372.8059 1536.4784 1207.7065 1265.5326 1422.1385 1437.0253 1162.8376 1536.3556 1291.3044 901.45636 1538.0658 1386.5647 1115.764 1378.7654 1469.5055 1213.6758 1538.3064 1385.51 1188.7672 1535.6243 1169.4204 1362.5665 1063.8356 1022.5868 1538.7744 1064.3643 1274.3861 1162.2363 1539.3268 1419.2891 1297.664 1310.4661 1543.7369 1127.9441 1383.9865 1095.4753 1538.0925 1182.7781 1192.1147 1363.4257 1538.3984 1284.4722 1320.0281 1472.6549 1536.184 1539.3481 1135.4906 1022.26245 1239.1782 1538.1519 1186.1372 1146.1085 1381.424 1392.1954 1538.5894 1075.3855 1223.817 1171.1453 1538.8048 1208.5145 1330.8109 1538.2339 996.6015 1336.278 1272.4039 1156.8202 1097.0938 1535.4377 1403.2024 1421.5364 1132.0544 1146.7611 1539.0884 1539.8341 1075.4757 1009.37555 1152.486 1118.765 1538.685 1277.7809 1399.0239 1361.0299 1169.0198 1538.7749 1094.277 1169.0269 1044.4652 1539.0114 987.0496 1081.6227 1141.4248 1134.3191 1538.8809 1116.9945 1182.149 1537.6838 1130.7712 1537.5082 1405.7913 1051.1759 1166.8733 879.33496 1496.5593 1537.4984 1084.9236 1136.2333 1002.65344 1169.1664 1537.8668 1135.5098 974.1503 1398.1697 1537.8834 1539.5131 1218.3088 1072.3438 833.8695 1228.4413 1386.5079 1151.4698 1538.6475 1381.3864 1082.5465 1126.344 1537.8412 1032.4673 1433.3447 1035.8021 1537.2345 1538.1069 1355.3013 1019.12006 1106.7435 1536.0532 1448.433 1079.803 1185.2744 1537.9274 1046.14 1436.3048 1284.592 1037.9233 988.1104 1538.1083 1231.6017 1168.9124 1538.7666 1217.3911 1408.3416 1184.1533 1537.2543 1213.8644 1397.2439 1538.2399 999.25116 1390.6942 1144.8501 963.13525 1166.6129 1395.8148 1538.9084 1059.9478 1389.6487 972.53064 1538.4053 1377.9943 1211.8092 1080.7533 1538.4531 1279.038 1071.8043 1080.1978 1539.3171 1084.8949 1346.6775 1539.1833 1079.7642 1538.6011 1128.0149 1367.0215 1051.9777 1538.5825 1399.3954 1143.1293 1251.4056 1381.2164 1251.9941 1210.2961 1538.2397 1538.664 1395.7812 1202.5286 1280.714 1371.3201 1127.5728 1538.3411 1231.8143 1538.9167 1166.3115 1168.6049 1414.4834 1183.3622 1431.4886 1537.8942 1088.346 950.45715 1536.6198 994.2282 1430.1859 1210.4187 1425.5612 1307.8265 1538.635 1083.9623 1180.546 1540.2799 1163.5635 1538.5592 1182.3499 1079.3192 1130.816 975.2633 1539.0792 956.30035 1214.0798 1351.5146 1411.2858 1206.559 1539.0571 1538.7313 1081.4993 1411.8723 1137.6259 1177.2346 1537.8121 1270.9778 1504.5608 1538.4185 1196.41 960.8901 1381.856 1233.4805 1143.9304 1537.6115 1443.7311 1538.3427 1138.8026 1413.5555 1266.1942 1374.0018 1054.4845 1538.1265 1080.4843 1536.0211 1423.7643 1161.1709 1035.8367 1539.2606 1209.1902 1051.3381 1025.2015 1537.9866 952.0528 1384.643 1090.9725 1155.5945 1494.9248 1244.7798 1536.7311 1214.61 1363.9661 1540.1417 1138.8148
 145 1080.9008 1094.1469 1451.0083 1247.6815 1448.8038 1021.09644 1232.6964 1125.1782 996.1791 1127.8218 1448.7467 1236.6559 1120.004 973.52826 1457.3275 1254.3376 1053.2191 1058.6365 1223.9163 1443.6791 1127.2385 1238.5317 1133.7611 1448.1912 1054.9727 1226.5157 1041.1343 1452.371 951.11633 1458.4885 1147.7086 1245.1691 1132.8964 1470.1161 1060.3715 1153.2307 1037.2909 1241.9014 1455.0964 1154.4891 1452.8204 1059.4265 1233.3691 1090.2208 1126.7511 1090.1415 1112.3813 1464.5331 913.12573 869.8815 1463.7269 1155.4204 1237.6056 1447.095 907.1917 1124.8447 1467.2728 1039.7965 1076.1653 1143.9595 1449.0487 923.6972 988.10077 1232.0161 1445.572 1078.2819 1127.9335 1234.6512 1446.2294 1110.8475 1123.9264 1237.3826 1250.2767 1067.5404 1447.239 1121.1779 857.0348 1449.4537 1236.6232 1054.5736 1105.3707 1218.3673 1020.11285 1443.2722 1243.8433 1140.4604 1455.3827 1126.0427 1234.0131 996.11456 979.89484 1449.5282 1012.08685 1131.5374 1089.2994 1460.8728 1234.1057 1083.6669 1116.4355 1453.6803 1075.3469 1239.2487 1034.3641 1451.3488 1121.3595 1124.2932 1230.9896 1447.5625 1031.264 1098.9211 1208.2665 1460.0936 1462.4515 1087.9144 977.58136 1146.2773 1451.1648 1142.1914 1085.5635 1241.7327 1247.857 1451.6604 999.5998 1119.6948 1120.2637 1452.6724 1135.4197 1229.3705 1454.486 935.4544 1226.395 1140.1619 1095.961 1030.8168 1451.7692 1244.7595 1257.2201 1061.7443 1063.7372 1457.7277 1467.2734 1032.5657 969.5383 1110.0415 1033.0955 1441.3236 1135.0267 1235.4607 1239.476 1106.9 1450.8779 1041.3038 1146.2795 1002.3335 1465.1588 947.3464 1004.3381 1185.5703 1086.0476 1469.3003 1071.712 1146.093 1465.3971 1082.2809 1458.6442 1254.2888 1006.0514 1107.8433 816.51373 1342.9573 1442.7516 1029.4426 1089.7467 961.10034 1116.8333 1463.29 1069.8225 927.4031 1233.8878 1448.2885 1464.2905 1140.648 1019.7338 795.285 1127.3024 1248.5682 1090.814 1459.6334 1239.3324 1021.61646 1042.7366 1450.3613 989.2061 1252.3215 957.2041 1456.4341 1454.9146 1237.7983 951.514 1042.153 1452.0807 1249.737 987.39453 1112.769 1443.092 945.66815 1224.7196 1101.0741 982.35944 933.8444 1461.4762 1145.3007 1090.1726 1449.9152 1123.722 1244.2032 1148.0055 1453.6276 1072.3645 1232.3751 1453.263 942.2226 1240.2543 1150.5901 903.67615 1094.2766 1252.9834 1451.125 1016.4723 1250.3308 919.9863 1455.9305 1239.8475 1117.3656 1018.31256 1450.8777 1102.7537 996.1482 1019.85583 1459.7743 1127.4158 1238.7147 1462.5438 1028.6521 1455.6294 1068.8591 1242.9663 997.6412 1446.5557 1254.578 1060.525 1122.1283 1235.0237 1125.4247 1115.5543 1452.0408 1451.6116 1225.9569 1160.3794 1124.5298 1237.0529 1058.0519 1452.4667 1139.1814 1454.635 1097.5942 1097.3484 1258.5774 1149.3236 1250.8302 1451.71 1056.8337 894.9377 1445.6732 957.8921 1238.091 1104.5798 1238.8723 1106.6061 1455.008 1043.5994 1152.4722 1465.9999 1115.181 1466.3934 1145.8523 1037.1871 1081.8615 936.08966 1462.8651 915.2338 1149.131 1150.4178 1228.2251 1079.1705 1450.4974 1458.785 1010.68304 1255.9196 1155.6223 1125.5225 1458.3033 980.0069 1231.6992 1451.4867 1133.494 903.4 1240.8174 1084.7968 1073.8287 1447.7513 1233.1042 1448.9208 1076.0637 1232.3127 1101.3102 1243.336 1005.65674 1450.4683 1017.5777 1453.7161 1252.6322 1085.8541 1001.5691 1463.2666 1137.7769 1005.23895 980.1032 1449.5317 881.5582 1234.3995 1024.3123 1088.1833 1222.0671 1113.5481 1459.0485 1127.677 1239.8345 1450.798 1083.9355
 146 1120.756 1150.4546 1549.8955 1188.9839 1547.0818 1058.3706 1187.922 1204.7108 1045.7867 1200.8202 1548.1792 1201.2838 1223.0237 997.20074 1538.4958 1176.9369 1054.8127 857.735 1131.1204 1523.7969 1080.3843 1186.2394 1077.6033 1463.9106 1089.7229 1211.0095 1084.8763 1551.9441 943.4926 1548.0765 1178.1497 1173.2589 1164.6531 1548.977 1082.58 1184.8092 1065.4099 1183.413 1534.3107 1221.0522 1551.0333 1104.0287 1205.0814 1106.6514 1176.13 1136.3779 1164.7562 1550.5635 928.3216 888.2327 1544.5382 1201.5143 1176.5013 1547.2334 863.0035 1117.9836 1542.6234 1064.944 1095.8745 1110.9324 1549.7177 965.4551 976.33246 1200.2666 1474.3751 1060.2487 1147.3246 1146.5111 1543.2888 1086.2708 1059.1158 1160.7924 1182.9788 1106.2028 1545.7522 1193.302 906.8222 1549.5001 1181.2672 1089.1016 960.9769 1137.155 963.6918 1547.641 1189.4602 1203.5349 1551.0387 1158.6791 1200.295 1019.0288 1029.7377 1549.3721 1049.6543 1225.5934 1150.0562 1547.6398 1176.6782 1236.7001 1029.2405 1546.7928 1137.298 1184.847 1072.4121 1549.9263 1168.9236 1194.3888 1195.5505 1548.8572 914.86145 1181.5643 1091.3536 1549.849 1546.0999 1127.0049 1012.71643 1212.1154 1549.5656 1195.6998 1122.0759 1188.0046 1185.0775 1549.4082 1004.0531 1089.626 1175.0137 1550.5768 1162.9469 1217.5771 1548.5355 951.1216 1208.8776 1184.8181 1110.5658 1052.1439 1549.278 1181.9229 1169.9216 1069.3318 1059.87 1549.9119 1543.8416 1067.5289 1003.34546 1150.3417 1041.1896 1545.391 1193.0275 1181.0629 1200.3802 1141.8375 1550.4036 1101.5145 1191.4688 1045.0814 1548.9622 982.6461 1033.1478 1174.5153 1104.1881 1551.8373 1118.2977 1196.2012 1550.12 1127.7106 1555.1926 1191.1438 1044.3635 1112.9707 834.50354 1325.4838 1563.325 1099.7429 1130.2534 997.1137 1163.4556 1549.7308 1087.94 1017.1572 1045.6393 1520.402 1509.5039 1176.6539 1008.0447 813.55786 1104.0205 1093.491 1105.0676 1520.2385 1184.7953 1052.2809 1067.2489 1549.6948 1033.9705 1164.9316 945.2561 1541.7437 1550.0443 1194.8207 933.8804 1059.0715 1550.0916 1160.766 978.12537 1082.7804 1542.5685 957.47705 1171.5153 1215.0684 1020.3939 964.8882 1549.2471 1215.7269 1113.8495 1547.284 1198.8519 1181.9445 1191.6185 1549.4784 1018.6711 1175.1486 1551.9999 946.80756 1181.3986 1177.6278 882.02515 1074.7678 1140.4061 1508.0981 1043.3959 1180.5635 916.5483 1550.7043 1188.2186 1098.6488 1038.3324 1549.4292 1027.6628 992.2751 1044.469 1542.0507 1206.1099 1204.3881 1551.978 1055.095 1550.7463 1109.0605 1196.7311 1015.7079 1549.9122 1199.4855 1069.1654 1086.9253 1220.3896 1173.6235 1089.4044 1520.8452 1549.0021 1177.8331 1169.705 1057.7399 1188.2333 1091.8883 1548.5463 1198.9678 1549.3474 1130.4355 1126.5696 1180.4331 1197.1056 1167.3644 1540.4789 1083.262 896.92163 1546.2655 959.4656 1161.6115 1087.1454 1145.9279 987.61707 1549.5227 1064.946 1196.1377 1547.585 1144.8457 1550.8143 1197.8164 1079.1709 1119.5239 962.4202 1546.5303 946.61426 1210.8378 1171.7827 1172.909 1059.6447 1548.458 1551.8364 1020.98456 1180.7247 1184.4448 1207.917 1535.9264 797.0136 1061.5447 1548.1527 1198.4478 941.938 1186.7905 1063.4531 1096.773 1549.0989 1156.2034 1487.9418 1142.7136 1071.3772 1009.47375 1192.5509 1052.9202 1548.8877 1022.5449 1533.8378 1166.1384 1085.0247 1034.1836 1547.4838 1158.9653 1043.8062 1015.4885 1548.6104 865.5202 1176.4137 1037.3647 1122.8022 1096.4768 1239.0277 1547.8085 1212.2781 1218.3986 1514.809 1088.6771
 147 1118.3414 1146.6045 1538.3792 1175.1139 1538.7949 1057.8239 1179.5178 1205.4598 1048.2198 1207.4327 1541.7773 1192.5236 1238.7339 999.011 1543.9231 1174.9441 1033.0713 646.9986 1134.6891 1545.987 1046.391 1249.3473 986.39557 1569.9908 1088.7808 1200.229 1077.9872 1544.0396 937.7057 1544.4285 1163.0765 1163.826 1161.3018 1543.799 1073.889 1172.7675 1052.2712 1182.8191 1548.0143 1145.0271 1543.6416 1088.6204 1197.1261 953.8505 1171.9542 1134.7522 1157.7992 1539.9059 920.50256 884.7108 1540.591 1201.4482 1163.2317 1546.7649 842.4487 1008.9393 1544.6603 1043.2618 890.83325 1053.9012 1536.461 937.4847 712.91895 1162.2522 1553.8451 1071.4751 1204.3883 1159.4363 1544.7399 1069.3323 1001.6802 1152.7421 1163.4775 889.01086 1556.4081 1167.3596 910.9236 1544.2639 1158.0542 874.1337 912.9146 1124.7319 956.4497 1545.4679 1171.2256 1202.9916 1548.4475 1139.8649 1187.0295 1015.1772 1023.17487 1538.252 1045.7113 1234.5834 1147.7102 1542.5178 1170.3153 1259.0878 1009.588 1544.9923 1134.5701 1174.2466 1068.3892 1543.0317 1166.0769 1192.0754 1186.0347 1543.8789 793.6063 1146.5729 1085.3883 1547.8992 1546.621 1107.4984 1001.0887 1033.4712 1540.441 1194.5535 1118.1089 1177.7518 1160.6058 1547.7914 984.31665 950.47217 1158.4653 1550.2697 993.9221 1206.9921 1540.7177 943.141 1201.2468 1188.5795 1109.7529 1049.755 1538.4851 1169.79 1181.8882 1071.9382 1059.5032 1544.477 1543.2692 920.3468 998.74335 1141.926 1031.1213 1545.6777 1163.6405 1172.1785 1181.3052 1021.1794 1548.477 1108.5596 1180.7443 1033.4762 1539.1658 980.13257 1013.0778 1149.5504 974.2259 1547.9586 1117.1045 1189.6984 1547.5803 1124.3567 1542.6514 1188.0397 1014.8327 907.4345 835.9047 1346.0885 1549.0428 1089.121 1128.119 983.27747 1053.7101 1548.5691 908.8552 994.72253 1071.622 1545.7957 1549.8369 1058.2104 1011.265 793.7896 1138.5879 1112.0769 992.211 1538.1433 1175.1279 1049.6774 1061.6208 1545.6666 1030.516 1160.0393 942.8587 1544.0616 1543.8702 1185.0776 927.94934 1050.9675 1547.1829 1112.7053 928.9477 872.1997 1534.5767 958.7008 1168.6747 1234.3291 1010.7979 951.7355 1545.5376 1195.3329 1113.3356 1544.4412 1207.8293 1187.7224 1189.5547 1542.8481 940.25885 1161.289 1548.3455 909.8284 1170.8982 989.7288 899.0696 1090.7379 1188.058 1547.9695 1041.5927 1171.7871 912.7373 1545.0901 1176.2073 1004.98553 1022.4997 1546.3317 1017.19446 987.22046 1042.1008 1543.9469 1173.0714 1194.5868 1544.0237 1048.0671 1540.1237 1104.8402 1184.7462 1011.4073 1546.9523 1178.9762 1041.5258 968.2299 1191.2721 1170.4125 910.8204 1542.6068 1547.8407 1170.6477 953.2874 967.2581 1180.8383 1088.6953 1547.8636 1089.1118 1546.679 936.18054 1134.7892 1177.4421 1196.6614 1169.643 1543.9299 1084.4626 886.2161 1541.2999 892.87885 1154.6458 1084.4934 1142.4807 999.14417 1544.6694 1021.8873 1164.2604 1546.7006 934.01605 1544.5347 1193.801 1075.4563 1115.6702 940.3672 1544.7551 934.0146 1160.2794 1165.8923 1163.9501 1054.0096 1544.6584 1545.6465 1014.07874 1161.0035 1172.9552 1216.9044 1544.6465 795.4822 1070.4037 1538.9232 1197.1228 940.08453 1175.0868 945.9703 1083.0273 1547.663 1150.2288 1554.1802 1163.0405 1045.3544 845.6491 1184.3726 1015.12036 1539.4148 1021.6335 1545.9456 1165.3755 927.79974 1022.12775 1547.5208 864.87024 1051.2988 916.4532 1552.058 861.7873 1169.47 1032.7638 1138.5007 1173.0004 1262.9875 1542.0991 1221.851 1241.4685 1544.9656 940.7391
 148 1118.1305 1146.0773 1538.3165 1173.5676 1537.8424 1056.2528 1177.2368 1203.805 1046.5686 1205.3755 1538.5438 1189.9447 1236.5226 996.53754 1538.5739 1172.5449 1027.3563 624.0048 1130.899 1538.7378 1046.1522 1230.2083 976.4087 1535.0149 1086.3536 1196.5819 1074.6633 1538.8766 935.6255 1538.2682 1159.3215 1160.1548 1158.2716 1538.3077 1070.808 1169.2666 1046.5892 1178.552 1540.2046 1135.9736 1538.8763 1084.5424 1193.9967 937.1494 1170.7543 1133.6973 1156.3533 1538.5233 918.3501 882.31824 1538.8262 1198.7883 1157.9729 1538.0459 838.39984 995.6193 1538.1746 1038.3582 869.32294 1046.2357 1537.995 934.9793 686.8584 1159.4076 1540.4105 1067.9347 1202.2018 1154.8363 1538.7072 1065.6785 994.1026 1148.3358 1148.0627 852.3074 1534.6118 1167.3431 908.6834 1538.6893 1153.1603 851.6465 906.5887 1120.6908 952.76654 1538.991 1167.2662 1198.2743 1540.2407 1137.1512 1185.8351 1014.5483 1022.6003 1538.1609 1043.0695 1231.7578 1144.8835 1538.6858 1166.724 1255.7474 1005.3083 1538.483 1131.8406 1171.1411 1065.6431 1538.8102 1162.8303 1188.6052 1182.4867 1538.7302 783.7712 1144.5204 1080.71 1536.9631 1538.1616 1102.0254 996.5809 1013.32227 1538.5552 1192.8362 1116.3558 1175.6307 1154.929 1539.1349 979.1104 935.3722 1151.4863 1539.4152 974.1606 1200.554 1538.3533 941.0013 1198.8937 1186.2319 1108.9814 1049.061 1538.8243 1168.264 1180.8776 1069.5762 1056.983 1538.553 1538.6809 904.18286 995.9439 1138.5232 1027.1245 1538.8531 1156.6063 1167.958 1175.1089 1006.0286 1539.142 1104.0314 1179.248 1032.1674 1538.5437 979.1697 1008.2092 1143.7183 960.044 1538.8632 1112.5863 1185.1245 1539.5049 1119.5608 1538.9167 1186.1472 1010.31555 886.81885 832.35114 1340.1904 1539.38 1083.5725 1123.231 978.7233 1039.1163 1539.5347 889.77484 988.2823 1071.568 1539.1776 1538.2119 1040.269 1006.8787 787.42114 1139.6113 1112.296 980.26245 1539.4983 1171.0421 1046.082 1057.0134 1538.3898 1027.2235 1157.1769 940.4143 1538.6968 1538.7944 1181.773 925.5752 1047.7489 1538.884 1105.1936 921.3077 851.9829 1538.3724 957.5787 1168.1218 1234.8733 1006.7958 948.0585 1538.77 1190.0131 1110.1409 1538.6375 1204.9042 1185.3083 1186.9602 1538.6509 931.14905 1157.764 1538.5156 902.94617 1165.3844 968.83154 898.3171 1089.1045 1189.0132 1539.7762 1038.9692 1168.7218 910.56775 1538.7704 1171.7195 994.9339 1018.4723 1538.6288 1013.6033 984.1601 1038.934 1538.5271 1167.454 1191.3948 1539.0546 1045.1146 1538.697 1103.1951 1182.3048 1009.57184 1539.1111 1173.3375 1035.3009 954.42865 1186.0115 1166.2751 892.4444 1539.346 1538.8953 1165.1012 932.5461 957.0144 1176.3792 1083.6177 1539.0985 1074.4386 1538.32 914.24567 1131.3535 1174.0192 1193.9089 1167.4808 1538.6532 1082.4238 884.07886 1538.6157 885.05133 1152.5066 1081.5894 1140.1978 998.3705 1538.5868 1015.1679 1157.3068 1538.1802 911.5687 1538.7378 1189.9777 1073.4598 1113.0792 936.09 1538.4613 930.27734 1152.6074 1161.7207 1160.4204 1050.8115 1538.5554 1538.5961 1010.73285 1156.7264 1168.8212 1213.9604 1538.6027 793.80896 1069.7491 1538.1929 1195.6938 938.7698 1172.8264 931.19794 1077.9133 1538.8124 1145.4292 1538.8768 1151.1719 1042.3652 829.95667 1182.6044 1009.9089 1538.2877 1020.3639 1538.2657 1161.7133 909.6724 1017.85626 1536.71 839.76654 1048.4279 906.40393 1538.0149 858.2003 1162.9249 1027.8839 1137.9347 1178.2344 1262.0579 1538.73 1217.3633 1238.7576 1539.4097 924.24646
 149 1124.5125 1152.3506 1547.9897 1179.7488 1546.1282 1064.7766 1186.0118 1212.7521 1048.6053 1210.197 1545.1488 1194.9329 1240.209 1000.75586 1543.3099 1175.6082 1088.4417 1113.9998 1125.5294 1533.2363 1103.2361 1232.583 1200.5424 1537.0641 1090.1312 1201.5643 1078.0125 1543.2502 940.3324 1542.5259 1165.7217 1167.264 1161.9148 1543.2587 1078.1667 1173.5198 1049.3398 1182.2673 1542.0012 1143.3716 1543.164 1090.5731 1199.7987 941.6381 1176.8102 1137.7233 1164.2947 1547.2051 927.1148 885.4832 1549.3141 1203.7415 1160.9136 1537.362 873.1891 1212.8445 1538.8984 1053.9641 891.30597 1225.6133 1546.884 940.97174 690.62555 1166.0208 1542.883 1075.0856 1235.6927 1161.4457 1535.9119 1109.6633 1215.5195 1169.5547 1169.2319 1170.7239 1533.9818 1223.0142 910.9119 1543.5956 1158.726 854.901 1149.4268 1187.6034 969.7782 1540.734 1184.1421 1204.1586 1547.9872 1158.9803 1192.5017 1020.99615 1027.4232 1545.6626 1050.8484 1240.2745 1150.9099 1544.2078 1175.406 1262.8313 1224.2393 1541.4574 1137.7716 1178.4988 1073.9678 1543.8427 1167.131 1193.989 1186.5249 1544.2396 1091.405 1227.6777 1108.3196 1533.1083 1535.6583 1131.7449 1019.6175 1247.4135 1546.8191 1199.0698 1122.2615 1182.33 1194.3636 1536.6108 1013.783 1162.0211 1216.7585 1539.7373 1171.8868 1214.3191 1544.0977 949.2405 1206.0564 1193.1711 1115.913 1055.7434 1550.5686 1176.495 1233.5636 1081.0378 1083.1647 1537.8861 1541.5364 905.5618 997.54675 1141.0674 1040.3483 1537.854 1244.5928 1177.8142 1175.1484 1191.938 1539.8386 1102.4448 1187.7543 1039.8174 1549.9895 987.60675 1019.6747 1181.5453 1185.1521 1542.3629 1115.1023 1191.0586 1540.7892 1123.1562 1544.8967 1189.726 1016.5678 891.5408 847.72797 1381.0643 1537.1715 1086.2662 1126.4384 975.2408 1200.779 1536.961 1202.8993 1007.6914 1088.835 1540.6361 1532.4939 1215.0648 1032.6593 814.9815 1148.0889 1120.7406 984.8546 1544.9056 1175.04 1047.5889 1059.3124 1539.625 1038.3987 1256.6354 965.31476 1542.1189 1543.8965 1189.0261 932.01886 1055.5371 1540.0107 1127.8596 957.2785 1048.9905 1554.9052 963.2024 1177.209 1242.1748 1022.3845 969.6304 1543.2573 1237.4801 1126.2349 1541.3522 1219.7139 1238.6761 1188.786 1543.9774 934.21735 1161.6481 1531.0437 960.5977 1162.6864 1274.1725 924.5107 1110.8702 1248.9203 1538.604 1042.8813 1171.9012 917.4126 1540.8566 1181.847 1176.3494 1054.049 1539.397 1156.3995 1022.43146 1057.7656 1541.157 1170.5701 1194.3672 1541.6932 1049.0461 1545.5359 1112.2264 1190.533 1016.3081 1529.0975 1128.5599 1063.0692 1273.7809 1152.1976 1256.8422 1224.1001 1535.7352 1538.395 1196.4799 952.3464 1136.6412 1184.984 1095.8644 1540.5103 1243.4873 1536.6635 927.4595 1143.7075 1250.1279 1201.0709 1232.4095 1538.0266 1087.4716 889.2474 1543.3071 888.4029 1154.9058 1091.8894 1172.4424 1145.5643 1541.4955 1071.0509 1201.3956 1531.4305 1153.9114 1545.005 1198.4033 1077.6443 1121.6779 985.5234 1542.2103 972.598 1303.9164 1274.248 1193.8765 1072.7877 1540.15 1539.6217 1025.8257 1218.8923 1175.0767 1235.4158 1545.3241 831.06256 1198.1108 1546.1282 1202.3365 948.8652 1180.2045 1158.5775 1105.8684 1535.1864 1146.6733 1536.438 1192.2307 1090.4019 1116.4464 1187.6576 1013.5028 1545.3042 1024.7625 1534.9128 1171.2452 1164.0624 1054.5258 1542.6382 1216.217 1010.21967 1007.32074 1541.2045 862.9233 1169.486 1035.0457 1141.0328 1180.301 1265.1049 1542.097 1241.6652 1207.7518 1536.6128 1226.6013
 150 1144.06 1168.6193 1574.5503 1213.4968 1576.5143 1079.7438 1203.3903 1213.1935 1061.0713 1214.1807 1576.4602 1211.4987 1198.3099 1005.1943 1577.9323 1178.637 1116.2726 1222.7112 1144.189 1577.5575 1253.3641 1235.9031 1223.1139 1578.9034 1105.8555 1221.2855 1096.9938 1574.5413 957.40216 1576.0637 1236.3816 1183.8896 1183.7357 1575.6306 1102.3174 1234.2457 1071.7998 1192.8641 1576.487 1260.4009 1572.8943 1108.3921 1218.3279 955.71387 1193.7233 1153.4507 1182.6343 1574.7631 931.8513 889.1572 1577.7927 1204.738 1179.4287 1577.2782 872.8552 1190.3761 1577.7313 1070.9243 901.01526 1188.1942 1576.128 952.3286 699.90814 1204.7524 1578.4624 1091.924 1190.9897 1176.7532 1578.6907 1121.6705 1178.159 1185.6492 1179.813 1208.6666 1575.724 1198.8843 927.49176 1575.7854 1176.7549 868.9323 1202.614 1216.0052 987.741 1575.7626 1200.8898 1223.1567 1576.488 1173.8151 1210.1764 1034.9783 1042.6327 1573.053 1063.9646 1190.4303 1158.1732 1576.6927 1192.3947 1195.1857 1189.7081 1579.1082 1158.1967 1212.328 1093.7902 1577.0004 1186.375 1229.0519 1207.2899 1575.4429 1144.6487 1206.635 1123.183 1577.3762 1578.0005 1143.5482 1032.609 1209.0796 1576.0424 1221.7615 1138.845 1198.9987 1217.64 1576.4601 1035.7915 1213.3843 1038.255 1580.4901 1214.944 1220.6421 1574.4934 963.2764 1219.1259 1216.0299 1133.6068 1069.6155 1577.2246 1212.6864 1218.6747 1097.1439 1089.3323 1575.8792 1576.2771 919.82874 1013.6491 1159.87 1052.8915 1580.5958 1203.8403 1195.1589 1204.7137 1213.3207 1578.7933 1112.8982 1236.5067 1059.1545 1577.0691 1010.0749 1037.2556 1221.93 1213.2722 1576.3772 1132.7544 1221.9108 1571.5264 1141.1421 1572.6957 1214.8823 1029.096 901.6158 849.9154 1362.3936 1582.302 1109.5648 1146.5164 996.2598 1210.859 1575.0231 1170.22 1018.3668 1112.8875 1577.314 1578.8258 1210.599 1050.0231 829.9592 1266.6068 1180.0958 989.0784 1574.8925 1209.9727 1068.1792 1084.0808 1574.9199 1051.9435 1212.3975 966.1858 1573.9172 1574.9994 1212.2233 945.72845 1070.8231 1578.0686 1211.1349 997.1705 1103.0114 1579.7996 960.8441 1180.6847 1205.7054 1019.05005 949.8583 1576.1394 1178.1312 1136.987 1577.1727 1202.4764 1227.01 1223.5212 1575.7736 947.5844 1179.9623 1576.7441 962.0261 1183.3116 1217.5435 931.94916 1122.7711 1232.8792 1577.8694 1056.7673 1186.4587 925.9019 1574.593 1201.8301 1211.9309 1074.8911 1575.4146 1195.0096 1042.3064 1076.8635 1576.5876 1224.6782 1211.3212 1571.0361 1065.6455 1574.4866 1129.3418 1214.3134 1030.2208 1579.762 1177.9146 1071.3705 1128.1569 1156.5887 1162.7035 1154.1719 1584.3789 1575.5397 1216.2518 971.14404 1185.7239 1202.7323 1110.6893 1575.4542 1204.9352 1576.7441 941.5537 1160.357 1234.3993 1211.2576 1220.3132 1577.963 1098.6637 899.5452 1577.4208 894.6746 1172.1533 1108.6473 1189.2661 1181.7465 1576.6888 1091.8031 1208.4727 1575.8702 1216.0178 1574.9845 1220.153 1094.4034 1137.4426 935.4305 1579.3494 934.8958 1127.702 1195.3384 1190.2295 1079.4324 1579.8618 1575.7084 1035.4009 1220.3372 1231.0916 1196.7054 1577.6093 839.8023 1206.5751 1576.0548 1220.4142 963.07806 1197.516 1218.6573 1128.0469 1574.3301 1167.6516 1575.5057 1174.0994 1215.7216 1191.9712 1214.8505 1027.5918 1576.6864 1041.146 1575.8214 1212.1758 1223.7269 1075.6536 1577.4097 1211.9965 1026.0764 1019.5712 1576.2361 874.07574 1187.5569 1050.3007 1160.0831 1190.7953 1183.7598 1577.904 1166.5244 1216.263 1576.1732 1201.7731
 151 1125.1766 1149.0859 1539.9703 1197.1221 1539.4207 1058.9701 1180.1152 1186.6586 1042.271 1191.1617 1539.3396 1189.7969 1170.4414 986.4844 1538.1483 1162.4047 1097.7135 1204.6293 1123.4984 1538.6459 1261.6852 1209.4594 1199.1638 1538.4421 1089.4907 1199.0907 1075.1582 1540.0701 947.2074 1538.2366 1225.5475 1163.5684 1165.8778 1538.5214 1085.2748 1220.2242 1051.2129 1170.1238 1539.0737 1262.8699 1539.794 1087.1664 1197.9717 938.34106 1172.1191 1133.1318 1159.0842 1540.0972 916.3588 874.32623 1537.8896 1187.6752 1156.8207 1538.5071 855.74994 1158.4578 1538.2814 1051.0826 883.47766 1156.6797 1538.9658 934.8369 693.1098 1186.1064 1537.9846 1073.5029 1155.9626 1156.5723 1539.8297 1101.876 1145.2268 1160.5901 1159.3342 1179.1187 1539.4491 1168.9052 909.4056 1539.293 1155.2737 852.9736 1184.8158 1198.806 967.88385 1539.3684 1179.8872 1200.0851 1538.7356 1155.888 1188.4354 1016.21063 1026.5042 1540.221 1043.4081 1153.25 1130.341 1539.7902 1171.9886 1155.3196 1153.5018 1539.8002 1137.0205 1194.2227 1076.1046 1538.4928 1165.3972 1207.1787 1185.3953 1539.3405 1124.5433 1183.9866 1104.9766 1538.665 1539.2568 1122.6833 1013.7119 1170.6554 1539.4764 1202.5726 1119.1053 1177.8533 1198.4034 1538.808 1017.7777 1198.1149 981.77686 1538.2643 1191.2297 1193.5171 1539.8492 947.887 1198.9144 1196.2787 1114.5336 1047.2999 1537.9124 1195.1481 1194.5955 1077.4578 1066.7325 1539.106 1538.7837 905.0399 995.08093 1140.3605 1031.4436 1538.6858 1166.1161 1171.5002 1177.8088 1186.2704 1538.0818 1093.783 1217.0336 1037.1675 1538.5117 989.3763 1017.29834 1203.8582 1187.576 1538.9382 1113.8756 1204.7997 1540.0896 1120.9261 1540.4338 1198.027 1011.5843 886.77246 827.94385 1314.9265 1539.714 1085.4377 1126.917 977.9242 1182.2976 1539.7881 1130.3346 995.08844 1100.6312 1539.237 1539.0808 1175.4688 1030.9928 813.32385 1270.3804 1176.7772 973.4711 1539.9989 1192.7415 1050.5239 1061.2247 1539.0463 1032.3638 1181.6624 946.9212 1535.5182 1539.5658 1193.2844 931.36304 1051.275 1536.0997 1203.4824 982.6009 1090.4001 1539.1359 944.0113 1157.6917 1174.6354 995.91943 927.71686 1539.5441 1144.116 1113.8949 1539.677 1173.5103 1197.2247 1207.3806 1539.1099 931.7062 1159.358 1540.6437 940.66205 1160.9446 1173.9 914.9915 1102.7908 1205.5865 1539.148 1042.2711 1170.5725 913.6047 1539.8063 1181.2611 1192.0142 1056.4993 1539.2612 1170.3501 1021.9194 1055.8339 1538.4426 1213.5251 1193.5948 1540.3046 1049.9681 1540.005 1108.6149 1195.9012 1014.5365 1540.7057 1167.444 1048.0674 1062.7958 1142.405 1108.0763 1105.3004 1539.0397 1539.0713 1198.7678 955.49316 1168.7537 1181.0881 1087.1509 1539.9376 1167.4989 1539.4346 922.1152 1137.0238 1205.9662 1191.5874 1193.8405 1538.6719 1084.5219 885.2783 1538.2573 884.116 1150.6602 1091.3727 1173.0568 1164.6414 1538.5647 1075.032 1184.447 1539.3186 1196.2144 1539.8325 1199.967 1076.1648 1117.9775 904.5573 1537.3849 904.31445 1069.5979 1153.5481 1165.5271 1058.1758 1537.5883 1538.9597 1017.03815 1198.8411 1217.6166 1165.6135 1538.196 824.7207 1185.1664 1539.5494 1198.1334 940.51337 1177.172 1195.4548 1109.1309 1539.2709 1148.5769 1538.789 1144.6758 1217.2848 1179.2928 1196.7441 1008.5708 1538.9493 1026.45 1538.5295 1198.6901 1202.8489 1061.3867 1539.2352 1174.4442 1004.8879 997.24316 1539.0212 859.88916 1165.3916 1032.3367 1136.3529 1168.1226 1142.8733 1540.0164 1126.3729 1192.474 1540.1031 1164.9504
 152 1118.8804 1143.476 1528.6086 1191.469 1537.3633 1056.9042 1178.3618 1184.6449 1038.6681 1187.6047 1531.5645 1186.0906 1171.356 987.3447 1542.8119 1163.2832 1078.4692 1028.1746 1121.3468 1531.2991 1250.6785 1206.5743 1144.8042 1535.6943 1090.3298 1199.7068 1076.2222 1541.8132 946.885 1544.7797 1226.5131 1164.9429 1165.9629 1541.0055 1084.9194 1220.5929 1052.3073 1170.669 1542.0309 1262.7847 1546.7391 1089.33 1200.2893 941.75995 1170.368 1131.3759 1157.4878 1537.7329 915.1259 872.2617 1535.82 1186.0728 1150.4309 1531.3011 845.45026 1099.1119 1537.8677 1048.27 880.4268 1136.9829 1533.9517 931.26245 692.3336 1183.8354 1540.031 1073.5502 1169.9332 1157.9246 1532.6794 1080.3273 1051.6702 1146.5413 1156.5632 1156.4967 1537.0859 1161.648 910.2477 1541.5591 1155.2327 853.4167 1063.8176 1161.0951 955.01843 1529.6891 1180.1771 1201.2991 1541.4865 1156.6953 1185.2205 1012.71704 1025.1366 1535.0454 1042.6765 1151.4757 1129.9423 1540.3622 1165.5024 1160.7548 1086.6837 1528.9287 1133.5908 1190.885 1073.4508 1530.3442 1163.7101 1204.618 1183.4977 1535.8433 981.1114 1166.6501 1101.6917 1544.7095 1541.1633 1125.7877 1015.6638 1194.9849 1534.8977 1200.0297 1116.8333 1175.3168 1190.9631 1536.1432 1011.90485 1161.591 984.28864 1540.7938 1214.3229 1194.4889 1536.2134 947.4997 1196.3787 1193.4868 1110.8684 1041.3198 1529.8319 1192.2816 1178.7274 1071.0977 1059.0536 1537.9132 1539.2222 904.6655 994.97034 1140.5568 1029.7048 1537.689 1163.8912 1170.6007 1179.7206 1193.0677 1539.5778 1092.8564 1213.0214 1034.0858 1530.6611 984.0107 1007.7071 1198.2239 1147.9584 1535.7506 1116.7932 1208.759 1547.0397 1124.3647 1535.2173 1195.4703 1009.2352 884.5681 832.9828 1336.4928 1542.4327 1086.0499 1105.4237 966.2901 1162.0454 1539.3501 1045.5929 986.1652 1092.6924 1533.1765 1540.7173 1189.0311 1033.2728 815.58765 1269.419 1173.6855 974.35034 1535.2689 1196.3328 1054.7839 1066.603 1550.0377 1031.4724 1176.0624 944.7191 1538.9076 1544.4106 1190.0267 937.1023 1048.8007 1537.2672 1201.2776 979.42737 1076.4059 1513.8586 939.79565 1149.0892 1165.5394 1002.6046 940.19293 1539.546 1172.6123 1113.4124 1539.0427 1173.2283 1198.3376 1206.8473 1538.42 930.7859 1158.6147 1544.3198 950.8756 1161.6284 1223.4099 906.8269 1097.6066 1181.178 1535.8657 1043.1855 1171.0323 913.61456 1544.9569 1178.3812 1154.2228 1049.1144 1536.6317 1033.9695 982.0683 1038.3486 1530.7212 1210.5402 1192.3458 1536.906 1047.7645 1537.8748 1106.6571 1194.6697 1013.0438 1536.7926 1172.4435 1043.2324 1025.7537 1142.0272 1109.2249 1113.0731 1539.1224 1534.723 1190.2836 947.0607 1096.2903 1179.6094 1085.69 1538.4084 1161.8915 1537.6207 918.57446 1133.4 1188.3843 1189.7256 1177.4767 1537.215 1083.29 884.9256 1539.7238 883.3862 1150.926 1079.1311 1139.0953 1025.8734 1532.633 1069.6781 1180.7834 1537.6893 1181.1733 1543.7968 1201.1439 1077.5475 1119.3938 943.24963 1541.7896 933.1119 1164.6617 1149.5388 1164.3005 1056.3871 1536.2705 1538.5007 1013.38684 1186.7749 1215.2421 1153.9619 1540.0564 812.86536 1125.462 1537.9855 1196.9153 938.22034 1175.9956 1170.5458 1104.6914 1536.2969 1146.4742 1536.0372 1122.6074 1205.4657 1090.2041 1195.3679 1005.9788 1535.2456 1025.2552 1535.1221 1197.4062 1167.1886 1056.2592 1539.34 1177.7583 1005.09045 998.5367 1546.4083 859.90686 1166.1249 1034.3945 1126.3398 1136.4862 1136.5605 1535.1027 1126.0614 1191.1512 1539.8112 1174.7083
 153 1151.2499 1150.0378 1538.4543 1370.1306 1539.113 1080.708 1366.2925 1224.8303 1059.6133 1242.7924 1539.478 1356.5769 1246.5984 1037.1884 1537.7079 1421.3999 1076.3882 925.8988 1383.5201 1541.9476 1283.2595 1370.8848 1110.2704 1540.659 1113.9149 1331.304 1098.308 1540.0404 992.49774 1539.2878 1231.8225 1399.1484 1173.8052 1537.451 1095.1973 1224.3643 1082.1061 1357.7454 1539.9076 1232.5437 1540.3931 1105.3689 1328.7563 934.66943 1175.7904 1137.6714 1162.6368 1539.3175 924.832 887.7453 1537.5117 1203.5671 1373.9401 1540.8234 961.1241 1080.1068 1536.8163 1054.4988 888.0837 1133.2103 1539.2148 926.9483 730.82416 1335.8425 1539.6609 1085.2101 1221.534 1365.6995 1539.4554 1094.9395 1014.50214 1369.1616 1372.3596 1167.8793 1539.4368 1215.9393 907.2563 1540.2274 1365.6769 869.80566 1056.7382 1357.504 968.77344 1538.9716 1367.5925 1216.2983 1540.0223 1159.1477 1340.5448 1055.7542 1023.5839 1538.6521 1050.3683 1164.272 1134.2115 1538.3234 1363.7966 1183.303 1050.1295 1541.8887 1149.7097 1393.0568 1119.7913 1539.5139 1182.5912 1239.051 1357.652 1539.4408 867.2664 1229.7811 1413.4303 1543.2068 1537.5743 1134.6102 1025.0098 1227.3345 1539.4943 1217.4553 1145.7872 1363.7913 1364.8712 1539.1812 1066.3939 1203.1377 1000.3164 1540.3457 1247.1144 1328.987 1539.3531 990.88116 1331.7289 1245.7611 1140.731 1067.1395 1540.0145 1386.0111 1378.3842 1114.752 1126.7722 1538.727 1535.7959 911.7125 998.1654 1142.9712 1094.448 1539.3239 1195.3163 1375.4677 1351.0714 1228.2861 1540.6178 1083.5243 1222.2291 1047.6315 1538.6877 994.6344 1006.01135 1202.7981 1126.9546 1539.1819 1116.2303 1220.2924 1541.6813 1126.3735 1539.0621 1345.8224 1004.7325 877.3769 851.4336 1407.9006 1540.2173 1079.7892 1132.8435 980.85187 1186.108 1540.0183 1007.01917 962.38086 1420.0619 1540.08 1536.5005 1208.099 1038.5583 824.35236 1358.4752 1390.5588 1014.0368 1539.0902 1375.2181 1081.4224 1111.3574 1539.8254 1027.3317 1404.91 1016.75085 1538.2623 1539.704 1350.7529 1003.85443 1088.3546 1539.5133 1414.7268 1050.3667 1121.4802 1537.9352 1020.1235 1396.4006 1262.084 1019.1851 962.819 1539.5902 1213.9344 1160.8217 1539.4855 1219.5411 1389.7697 1251.5527 1540.2639 1012.7194 1368.6603 1540.3885 1010.445 1371.5791 1276.299 960.4101 1146.627 1354.798 1539.2258 1057.8169 1378.198 959.12054 1539.9393 1362.3672 1178.1497 1075.4417 1539.65 934.1529 959.45593 1036.875 1537.3004 1218.2355 1345.3522 1539.5759 1081.9469 1539.4625 1125.0621 1355.7292 1052.5505 1538.9927 1330.3977 1075.4447 1034.5265 1375.8727 1159.7921 1168.7587 1537.4163 1542.6876 1405.986 876.68884 1019.5077 1361.1759 1116.767 1539.4982 1175.2513 1539.1923 947.7656 1163.0841 1370.3217 1201.711 1408.5426 1539.6483 1090.9026 923.75397 1541.0436 889.79706 1412.2369 1110.6674 1361.5996 995.0738 1538.6826 1079.4363 1187.0365 1537.023 1179.1428 1539.3107 1211.8345 1080.8689 1131.4532 981.1017 1538.1692 960.63745 1267.4283 1217.903 1394.931 1088.6027 1538.589 1539.0962 1086.2429 1399.6748 1242.3873 1202.827 1536.1406 894.7508 1419.4382 1539.3665 1224.422 947.7406 1371.7931 1165.5199 1128.0115 1540.2607 1384.1614 1538.7938 1088.4849 1413.45 1053.9851 1365.738 1009.89935 1539.3635 1079.1893 1539.807 1404.5 1183.7057 1054.9633 1538.2887 1192.6595 1008.1319 1001.94714 1540.5674 935.5347 1370.6414 1084.9666 1179.0615 1376.8472 1166.8823 1539.9259 1165.7181 1356.5248 1539.9635 1177.7107
 154 1163.2976 1181.573 1595.7365 1276.2638 1600.9459 1087.5851 1278.8838 1185.3397 1054.1582 1161.4906 1601.7191 1273.5354 1132.4307 1007.58777 1598.6523 1221.706 1094.2122 921.7688 1265.558 1604.7902 1149.7867 1279.7928 1098.0878 1604.4286 1127.1986 1293.7946 1115.7391 1593.0253 963.0249 1600.4933 1199.7218 1262.3627 1188.8849 1594.1912 1096.8546 1202.8403 1087.1 1285.3636 1596.2784 1199.7091 1597.3953 1149.1447 1242.0073 1002.545 1202.8677 1163.0334 1191.3778 1587.6202 929.7388 845.49396 1566.8473 1182.3312 1276.8163 1601.3218 907.963 1086.698 1600.2935 1076.4247 913.67645 1149.1682 1603.0781 956.08765 730.46344 1293.2039 1602.7594 1108.692 1189.6565 1278.8812 1601.2935 1062.0591 1000.9803 1270.8344 1258.9342 1158.0846 1600.0356 1173.5065 936.30035 1602.5873 1279.1144 891.77405 1022.60187 1259.4653 989.6217 1598.3784 1281.7405 1209.429 1598.5667 1184.6404 1287.3297 1055.0403 1046.0857 1593.9272 1073.4977 1232.5391 1173.7637 1592.3323 1276.0385 1195.0065 1075.2837 1602.4287 1163.2885 1265.2896 1102.9446 1595.3246 1203.8044 1185.1511 1284.0616 1600.1348 871.68994 1159.6617 1246.0889 1605.4604 1598.1113 1153.7369 1042.8357 1211.0846 1601.2002 1207.8673 1158.695 1278.5045 1274.3192 1597.8577 1051.0305 1165.6353 1004.63947 1601.6626 1187.5989 1295.6442 1595.9722 978.06415 1276.0665 1157.0054 1154.8499 1032.5499 1604.296 1275.1351 1253.084 1102.8657 1069.9216 1598.5934 1596.061 932.041 1023.53864 1172.1201 1076.8231 1599.2434 1211.5249 1269.3453 1286.1882 1185.9167 1598.1431 1121.965 1209.8513 1016.08484 1597.8921 999.4305 1028.5867 1224.7572 1134.4829 1598.253 1143.7915 1207.4651 1589.0674 1150.4137 1594.6389 1291.9004 1030.5542 910.05817 859.82996 1381.156 1608.2487 1125.8091 1156.2804 1005.72003 1207.3568 1592.5496 999.693 968.449 1293.6555 1600.4875 1595.4873 1223.9503 1064.99 839.0077 1143.5522 1243.521 999.87335 1596.1405 1273.8844 1086.839 1105.1531 1597.7749 1062.8156 1243.1573 977.322 1602.4294 1594.9734 1281.1945 974.1141 1088.3751 1601.8442 1240.4377 1005.63794 1085.709 1604.5554 960.10846 1235.2694 1127.9775 1024.0752 950.69434 1596.1459 1177.8 1151.2162 1600.3749 1180.0679 1261.2063 1165.5131 1602.3663 932.5319 1260.8062 1602.3298 986.0114 1276.1066 1211.3856 945.8294 1110.1772 1279.5288 1597.9463 1067.9612 1261.2374 941.4794 1595.3768 1281.9886 1156.4728 1080.7612 1600.91 942.50275 974.5468 1040.0923 1597.2203 1211.5874 1286.3041 1591.3094 1086.5728 1595.2606 1144.2704 1286.1053 1032.0275 1597.2324 1286.6316 1080.9801 1030.0629 1282.4418 1189.3732 1133.3964 1599.6382 1602.0653 1256.3251 945.75836 1043.887 1281.6776 1128.3345 1596.3107 1226.6709 1600.4824 952.4363 1172.096 1271.1788 1208.3531 1243.1395 1604.9873 1101.1213 908.28186 1608.9958 868.67444 1252.026 1098.3221 1250.8884 961.9611 1599.8182 1092.6506 1230.5531 1595.3884 1197.1345 1590.765 1210.5668 1105.2673 1149.0178 954.15784 1599.38 947.3755 1146.131 1164.814 1242.7188 1086.2245 1599.1055 1598.9102 1045.3221 1240.1567 1174.9222 1180.3484 1606.9165 842.31464 1202.8945 1599.7153 1192.8804 956.06683 1276.9689 1181.5378 1137.2623 1602.1104 1265.2534 1600.9824 1129.6484 1250.9047 1034.7347 1284.2576 1009.5184 1601.328 1066.2151 1606.061 1262.5238 1169.4847 1077.5146 1595.6621 1206.5521 1034.6772 1025.2594 1600.3992 902.8221 1269.3528 1078.3807 1176.8256 1247.2115 1234.0156 1595.7393 1228.629 1291.221 1596.8817 1201.89
 155 1121.9653 1147.3295 1533.9526 1200.8037 1536.671 1033.4347 1214.1012 1133.9321 1014.4592 1104.3186 1536.8059 1202.2312 1080.4352 969.4529 1531.9991 1153.1693 1057.7384 884.54407 1195.8807 1534.7772 1093.3606 1214.9609 1056.4618 1536.931 1105.4406 1265.7216 1078.4801 1553.525 934.7376 1533.4243 1155.2367 1193.0209 1156.2035 1533.211 1060.6395 1157.8905 1045.0813 1230.1481 1538.1746 1143.0724 1536.0201 1104.7358 1204.3292 963.5042 1169.6636 1131.2208 1155.6003 1534.773 905.02234 822.4877 1535.0817 1154.4077 1211.0643 1533.5842 866.22906 1052.5729 1532.8921 1045.1621 911.95764 1124.3341 1536.5089 930.8917 754.78064 1238.5691 1533.5956 1075.7467 1137.7191 1218.6963 1536.8639 950.7577 965.0483 1201.3295 1194.1896 1085.5283 1535.9098 1120.5397 903.2209 1536.8846 1215.7568 880.15283 984.5174 1202.7832 956.00256 1537.61 1221.7147 1164.3074 1534.9564 1154.9998 1225.3751 1017.6444 1018.444 1537.9778 1038.8667 1165.3721 1128.1162 1534.7466 1218.3508 1126.0724 1038.3599 1534.2094 1127.2383 1201.0778 1066.103 1535.7543 1164.1371 1121.0383 1219.5134 1532.3019 837.8315 1116.2712 1167.5247 1535.2192 1533.9868 1120.8761 1012.5233 1161.1835 1536.9305 1166.4965 1120.4993 1213.2708 1214.8252 1536.878 1011.32745 1110.6022 970.6634 1536.7308 1127.9132 1242.2502 1537.2052 936.8838 1222.7283 1065.7583 1116.7617 876.73944 1533.8655 1204.9944 1187.648 1057.4694 952.9297 1535.3761 1534.1708 908.7572 992.67914 1139.6084 1030.8943 1536.4663 1169.8821 1186.4297 1228.2844 1115.0249 1537.3628 1089.0007 1149.8864 852.57306 1532.5558 943.7327 993.65356 1185.4371 1076.4838 1534.304 1113.0186 1168.1451 1536.8096 1116.9464 1538.6887 1240.4023 1005.13617 910.2932 840.66833 1372.7797 1539.7749 1084.037 1116.0057 971.79443 1139.1812 1535.9076 962.867 940.6277 1220.7401 1537.1927 1533.9822 1181.259 1034.79 812.93317 1071.7117 1181.357 966.9535 1538.2699 1212.5043 1052.0593 1058.4518 1535.1083 1029.9161 1158.0863 932.7523 1533.3341 1535.5856 1226.8713 939.0691 1052.6572 1536.403 1168.5513 960.95306 1039.0729 1536.3151 915.04926 1144.3252 1058.4828 974.9834 896.26965 1535.3292 1088.8699 1102.7349 1535.9872 1126.3762 1170.6603 1110.0055 1535.7603 796.15594 1187.2573 1537.6849 946.25464 1210.4081 1152.9884 903.89764 979.15 1222.3907 1535.5153 1041.1735 1205.6019 913.45166 1536.0542 1220.716 1097.6062 1041.6094 1536.2595 902.8571 937.39014 954.63684 1532.8667 1156.2947 1237.4646 1538.5995 1054.3643 1537.2366 1106.0135 1230.3069 952.4997 1537.1925 1230.8496 1037.877 978.2916 1216.2518 1146.8234 1042.896 1535.5156 1536.2354 1191.507 941.02795 1023.3667 1222.8342 1087.4459 1536.424 1194.7129 1535.405 906.0633 1130.1378 1211.4005 1168.6162 1154.6117 1533.1193 1072.978 871.61066 1534.7423 803.3511 1172.5541 1013.0617 1194.6713 928.5691 1535.4984 1061.9119 1198.2976 1534.1693 1150.5161 1535.2659 1169.9233 1075.5266 1115.547 901.7388 1533.7174 902.14044 1043.7134 1113.19 1163.958 1048.9395 1534.6544 1535.6545 1002.8865 1158.1638 1128.3655 1138.4652 1531.4398 799.66644 1111.5348 1536.9756 1143.5234 896.2009 1215.4891 1116.6353 1098.3282 1536.5714 1196.5682 1535.6309 1096.0226 1182.206 999.35376 1215.6614 906.07324 1542.3734 1020.04626 1533.7052 1194.5867 1106.144 1047.8466 1533.7114 1140.6425 998.0295 985.6557 1535.3871 868.4667 1204.4154 1041.7308 1125.0463 1150.7249 1200.8971 1535.2487 1192.2074 1235.0055 1536.6495 1131.7496
 157 1134.2439 1160.1733 1554.4784 1210.9498 1552.6582 1050.2561 1220.6162 1269.7822 1066.646 1282.1244 1554.251 1229.161 1279.4056 1012.0829 1559.0857 1189.5331 1086.1719 1014.7179 1205.4598 1550.741 1282.2592 1226.1238 1176.2395 1544.8755 1104.1155 1215.4214 1081.3286 1553.7446 951.08545 1551.3973 1247.7709 1202.6494 1174.7108 1557.2058 1092.1978 1247.1708 1049.8632 1210.4432 1549.7036 1260.4918 1552.9912 1113.8776 1212.9545 972.45667 1183.3252 1145.7194 1168.3805 1555.5708 927.91113 870.2359 1554.0886 1263.816 1214.1484 1549.9005 880.24713 1153.8236 1539.0034 1055.6552 925.284 1197.31 1554.6901 944.1836 754.53107 1222.0403 1542.8585 1086.442 1309.0889 1219.6461 1548.2976 979.6827 1091.8601 1222.3499 1223.2618 1218.3331 1549.0701 1274.2416 907.81305 1550.8918 1210.6373 887.9535 1071.4348 1230.9481 965.24756 1547.7378 1216.252 1253.3927 1554.8362 1164.9487 1215.464 1022.7144 1021.9841 1549.3583 1051.5746 1245.0309 1153.2416 1553.3363 1214.1251 1258.7406 1129.7754 1548.4366 1138.6407 1210.4674 1076.9341 1554.4056 1178.2134 1280.7107 1223.7163 1554.0222 960.4928 1249.7811 1191.3253 1543.041 1542.2433 1139.4269 1027.0234 1270.178 1552.3156 1242.683 1132.2206 1211.8971 1220.3048 1547.7216 1024.6426 1188.2991 984.2547 1546.3646 1187.0315 1224.994 1552.7004 955.57556 1236.1951 1238.5055 1126.9379 883.23846 1549.1288 1207.759 1226.0442 1075.1702 964.37134 1541.2365 1549.9521 920.9935 1001.8876 1147.7759 1038.3079 1544.5046 1272.1335 1194.6783 1222.6328 1191.255 1550.6058 1093.6425 1260.5732 867.32587 1550.3749 981.0605 1020.25226 1227.4988 1174.625 1548.2188 1120.1362 1245.1754 1555.3876 1126.2023 1548.7181 1217.8118 1013.49713 919.1547 854.8965 1424.2311 1542.572 1086.5706 1137.9841 986.3334 1236.3625 1553.1412 1069.8589 956.3304 1215.2345 1548.98 1544.0931 1266.823 1051.5118 827.0116 1236.0977 1218.3622 966.6459 1549.8801 1209.9554 1058.6157 1064.5 1553.4884 1035.5483 1211.5305 950.2342 1538.8772 1554.6489 1216.7346 936.7254 1056.585 1543.758 1212.7264 986.929 1108.6074 1555.3834 973.24646 1193.7798 1288.6915 1042.9553 1009.48505 1541.7603 1360.0903 1131.3531 1546.3436 1269.884 1241.8873 1274.4847 1549.3893 811.49817 1206.141 1544.7632 955.03406 1194.4639 1266.3806 915.2573 983.91034 1244.7284 1546.084 1049.1439 1205.2338 920.4059 1552.5173 1213.0466 1180.1846 1051.8522 1546.7854 1058.8612 984.31903 973.9719 1547.9796 1233.6804 1217.7654 1553.285 1060.681 1551.6996 1115.0039 1216.7788 955.4622 1534.1201 1212.9832 1039.1527 1094.2052 1234.6705 1244.7512 1166.8464 1542.4462 1548.016 1213.5713 970.5096 1146.8927 1210.7332 1087.2347 1542.3584 1256.0317 1535.924 951.30963 1093.2119 1262.884 1236.2709 1219.3007 1542.2097 1094.9323 873.63745 1549.074 804.6055 1177.763 1015.1764 1219.1735 1020.96155 1543.584 1082.6945 1216.3646 1544.3722 1216.8479 1555.4344 1244.0327 1085.0942 1134.6445 984.70496 1538.3055 974.2644 1322.6348 1272.3752 1198.7152 1066.1147 1542.1261 1543.5756 1018.51465 1218.7772 1259.6387 1253.9525 1531.4407 821.9101 1187.6373 1551.7515 1261.7316 914.7396 1216.4296 1201.5249 1114.7057 1549.2747 1203.9854 1541.8508 1120.5978 1213.0193 1105.3083 1212.2101 921.4973 1552.9631 1032.517 1546.7444 1205.3304 1197.8542 1063.6946 1551.8556 1219.6138 1007.1815 1000.34607 1552.0358 871.1498 1207.2247 1050.895 1146.4148 1213.7427 1209.724 1547.6959 1216.657 1213.0023 1547.239 1209.753
 158 1120.9495 1148.0945 1531.6501 1190.7821 1530.7004 1030.0446 1182.1544 1134.066 1019.3774 1127.1881 1529.8491 1177.7297 1147.7377 979.34766 1528.9557 1153.8146 1100.7607 1185.8246 1193.0514 1529.7158 1157.8265 1188.9031 1243.3958 1528.2058 1096.8696 1193.1168 1066.4309 1531.1306 928.0718 1528.6857 1145.7812 1191.0093 1145.5706 1529.0835 1057.0375 1140.9194 1032.7823 1196.5308 1532.1456 1143.6017 1532.0117 1098.4408 1193.0007 961.478 1169.698 1134.6946 1151.1035 1532.0552 877.6282 823.5691 1529.2822 1119.5308 1197.27 1528.7343 881.7348 1269.4653 1528.9092 1054.3915 922.1645 1236.8073 1530.0271 936.44226 744.62506 1193.422 1526.5854 1073.9187 1170.7764 1183.8483 1528.94 1003.1259 1249.3557 1206.6183 1175.9801 1225.7239 1528.749 1145.3881 894.19165 1529.3538 1190.8909 875.647 1168.7213 1221.2192 958.347 1529.048 1190.1852 1131.4891 1529.4602 1152.3519 1193.8278 1012.1669 1011.4461 1532.0719 1034.2462 1145.6091 1121.3026 1530.0729 1197.9072 1159.5262 1238.104 1528.1238 1124.704 1189.8599 1063.323 1531.6198 1159.9445 1129.2378 1185.2968 1530.6808 1107.4917 1189.7902 1182.9469 1527.2854 1527.2017 1123.6345 1012.4603 1208.0225 1529.8214 1153.6964 1117.3563 1188.771 1200.9742 1528.6138 1018.6565 1248.3705 985.59686 1529.127 1240.487 1201.6218 1531.9644 927.428 1199.7439 1177.2479 1116.0631 874.9238 1528.3966 1190.0908 1228.2806 1076.3792 962.8431 1527.7574 1529.4169 916.02783 992.9201 1136.6118 1036.5878 1528.774 1184.106 1179.7778 1203.3274 1244.9128 1530.4114 1076.649 1131.5947 841.9422 1528.3607 939.39136 1043.9766 1143.7725 1256.4619 1531.3564 1108.7095 1152.8412 1534.2762 1106.54 1531.7927 1197.5685 1003.3713 910.7728 826.8927 1332.6683 1529.7252 1081.7035 1110.5428 957.4212 1260.992 1533.7153 1198.253 959.79865 1196.2026 1529.1344 1527.175 1192.3379 1034.7366 817.0049 1181.521 1188.0582 954.17303 1531.2985 1190.4268 1045.1313 1045.4039 1529.7743 1015.577 1247.1122 956.6368 1531.9033 1530.9618 1193.2815 922.35626 1038.2029 1527.7427 1199.0278 986.30334 1171.6575 1529.2308 927.0969 1152.1492 1137.0527 972.8767 896.20844 1526.7848 1129.0125 1115.143 1528.0188 1147.355 1235.8646 1143.1636 1528.5713 789.13837 1179.7997 1527.3629 944.7074 1193.748 1184.1277 909.3203 976.43024 1239.5819 1528.6934 1039.5834 1190.0708 913.29755 1530.2253 1193.6956 1248.0088 1044.097 1528.7103 1254.5037 1027.4008 980.0032 1530.5852 1173.0712 1194.3037 1533.6274 1047.0388 1530.6958 1101.4644 1193.2996 945.1517 1526.9844 1187.3004 1045.6697 1259.2201 1195.0386 1165.8367 1270.8958 1527.4397 1528.3213 1206.2493 976.16296 1284.9746 1188.9819 1068.8157 1526.9325 1186.7499 1526.3087 917.6752 1108.5574 1212.3865 1157.4011 1251.142 1530.013 1071.0004 863.1236 1528.4856 796.06885 1163.9481 1003.17664 1212.7952 1126.3453 1527.7373 1076.1735 1172.8386 1527.704 1234.7764 1531.1338 1148.3005 1069.456 1121.1934 914.27783 1525.9012 911.3811 1136.7959 1209.9125 1180.7385 1053.376 1527.4291 1528.3071 1015.1254 1260.912 1158.6112 1166.0938 1532.0052 833.90094 1245.8949 1530.3427 1135.8599 890.31104 1186.1244 1245.0532 1111.9747 1529.1295 1192.7458 1528.2585 1142.8857 1202.9159 1232.9126 1190.879 916.0418 1529.5536 1024.5164 1529.1973 1189.5414 1225.2108 1068.7734 1527.464 1227.7094 1002.6523 1004.89764 1529.2139 856.5801 1186.0256 1032.3612 1146.0084 1246.6653 1186.85 1528.7592 1176.1135 1191.3435 1529.6091 1243.3866
 159 1128.0582 1149.4376 1532.0433 1215.9999 1531.683 1087.8936 1182.5354 1128.5023 1023.16266 1129.5087 1529.6805 1193.0483 1143.0272 976.0152 1527.9495 1157.8169 1074.481 1030.1182 1186.5574 1528.8243 1120.5885 1186.0276 1087.9567 1527.5939 1091.5593 1192.3844 1063.8931 1531.6007 930.445 1528.6171 1145.0642 1189.5432 1151.8771 1529.5511 1050.2194 1142.9801 1040.8816 1198.4513 1532.5673 1185.2115 1529.2234 1099.2574 1195.8976 1018.26904 1169.3674 1131.6747 1153.7441 1533.3202 877.6983 806.2475 1527.8448 1108.7928 1180.1226 1530.7726 831.83386 1030.6606 1527.0132 1036.3229 936.4973 1027.2915 1528.7206 934.13586 783.8458 1199.8616 1528.4489 1073.4297 1053.9928 1175.0023 1529.1896 1068.5553 1042.1168 1181.5171 1163.686 1027.749 1534.0074 1091.6354 875.753 1526.0637 1218.4957 952.60394 1088.6072 1198.2233 952.69135 1527.7775 1189.9468 1127.534 1529.6482 1154.9028 1213.8695 1010.095 1018.0616 1533.391 1038.0804 1194.6216 1129.9808 1529.9307 1191.1499 1186.1627 1083.8331 1529.9896 1126.3794 1189.4783 1063.1799 1532.3917 1163.3884 1124.3347 1185.618 1531.2035 939.5356 1164.952 1163.361 1527.6414 1526.0233 1118.3905 1008.48334 1165.802 1531.4344 1151.8167 1120.1969 1207.765 1178.0337 1529.7549 1000.50183 1123.1749 967.9384 1530.4644 1143.4935 1202.5753 1530.9678 940.26624 1197.6401 1189.1208 1119.0826 972.62476 1529.8633 1197.9509 1177.8339 1066.6599 1018.6213 1527.16 1527.8506 959.2879 990.48724 1139.773 1027.178 1530.8904 1092.0413 1197.6135 1195.5626 1119.119 1531.6705 1090.112 1133.9192 938.8136 1530.9747 938.08093 1009.2739 1125.8271 1083.4891 1531.6544 1110.5391 1145.4672 1532.0985 1110.5516 1532.7877 1198.0929 1007.7726 949.83514 822.11096 1305.246 1529.8457 1080.8423 1115.0957 967.87415 1119.8281 1532.954 987.5086 940.87787 1185.2607 1530.0498 1530.0856 1042.8878 1005.7804 807.9146 1180.9413 1192.8923 1036.8788 1533.4377 1188.5356 1044.658 1040.7987 1528.8975 1012.0545 1157.2136 925.9361 1527.6759 1530.8154 1194.0277 924.5853 1035.3131 1528.9303 1177.9746 955.9982 1025.4463 1533.0763 937.2656 1183.2764 1145.0697 962.4103 878.5249 1527.8547 1088.0668 1104.6798 1527.9935 1132.3447 1186.0747 1138.5955 1529.0167 903.87067 1188.5635 1527.2998 933.7838 1192.1776 1127.0 868.8951 1028.7134 1184.4615 1527.1002 1039.4318 1195.3688 907.26495 1530.6605 1190.5297 1093.5427 1029.5392 1529.5802 910.3707 933.4293 1038.318 1528.1892 1201.3252 1193.7704 1532.2012 1050.9138 1531.7887 1105.071 1198.1799 1003.7499 1530.5175 1199.6764 1032.1381 1020.23364 1161.9252 1121.9187 1016.5867 1529.2262 1532.8027 1180.1461 999.0279 1061.534 1188.1006 1061.1859 1532.4854 1038.5968 1525.8767 970.0341 1109.3402 1167.5295 1149.534 1165.788 1525.9937 1068.4149 878.1547 1527.4075 894.00836 1165.8171 1086.5806 1182.0887 987.5445 1526.9307 1047.9612 1152.2472 1527.8212 1129.6798 1531.7391 1141.9349 1074.9674 984.13916 919.2444 1526.1595 909.28015 1132.0216 1156.2618 1182.8093 1051.9036 1527.7867 1526.7559 994.14185 1167.2203 1149.8932 1150.8412 1524.4302 807.4725 1137.1638 1531.6876 1136.6483 963.3034 1187.275 1127.2168 1099.0217 1530.5076 1193.1189 1526.0416 1120.3398 1189.1487 1125.2858 1193.5862 964.6924 1529.5664 1028.4672 1527.7949 1188.2551 1035.026 1044.3059 1528.5532 1089.2164 996.4697 975.1357 1529.2134 859.2231 1184.7975 1033.4155 1121.5885 1139.2256 1174.3784 1528.0872 1163.5049 1199.1414 1528.4731 1135.6348
 160 1458.1111 1172.6133 1540.232 1261.9636 1542.2183 1150.0967 1394.2302 1182.8829 1503.8123 1259.0023 1543.0437 1250.8077 1256.7117 1476.6907 1546.75 1243.1155 1105.8406 1164.1511 1207.1937 1550.2443 1162.3983 1202.5416 1224.9338 1550.8065 1485.9072 1235.0486 1101.1877 1542.0353 1005.58563 1545.1193 1548.8721 1212.2463 1142.0819 1543.0154 1516.7931 1258.7975 1078.4481 1381.2965 1544.9622 1203.4641 1538.9778 1185.363 1115.9695 1508.8616 1471.0038 1162.122 1195.0983 1539.6613 894.8317 842.94995 1550.4808 1139.1774 1226.2313 1546.4335 991.5531 1491.3544 1550.6381 1513.298 1069.3016 1146.9655 1539.8488 1448.817 876.5054 1211.2579 1549.9305 1101.2549 1210.4043 1208.0839 1548.954 1259.2102 1545.2896 1260.8577 1194.7003 1200.3096 1549.4148 1147.9144 892.325 1552.85 1265.4331 1539.7441 1180.7373 1246.5128 1316.67 1540.7107 1222.9269 1472.1993 1544.1376 1175.4294 1297.5254 1433.0729 1027.2484 1538.5597 1074.2441 1544.153 1216.9464 1542.576 1392.9532 1223.4261 1189.7549 1547.0289 1138.4999 1208.9827 1081.828 1549.8169 1187.9072 1167.1274 1374.8274 1542.368 1069.2163 1236.8895 1426.794 1549.5356 1548.6948 1538.1184 1069.1724 1309.1124 1547.3501 1176.9622 1158.5706 1403.735 1300.9126 1545.4084 1415.8787 1293.3516 1424.8749 1544.8352 1280.6036 1234.2032 1549.3011 949.35126 1225.4299 1229.7213 1140.5118 1040.7294 1550.5529 1220.175 1330.9297 1203.7614 1558.8887 1546.571 1549.2561 1047.4669 1462.4464 1312.7919 1492.0902 1542.3397 1248.4376 1309.1842 1377.4587 1225.3873 1543.7192 1092.216 1237.9965 1390.7122 1539.3177 1043.437 1101.0061 1239.9218 1505.5251 1546.6207 1119.283 1174.38 1546.2976 1123.9102 1542.696 1201.8658 1399.321 1061.6765 840.67914 1365.2894 1537.5469 1432.1136 1142.88 1246.7765 1211.6432 1536.9065 1549.6841 1003.1476 1232.947 1546.6594 1534.6176 1250.651 1423.9305 859.0395 1445.0178 1270.2478 1082.4082 1547.8773 1401.6837 1086.4902 1109.7994 1546.5875 1043.2227 1245.2714 965.6295 1551.9938 1542.678 1267.0315 1037.0941 1425.8352 1551.702 1270.4972 1093.9279 1495.413 1543.4924 1018.82825 1428.7708 1232.0042 1115.5718 1448.4093 1545.6917 1369.834 1145.1064 1550.7632 1166.5281 1278.571 1191.484 1546.367 1034.4335 1402.8446 1551.44 964.54694 1220.5151 1189.9207 948.13 1134.252 1288.034 1550.333 1420.3462 1215.9078 980.0097 1546.4534 1214.971 1194.6411 1055.8958 1551.0072 1193.1757 1528.4266 1116.6544 1536.8125 1230.442 1206.8478 1549.6339 1066.3801 1548.4347 1132.1686 1220.5966 1047.8822 1551.5453 1220.1 1068.1838 1149.3031 1399.795 1229.6383 1247.8075 1547.9066 1550.1271 1222.2711 1046.9614 1182.4734 1215.7329 1070.4768 1548.8898 1195.9254 1536.5175 1120.0813 1164.5388 1472.3604 1171.587 1245.1511 1552.3945 1085.8875 1446.8804 1547.4602 1031.4519 1246.5709 1133.5084 1227.5769 1112.2272 1551.2 1526.0951 1277.4619 1548.7003 1300.3738 1544.9697 1431.2837 1091.9448 1035.098 964.95197 1552.832 947.3693 1247.5743 1487.1998 1283.0862 1101.712 1549.96 1549.2749 1074.4242 1441.6935 1158.2456 1548.4039 1542.1644 836.5625 1316.2726 1548.6963 1156.8555 1022.8025 1210.4648 1251.902 1148.2491 1544.8495 1421.5157 1551.4854 1219.0894 1252.1509 1548.9463 1286.9391 1072.7822 1545.0343 1439.217 1548.6024 1427.7909 1205.6251 1066.0498 1546.4807 1277.5107 1062.426 1540.0472 1543.5806 928.08374 1269.9436 1437.5342 1160.7241 1251.304 1508.1482 1545.4978 1539.8104 1244.0862 1545.0602 1274.2446
 161 1428.9398 1177.4957 1551.921 1337.3158 1555.2732 1094.4386 1419.9293 1191.453 1415.3505 1257.9963 1556.2096 1333.366 1284.1656 1445.359 1559.9957 1385.1239 1120.7104 1150.616 1355.9596 1551.755 1188.8654 1344.7178 1203.289 1552.033 1421.4562 1326.7262 1108.7906 1551.2235 1010.7463 1555.1844 1387.0146 1378.7043 1152.1047 1556.8967 1390.3545 1233.1581 1080.1019 1412.1794 1552.5402 1167.2212 1551.1586 1164.4952 1331.3562 1333.0574 1420.578 1167.1545 1194.48 1552.6628 899.00726 848.9947 1557.4019 1147.307 1333.839 1554.4094 1002.1493 1441.8417 1563.0631 1400.2231 943.6155 1161.4286 1557.2765 1435.298 822.4378 1329.5575 1554.5673 1107.1469 1234.51 1352.4962 1555.8368 1125.3158 1411.1007 1367.7822 1355.008 1201.3339 1555.525 1183.8875 894.109 1555.5897 1369.0992 1340.9742 1188.5214 1369.0654 1366.2112 1554.8021 1360.6722 1422.0209 1555.2609 1179.7148 1352.6133 1439.3552 1036.9022 1552.5966 1065.7627 1324.5243 1172.6122 1553.412 1420.8326 1216.1447 1204.4501 1557.7391 1136.0035 1359.7858 1099.453 1553.3715 1199.2611 1177.4762 1413.1587 1552.7836 1045.009 1234.4785 1410.3896 1557.3932 1558.9363 1394.2316 1059.0002 1253.2313 1555.5112 1182.5303 1160.5664 1396.6074 1377.2281 1556.8239 1439.7155 1296.359 1418.8972 1554.8638 1261.6992 1342.1786 1555.1007 977.4715 1323.6365 1230.096 1160.2336 1004.6962 1555.9021 1365.5525 1348.0422 1163.0515 1338.1051 1556.3146 1561.0839 957.4257 1405.613 1299.4108 1436.4377 1555.5583 1267.7552 1353.4758 1408.1779 1212.2028 1553.6375 1100.9159 1243.042 1379.0378 1556.6193 1040.7853 1074.3528 1226.246 1397.1765 1555.7686 1123.8031 1179.6956 1550.7736 1127.7756 1551.8152 1336.5878 1406.795 977.14276 862.2775 1444.9287 1548.5779 1416.6719 1152.651 1279.7368 1207.5458 1551.6927 1420.9841 998.6169 1365.143 1553.0594 1553.4392 1273.242 1428.3872 866.72504 1449.0757 1358.0729 1008.7819 1554.55 1422.1925 1094.9705 1120.715 1555.6208 1038.6284 1365.6477 1002.11743 1556.514 1554.5588 1363.0996 1072.6637 1444.1329 1556.2015 1369.9219 1107.0807 1426.9391 1556.1553 1006.66205 1384.2401 1220.1097 1106.1436 1391.9932 1556.93 1317.9441 1166.437 1555.1873 1187.2694 1358.3179 1199.1875 1557.4133 963.23834 1413.7079 1552.6719 992.2092 1362.8907 1160.2249 971.69025 1100.5483 1380.242 1553.9072 1438.3279 1368.8918 1007.5473 1553.0613 1350.4102 1217.9966 1073.8137 1554.8749 1192.2172 1391.0453 1032.0576 1559.4977 1203.4229 1334.4479 1553.2656 1091.9758 1553.0944 1140.9634 1341.5109 1012.2652 1554.511 1343.0481 1083.9216 1133.1855 1414.4453 1234.461 1226.6776 1557.5902 1555.4763 1353.8734 977.19775 1245.3005 1349.053 1093.6964 1554.2035 1221.8136 1569.2512 971.9911 1177.0408 1389.0725 1177.2346 1365.6484 1555.0773 1088.6501 1422.3558 1559.0995 880.14606 1394.606 1063.501 1377.099 1172.8245 1557.0546 1399.7689 1253.0627 1558.265 1260.938 1551.8009 1403.2609 1096.4524 1036.1835 952.4363 1558.1733 942.42377 1212.8792 1435.3533 1340.7592 1105.2982 1555.7552 1555.6624 1069.5657 1396.9893 1164.5723 1399.427 1574.5481 854.1283 1380.696 1554.9445 1172.3507 944.8009 1357.2124 1233.4265 1152.8558 1556.2035 1420.7322 1554.2496 1167.8062 1365.8102 1375.24 1371.9557 1020.038 1557.0225 1442.9453 1559.9637 1424.335 1194.0342 1067.5419 1560.584 1249.0265 1048.9032 1388.9054 1555.3955 961.34766 1373.9156 1450.7894 1183.3948 1346.995 1428.1765 1555.9902 1402.9762 1343.9803 1554.2465 1233.5325
 162 1399.932 1166.7769 1534.0548 1335.1843 1533.4011 1049.758 1405.7677 1178.4297 1368.1935 1241.1877 1532.9773 1331.6335 1275.504 1410.3254 1529.1351 1405.9924 1125.6675 1195.7002 1386.5768 1530.0997 1195.5889 1369.6975 1237.2183 1531.155 1382.7351 1335.28 1098.2546 1533.6835 1007.3646 1530.4081 1346.9342 1405.8143 1140.0209 1532.0245 1362.9398 1214.787 1065.1769 1402.8577 1534.3937 1135.6948 1534.1638 1142.7196 1371.4307 1258.5573 1387.8912 1157.2881 1179.3942 1535.378 891.35114 849.61346 1529.9688 1143.8458 1342.0668 1532.9005 986.1778 1381.0111 1532.1847 1344.5233 873.5817 1198.3247 1532.2312 1404.358 781.9185 1340.0117 1530.7594 1097.0548 1268.2767 1378.9281 1532.4879 1045.6136 1331.0538 1371.5675 1386.7928 1240.2041 1531.7076 1193.6066 886.2273 1530.6985 1373.0165 1261.5685 1225.8634 1406.3253 1359.3407 1532.0082 1376.2284 1383.7257 1533.8721 1162.469 1346.3486 1416.8944 1028.3376 1534.2554 1051.6129 1256.233 1147.1515 1533.9949 1409.4403 1195.1862 1216.9098 1532.6316 1121.6569 1383.685 1091.551 1532.0256 1189.3392 1165.6134 1404.1476 1533.0966 1087.9672 1229.3802 1388.3806 1532.3215 1533.5475 1351.8472 1049.5105 1285.9512 1532.936 1170.8599 1146.7139 1368.8732 1387.1461 1533.2264 1425.6604 1323.1222 1398.8325 1532.276 1271.569 1354.1342 1532.7408 969.2777 1334.7915 1209.5316 1151.2456 969.90845 1529.087 1384.6152 1346.2687 1141.6254 1272.917 1533.9559 1530.6168 901.432 1365.3008 1275.9604 1390.1538 1533.712 1212.2057 1339.4346 1403.7953 1239.5515 1533.7028 1086.1362 1223.8015 1338.655 1532.5553 1020.1337 1055.3899 1208.7168 1356.7194 1533.9039 1112.8823 1172.1497 1534.9899 1116.0138 1532.9438 1357.0171 1383.3749 921.4273 869.3024 1491.3969 1534.556 1394.3483 1147.0026 1271.706 1244.9336 1534.1516 1339.2445 985.0317 1380.912 1533.4089 1535.3345 1276.713 1408.151 859.2254 1429.7792 1364.397 956.1908 1534.0773 1407.6755 1082.5648 1106.0726 1531.8485 1026.1351 1358.8988 993.805 1532.0768 1532.544 1372.8315 1071.1931 1423.3048 1532.853 1374.031 1090.0427 1366.2892 1532.5594 988.79675 1343.1241 1197.8167 1087.4048 1351.6053 1533.8671 1286.9884 1160.9462 1532.2207 1181.8451 1374.5625 1189.1615 1532.0759 912.84033 1392.8624 1531.1562 1000.9462 1385.0345 1205.7681 962.0341 1060.8569 1379.6008 1533.3126 1423.6566 1395.1616 1008.09705 1532.1498 1370.4681 1260.4192 1070.1818 1531.1178 1196.7207 1366.6998 974.112 1532.8701 1176.6898 1352.84 1533.4441 1087.345 1532.4022 1128.9943 1357.0554 976.8893 1531.6643 1362.2283 1083.4142 1172.5231 1407.5403 1229.4435 1266.4994 1533.2467 1532.123 1377.3823 932.8772 1268.6128 1367.8162 1085.8679 1532.4017 1221.5463 1530.3046 885.4948 1174.7784 1350.2236 1167.2968 1380.2897 1531.3921 1079.8041 1383.9806 1528.3428 795.8237 1411.315 1008.0222 1398.1895 1162.111 1531.9724 1359.4642 1239.51 1533.816 1279.6064 1534.251 1371.6168 1084.771 1028.6641 965.6301 1532.0358 951.12787 1260.646 1384.902 1329.9069 1091.6611 1534.7416 1533.508 1056.3861 1370.6113 1152.7834 1342.7491 1527.8866 835.692 1324.7688 1532.1163 1161.1385 890.72894 1378.895 1269.2191 1146.763 1533.3124 1404.1007 1532.87 1147.7769 1383.1932 1339.9718 1375.2947 979.544 1531.806 1421.078 1530.847 1403.3243 1233.1914 1060.5654 1533.431 1253.2504 1032.26 1343.1718 1531.8436 959.41046 1382.7495 1431.9817 1173.3998 1350.9448 1385.2987 1535.2588 1358.0989 1349.6825 1533.4963 1263.4366
 163 1404.1124 1170.513 1540.0619 1339.7928 1540.1666 1052.5402 1410.883 1182.7205 1371.6366 1245.0492 1539.9272 1336.5449 1280.1624 1415.8103 1540.2728 1410.9072 1134.6699 1220.6001 1396.6665 1541.1643 1203.2324 1378.0555 1259.0836 1540.5645 1386.3777 1340.7195 1102.4421 1540.0383 1009.7045 1540.4897 1350.9415 1413.0801 1143.6692 1540.3777 1367.2928 1218.5394 1068.237 1407.1604 1540.1891 1138.3545 1540.0088 1145.74 1377.3959 1260.7926 1391.1705 1160.8741 1182.685 1540.2886 893.5767 852.4563 1540.5187 1146.327 1347.7969 1541.5701 988.5115 1378.8229 1541.0295 1348.2527 875.34216 1216.0858 1539.9916 1408.7755 782.18115 1345.9747 1540.7268 1101.9988 1287.9166 1387.2013 1541.237 1044.0598 1324.1008 1376.2272 1394.6129 1263.7522 1540.5312 1202.4503 890.92487 1540.0054 1378.4141 1264.8578 1249.0366 1420.0753 1366.0001 1539.2417 1372.3641 1385.6083 1539.3024 1149.9033 1350.9082 1421.1929 1031.1863 1540.3352 1054.9904 1258.7296 1150.9664 1540.0035 1414.9282 1200.0226 1228.3013 1540.949 1126.3951 1390.2443 1096.1567 1539.8036 1193.7827 1170.3027 1409.4838 1540.0566 1116.4508 1236.5402 1395.183 1540.711 1540.6659 1357.9203 1054.5946 1310.5422 1540.0747 1174.9346 1150.8909 1373.0693 1394.3888 1540.8317 1432.199 1341.0845 1404.6093 1540.685 1286.4144 1360.7484 1539.7772 971.5451 1340.2113 1213.8385 1156.9763 974.5766 1540.4077 1392.053 1352.9644 1145.4568 1276.3066 1541.1078 1540.4707 904.3162 1370.9812 1280.7238 1392.2927 1541.3783 1204.5453 1343.5724 1410.4545 1258.9011 1540.4795 1089.0327 1228.305 1343.0116 1539.9385 1023.9092 1059.8378 1213.3966 1365.0511 1541.1088 1115.525 1176.2205 1540.0974 1118.6165 1539.7936 1362.6351 1387.4777 922.6239 872.8386 1499.1187 1541.4196 1399.123 1149.5984 1274.5771 1268.4976 1540.3416 1330.592 987.12634 1386.4087 1541.5288 1541.2068 1285.391 1412.812 862.47705 1433.7427 1368.8336 956.94183 1540.459 1412.6967 1086.3745 1110.9856 1539.9235 1030.7955 1359.5903 995.98083 1541.417 1539.8536 1378.2131 1074.9442 1427.3792 1541.0458 1377.8877 1092.8568 1365.9878 1540.068 991.1474 1346.5424 1201.2568 1091.5576 1355.748 1541.1351 1293.5028 1167.0496 1540.8573 1187.9515 1386.0376 1193.9585 1540.2812 914.62683 1397.8381 1540.4934 1008.98834 1392.452 1231.8356 964.7993 1063.3619 1383.0165 1541.2108 1427.9207 1400.0592 1011.4912 1540.0714 1377.7231 1280.7742 1076.0284 1540.407 1207.1624 1372.0641 976.891 1541.0745 1179.8167 1357.7941 1539.7056 1090.9408 1539.8112 1133.3636 1362.6892 979.25256 1540.5197 1370.7155 1091.4518 1194.2172 1414.9376 1236.907 1291.291 1540.8712 1540.7651 1384.1923 935.8896 1279.6913 1374.1134 1090.8452 1540.6687 1229.1111 1540.5731 887.6406 1177.3456 1356.9773 1171.1716 1387.8312 1541.4352 1082.7367 1387.884 1540.4812 794.66254 1418.9447 1010.0518 1402.3497 1162.1609 1541.1182 1365.3939 1245.7229 1540.6423 1298.792 1540.0072 1375.4884 1087.4757 1032.8251 977.5963 1540.9136 961.49817 1287.9722 1384.8384 1332.7809 1094.5245 1541.1041 1541.0485 1060.3374 1377.3035 1156.9106 1346.4944 1541.3693 837.0737 1310.0297 1539.8333 1165.5605 893.55035 1385.1346 1293.4994 1152.6702 1540.5776 1409.8636 1540.9923 1153.0217 1390.0864 1349.716 1380.6083 982.467 1539.9973 1425.4296 1540.69 1408.7784 1257.3519 1065.8533 1540.9089 1267.428 1036.8365 1348.3412 1540.0929 962.458 1388.3457 1437.1481 1177.5139 1356.4178 1388.5667 1541.0559 1363.3661 1354.0581 1540.5715 1285.616
 164 1182.9688 1140.0332 1515.2821 1188.4994 1502.7262 1004.697 1204.2527 1157.1178 1121.9297 1063.1163 1506.535 1173.6455 1020.64246 1088.6813 1493.7974 1095.9741 1079.3025 1124.5787 1186.5911 1497.8762 1127.0673 1212.6672 1118.8927 1505.0088 1160.0569 1204.1508 1043.0878 1511.21 902.5198 1496.2516 1092.8093 1168.0723 1102.8076 1496.817 1089.9186 1089.0298 1030.4076 1218.9141 1509.2253 1217.9434 1513.2988 1105.8053 1224.6136 1183.2242 1184.6598 1123.7214 1126.432 1510.7584 889.3704 847.4447 1490.2914 1217.6943 1200.6376 1497.4839 889.4991 1163.2853 1490.6605 1136.9911 805.8973 1137.3881 1505.1104 1170.2147 705.0369 1195.2622 1496.2665 1062.8445 1100.2726 1189.7332 1502.0518 960.0301 1106.7462 1157.5204 1174.3674 1093.6263 1499.9006 1106.3889 890.2209 1503.0188 1152.6044 1140.4448 1061.3137 1162.3557 1176.0044 1507.072 1145.9937 1145.2656 1490.1826 1059.3589 1177.2677 1164.0282 996.676 1518.4636 1015.9906 1129.6635 1097.7954 1502.3683 1208.7161 1163.7521 1132.2227 1497.3193 1106.9694 1195.4204 1050.136 1506.6992 1152.0961 1172.4318 1221.8756 1503.5728 1039.1906 1119.7158 1158.8788 1496.7032 1497.7161 1125.1627 989.8044 1090.1464 1501.0491 1192.4751 1104.8191 1197.7952 1115.4203 1507.319 1125.0476 1012.87665 1143.3617 1508.7875 1095.6542 1213.799 1505.3032 917.09503 1212.1996 1127.2048 1106.3782 923.09326 1493.4678 1186.3411 1149.955 1064.908 1102.7058 1499.5447 1497.0502 851.9177 1134.6018 894.1347 1125.6561 1506.3688 1136.1455 1145.812 1225.964 1111.1727 1506.5209 1073.3916 1102.4954 1161.045 1499.0853 947.7878 983.00275 1135.3625 1163.8899 1499.8093 1115.9557 1192.0077 1507.2666 1068.1088 1514.111 1225.8402 1177.3875 861.6788 803.56213 1269.5948 1517.2878 1182.9692 1112.2756 1194.5988 1152.061 1506.5325 1110.4739 941.1746 1177.4418 1503.5175 1509.2239 1100.1167 1196.1254 789.93524 1149.2036 1143.2262 903.99915 1510.6946 1198.18 1031.0342 1022.56995 1500.2458 996.71405 1151.6844 911.04504 1491.9619 1508.3722 1170.3419 919.4828 1136.79 1502.994 1130.0314 964.9157 1134.0233 1496.1013 918.099 1172.9966 1122.707 997.72845 1117.8802 1501.7109 1061.1816 1090.9442 1498.804 1145.6366 1169.0676 1142.665 1499.8656 823.66766 1190.9011 1502.1927 927.1826 1186.5211 1139.8547 883.60046 988.605 1187.0238 1500.8127 1174.1995 1174.7181 913.27515 1506.0526 1191.3381 1047.7646 1008.88293 1500.8668 1063.8152 1088.4882 933.0228 1492.6315 1187.1255 1219.5828 1511.9818 1046.273 1505.947 1090.7517 1208.3334 927.8124 1503.2556 1210.8916 1032.875 1101.5713 1181.6187 1071.2817 1059.9961 1500.4918 1499.974 1179.1274 908.2681 1075.8467 1197.3766 1037.334 1503.9303 1135.4039 1491.1156 823.5097 1118.3131 1169.0422 1191.9275 1147.7032 1490.1292 1069.4832 1096.9313 1494.6272 722.4757 1116.3263 962.3162 1169.8595 1032.5647 1497.3052 1115.6025 1066.8489 1499.8926 1107.3145 1506.3833 1186.9515 1057.0204 977.3388 894.632 1493.6843 887.79474 1091.8695 1130.1896 1131.4843 1031.6935 1501.6125 1499.1914 988.94745 1177.1387 1211.0093 1107.1749 1483.1791 776.0796 1081.5977 1501.9395 1182.2003 855.21405 1196.9441 1086.1156 1089.8213 1502.0773 1178.751 1502.1038 1094.8766 1154.9056 1110.4673 1161.4382 922.8691 1501.8411 1147.0082 1492.2454 1175.0083 1053.7333 1041.2388 1497.6083 1088.2238 983.8542 1130.3148 1503.3717 836.25885 1138.2582 1143.4817 1103.0032 1135.0281 1142.5068 1504.1139 1112.0098 1194.3623 1509.7612 1121.2529
 165 1194.0521 1161.314 1549.2211 1207.3523 1556.2184 1033.0052 1222.6443 1224.9958 1157.7415 1217.0364 1557.3645 1210.3064 1198.4958 1127.0024 1566.6323 1127.5099 1104.9453 1148.9478 1209.1814 1558.3191 1162.4985 1168.9762 1245.8219 1592.7919 1168.3046 1217.4655 1061.5797 1547.72 928.18463 1563.277 1210.1273 1187.3383 1152.1493 1562.9095 1124.0103 1247.2576 1042.802 1222.7163 1545.4033 1204.1844 1548.1646 1127.4324 1226.6776 1205.8552 1197.8271 1146.79 1150.2087 1548.8234 892.61237 842.07825 1569.2982 1191.6104 1225.2211 1558.7704 910.3444 1181.8461 1567.8423 1159.3536 825.85455 1162.8853 1554.18 1183.9797 711.14044 1216.23 1562.5348 1095.441 1207.1473 1219.4159 1554.3782 976.2215 1118.381 1176.6022 1202.2905 1134.3138 1557.6316 1218.4114 915.2505 1553.9546 1171.1586 1163.4644 1080.299 1193.5134 1195.471 1550.8224 1171.306 1212.673 1565.157 1084.9365 1188.801 1169.974 1011.1568 1547.8152 1044.973 1215.4962 1143.0541 1554.9718 1222.5586 1223.9408 1158.6383 1559.7872 1134.9054 1212.8464 1074.7704 1550.4365 1180.9797 1216.101 1228.949 1553.017 1068.0951 1212.4535 1186.4907 1560.7207 1560.6288 1153.412 1023.5845 1200.3102 1554.5636 1209.8585 1132.576 1216.5641 1171.6864 1553.736 1145.3618 1031.2369 1151.2263 1548.8906 1109.3405 1224.7642 1552.1224 938.97296 1230.7106 1205.9983 1141.3539 953.51196 1564.352 1216.3495 1161.8741 1086.3518 1120.9888 1555.5414 1559.2845 873.8724 1154.3813 893.52606 1141.1758 1555.7798 1215.003 1166.6615 1227.4254 1128.9717 1550.1351 1102.1224 1251.4818 1197.7313 1561.2704 998.5781 1014.7876 1232.312 1189.8785 1558.5131 1137.155 1207.3757 1546.4462 1094.1322 1545.4797 1224.5161 1187.0865 874.13025 808.06464 1252.6056 1546.8861 1193.7299 1136.0812 1215.7161 1174.5396 1548.8875 1080.406 929.83264 1199.4607 1558.3595 1553.2081 1208.1249 1217.1003 816.59296 1188.1162 1160.68 917.4112 1548.7008 1215.6523 1057.2937 1051.7242 1556.6238 1031.0557 1170.521 931.10864 1570.8981 1590.0436 1133.4452 925.9713 1193.9203 1555.5618 1189.8762 997.754 1154.5338 1561.0095 953.59247 1208.7157 1227.4141 1036.8099 1160.0983 1555.9178 1192.4158 1123.4078 1558.3969 1227.155 1194.7288 1227.8806 1557.9769 843.5156 1216.5264 1581.3038 878.71783 1243.7738 1215.0325 903.4926 1012.77295 1207.2957 1552.9435 1182.6051 1183.256 924.0414 1550.7561 1213.1732 1059.6215 1033.2142 1556.1161 1091.0148 1103.3146 965.0203 1565.279 1210.0133 1221.6815 1544.8981 1062.7954 1550.2755 1117.307 1220.7494 945.3058 1550.9272 1223.451 1054.0037 1122.3188 1219.0096 1222.2539 1087.8771 1559.1906 1556.2058 1204.983 930.1408 1093.5162 1217.289 1066.5739 1553.9985 1211.5106 1566.7607 854.9457 1145.483 1207.4835 1215.0707 1168.0671 1572.7817 1089.7083 1105.2609 1561.488 728.89655 1132.0753 986.07526 1179.394 1048.0629 1557.6855 1148.1779 1241.7133 1559.5131 1139.2346 1550.9464 1210.4078 1081.2565 998.8002 946.0863 1563.555 940.1975 1217.8562 1187.9298 1155.8358 1059.9141 1555.4774 1553.5386 1010.2622 1193.4432 1206.1277 1207.5651 1579.9327 794.9653 1097.8601 1554.0717 1215.2487 880.71094 1215.8956 1108.8096 1114.2179 1555.0773 1194.7299 1588.0425 1126.5602 1263.9874 1192.826 1197.4061 945.1815 1557.3741 1161.4023 1567.9457 1210.4917 1077.8223 1068.3342 1557.6328 1111.3553 1013.29486 1150.3231 1555.8286 846.80743 1152.7078 1154.5825 1132.446 1154.8206 1198.4164 1554.5457 1191.868 1221.4441 1554.0377 1144.604
 166 1183.7122 1152.2054 1533.6447 1198.46 1533.0236 1021.4791 1205.7946 1225.5555 1154.5557 1265.4517 1533.1633 1203.2145 1257.799 1120.3016 1530.4647 1128.9967 1092.8779 1135.9346 1194.2362 1532.9708 1197.488 1166.3785 1194.0104 1514.8009 1159.7958 1205.1199 1052.3837 1534.097 927.6669 1531.6506 1239.2238 1171.1117 1147.2596 1531.8832 1120.9944 1289.2543 1031.3232 1208.4456 1533.4796 1175.874 1532.9329 1117.1189 1210.0931 1196.1212 1187.3856 1137.375 1139.2693 1533.7688 874.84344 828.5243 1530.459 1161.4496 1207.0281 1532.6361 898.13696 1168.7994 1530.4254 1141.9462 814.58374 1151.7882 1533.1106 1171.5594 705.7274 1202.0464 1532.301 1082.0072 1227.722 1207.0541 1533.3287 967.71277 1107.6259 1162.6682 1194.201 1126.9349 1533.1448 1245.1692 905.2749 1533.571 1158.5873 1150.7153 1074.6206 1194.2244 1184.3011 1533.8962 1160.9594 1210.9657 1531.7427 1080.7275 1178.314 1159.2036 1004.08795 1533.4397 1034.9904 1227.7421 1134.1377 1533.8486 1205.159 1219.1234 1145.8164 1532.4246 1124.1838 1201.6018 1064.2749 1533.8737 1168.6952 1206.4978 1209.4326 1533.1719 1057.6553 1235.1223 1176.199 1532.5393 1532.495 1145.1158 1015.71924 1227.6962 1533.3815 1191.0167 1120.7694 1202.2319 1181.9426 1533.5886 1139.0117 1030.2863 1141.2225 1533.4286 1099.7153 1210.4172 1533.373 931.792 1217.5824 1216.9254 1126.323 939.3018 1531.4346 1201.4641 1151.1647 1075.3104 1108.0297 1533.6658 1532.6721 864.8218 1139.635 883.58026 1129.2607 1533.33 1224.6582 1154.8828 1210.2227 1118.1818 1533.5427 1091.983 1287.1093 1184.6262 1532.4904 993.6418 1005.7375 1247.3784 1178.0723 1532.9724 1124.7877 1191.546 1533.6183 1088.8923 1533.7858 1210.031 1177.8074 867.7657 798.28107 1230.1528 1533.2896 1184.2756 1126.5096 1203.6903 1163.5681 1533.1378 1067.0704 920.1115 1185.0146 1531.8721 1533.7455 1234.5408 1205.755 812.69635 1192.514 1154.8231 911.11224 1533.8778 1201.6907 1045.633 1036.13 1533.2861 1014.5317 1155.5469 918.46576 1528.2859 1517.454 1141.0764 916.45496 1157.6412 1533.2614 1200.6981 993.28033 1146.9297 1532.4957 951.76575 1200.5071 1247.1512 1031.3995 1160.6642 1533.2607 1233.5309 1111.1578 1533.0162 1234.3667 1182.2351 1240.2036 1532.9463 835.80304 1203.4196 1521.8866 898.17847 1207.6106 1214.2572 893.8433 1002.70306 1196.5594 1534.3644 1173.1335 1174.2173 916.4853 1533.9403 1199.8633 1050.7158 1022.19476 1533.2029 1074.396 1087.135 949.2336 1530.9048 1201.2748 1208.3518 1533.8141 1054.7997 1534.0995 1106.4601 1206.4994 937.0143 1533.5172 1207.3625 1042.4749 1111.2417 1215.0022 1266.4467 1083.8262 1532.9711 1533.1749 1198.4221 920.34924 1085.5062 1203.405 1054.775 1533.587 1220.714 1531.2549 842.21606 1129.8054 1198.8853 1192.621 1150.9866 1527.2749 1075.1326 1092.128 1532.1052 722.89526 1116.3252 975.6863 1168.7274 1037.2306 1533.3021 1144.5208 1296.842 1532.7911 1130.1731 1533.9315 1201.4883 1071.8435 990.11487 948.1282 1531.8492 939.2262 1253.0764 1194.6327 1148.1516 1052.3678 1533.8579 1533.3226 999.88806 1183.2621 1175.1208 1220.0942 1525.259 784.4124 1090.9056 1533.2921 1201.444 868.093 1202.4998 1096.0352 1101.9128 1533.1968 1181.5907 1517.1704 1101.7303 1233.4778 1157.1458 1193.2405 933.7904 1532.927 1151.8762 1529.6783 1201.166 1066.3696 1055.6685 1532.9938 1098.0594 999.67285 1136.1029 1532.9105 837.7088 1138.5327 1141.7639 1119.8279 1143.8307 1203.5244 1533.6118 1208.9302 1211.9092 1533.5259 1134.4291
 167 1190.9312 1158.8427 1544.6707 1205.4989 1544.4781 1028.2247 1213.4275 1233.9434 1161.3032 1274.6189 1544.8656 1210.5443 1267.4302 1127.8478 1544.7045 1134.3076 1101.8947 1155.336 1202.4598 1545.8497 1200.7722 1170.7233 1242.1832 1553.0177 1165.7668 1212.1848 1058.8129 1544.5388 931.84467 1544.2457 1248.127 1178.469 1154.1351 1545.14 1127.9705 1299.0426 1037.3588 1214.9567 1544.1879 1181.6024 1544.9133 1124.3995 1217.5793 1203.7131 1194.1322 1143.7916 1146.2958 1544.1097 878.63135 832.24835 1543.8749 1165.3805 1217.7656 1547.946 907.4168 1190.7369 1544.8866 1150.3013 820.7994 1167.247 1543.2109 1177.729 708.6484 1208.77 1544.8838 1089.0184 1242.8379 1214.9764 1547.0387 978.3569 1135.6603 1174.4714 1202.4702 1151.275 1545.9987 1258.2716 911.0556 1545.0826 1165.4857 1157.8274 1104.1482 1207.7308 1194.0623 1546.7573 1167.7642 1219.2567 1543.924 1085.7894 1184.8973 1165.7996 1008.83813 1543.2222 1041.1774 1236.5133 1141.7334 1544.492 1213.0977 1228.7839 1166.2291 1546.2347 1130.7377 1208.5482 1070.6172 1544.2738 1175.7351 1214.4459 1216.4523 1544.3434 1073.1626 1243.2168 1183.2385 1544.7318 1545.4716 1153.444 1022.9595 1247.7043 1543.948 1197.3424 1127.149 1208.9705 1194.9633 1546.5887 1149.3959 1068.6119 1150.2411 1546.7821 1123.8661 1218.9298 1544.2256 936.7724 1224.5381 1225.2921 1133.321 945.9121 1543.7799 1208.8892 1171.6597 1085.3243 1119.4508 1545.0848 1545.1526 870.272 1146.7719 888.3807 1136.9042 1544.849 1237.0739 1162.0406 1218.7932 1138.6687 1546.3419 1098.8596 1297.094 1192.2324 1544.1536 1000.63007 1015.6854 1258.674 1198.6259 1546.7148 1131.8263 1198.717 1544.9122 1095.2649 1543.9572 1216.0087 1184.1805 872.30054 806.9417 1252.3429 1547.639 1193.4022 1134.6095 1212.4945 1185.63 1546.5922 1090.9686 927.767 1195.0062 1546.6719 1544.8378 1250.7372 1213.6935 818.6351 1199.085 1160.6929 915.0631 1543.5818 1208.4396 1051.5587 1043.262 1544.6451 1021.8755 1180.8431 929.5446 1546.7219 1546.117 1147.4612 923.18396 1173.9606 1545.8477 1210.6356 1003.28796 1169.067 1543.2213 956.5424 1207.0526 1254.7198 1039.5372 1169.9246 1544.7913 1250.787 1122.6268 1546.9426 1247.3557 1206.2585 1247.9111 1544.6 840.4681 1210.66 1544.992 906.2677 1220.9037 1234.3188 903.0826 1011.16766 1215.8434 1547.095 1178.7424 1179.5109 920.88477 1544.6477 1207.7363 1072.9172 1029.9725 1546.0636 1097.8251 1096.7777 957.7399 1546.1036 1207.8915 1214.7202 1544.7916 1060.7595 1544.368 1113.2883 1213.1494 942.1348 1544.9019 1215.5228 1051.3281 1128.8091 1225.1644 1280.1232 1116.6644 1545.1724 1546.5 1208.5731 927.61584 1107.4799 1210.6444 1061.3495 1544.2607 1230.4333 1546.1064 850.89197 1139.3196 1221.6903 1202.0187 1179.6459 1548.7205 1082.0557 1097.7366 1545.2506 725.7094 1123.2401 980.91547 1178.6611 1062.7592 1545.3829 1154.9556 1310.7437 1546.6428 1157.1813 1545.4033 1209.0314 1077.9606 996.33624 954.2665 1544.3323 945.601 1264.2561 1217.9825 1159.1835 1061.63 1547.1199 1545.9684 1008.6193 1205.5153 1181.4952 1233.3391 1545.0525 796.52295 1122.6305 1544.5277 1208.6873 874.6583 1209.6433 1124.6788 1111.5052 1547.4749 1189.8585 1551.7034 1121.7671 1261.6373 1198.2155 1200.0236 939.8802 1544.3145 1157.783 1546.1469 1209.9432 1089.2701 1064.6948 1547.0549 1126.0078 1008.6905 1146.9081 1545.5746 842.19763 1145.732 1148.7688 1132.2372 1168.472 1213.9302 1547.1528 1220.0553 1218.9442 1546.418 1160.5885
 168 1184.6633 1153.5546 1535.0099 1200.1166 1533.5802 1026.2648 1209.5244 1230.4203 1154.7325 1268.7444 1534.334 1205.1475 1262.1603 1123.1885 1534.1729 1130.413 1098.7479 1165.4904 1197.3256 1534.2378 1202.0121 1169.8059 1218.3724 1536.931 1160.6122 1207.0806 1053.0181 1535.046 982.46954 1526.9728 1566.0115 1175.8829 1150.646 1534.2424 1126.4956 1294.3665 1031.2461 1211.2573 1535.1638 1177.0409 1534.4341 1119.6647 1212.5804 1200.5139 1189.3018 1139.3177 1140.8218 1534.061 877.8934 832.49365 1534.1718 1165.2534 1216.0718 1533.9348 913.91125 1238.6083 1532.6704 1146.4902 819.08734 1160.2527 1533.3477 1173.6702 709.1246 1204.4285 1533.3942 1084.9325 1223.6827 1208.075 1534.2023 994.16254 1210.2527 1182.3901 1199.15 1165.4381 1534.141 1258.9148 904.89514 1534.4016 1162.0573 1153.6564 1146.3638 1217.8832 1192.4484 1535.4249 1165.6993 1212.6006 1533.6696 1083.3647 1181.099 1162.5978 1003.8072 1534.7903 1054.8014 1557.5233 1209.0731 1529.5883 1207.1415 1223.1511 1152.053 1534.7892 1124.093 1204.3953 1066.2373 1534.7479 1170.7194 1208.8787 1210.2706 1534.3313 1061.5281 1236.5665 1179.602 1533.2676 1534.2361 1147.8127 1018.36334 1234.7418 1533.5671 1193.0652 1122.272 1204.767 1213.1373 1534.3345 1157.6069 1204.8938 1153.5422 1534.8274 1187.0023 1214.5259 1534.2654 933.55426 1221.8909 1222.2681 1128.174 945.0241 1532.558 1204.947 1300.6045 1182.0914 1507.8047 1525.6724 1534.5226 867.1553 1141.2151 884.3113 1129.1498 1534.3975 1190.422 1155.4689 1214.5164 1161.833 1534.8048 1091.318 1291.9047 1187.11 1533.7145 996.79114 1022.9517 1259.6024 1248.2789 1533.5042 1124.5583 1196.6235 1534.8232 1091.4788 1534.7709 1210.1055 1181.0619 870.8345 820.30585 1323.8485 1534.9017 1181.9073 1132.6665 1208.3617 1216.5569 1535.2168 1536.8878 994.4448 1207.4884 1531.9637 1535.2897 1223.3843 1205.2396 812.2503 1195.6714 1157.8596 912.97687 1534.875 1205.1704 1046.732 1039.1141 1534.7319 1017.3167 1233.6107 942.63745 1532.3425 1533.6857 1148.1721 921.1699 1170.1892 1533.4849 1217.309 1014.2533 1235.7488 1532.5947 953.2726 1203.3728 1247.775 1033.4401 1160.641 1533.6396 1229.0399 1132.9086 1533.4689 1256.3126 1266.8119 1241.8682 1534.5513 837.51013 1206.0221 1535.9658 905.7837 1210.8115 1167.8483 908.4461 1010.058 1248.1337 1534.7858 1175.3116 1176.2715 920.8838 1535.2607 1203.4985 1121.1263 1029.9204 1533.7333 1113.6709 1095.6055 955.6501 1533.4352 1203.2203 1210.1865 1536.0215 1056.8411 1534.4088 1110.3663 1209.777 940.9006 1534.3748 1210.0658 1044.465 1117.0813 1229.1855 1285.4086 1188.594 1533.251 1534.4106 1210.206 926.6815 1129.8394 1209.2834 1058.3851 1534.5216 1178.6752 1533.4335 853.3541 1142.7043 1262.226 1202.7833 1252.9641 1532.6545 1082.7218 1094.6487 1534.2365 723.9301 1118.1929 975.9466 1177.962 1072.525 1533.4171 1161.5095 1313.9796 1534.283 1204.288 1534.82 1206.0383 1072.8733 995.45404 928.9711 1532.5338 924.4378 1211.3503 1273.4736 1173.7395 1066.6965 1534.511 1533.5946 1015.8021 1259.0469 1175.1469 1555.9053 1525.2582 825.1465 1255.1531 1534.112 1203.7981 874.04126 1205.9054 1184.4138 1115.6898 1534.7186 1183.963 1534.7981 1127.0105 1268.3789 1248.4631 1195.1571 938.76715 1533.6946 1153.6215 1533.56 1208.0234 1116.6229 1066.726 1534.5941 1168.6494 1005.0684 1146.2206 1534.2592 840.53314 1143.0004 1145.2872 1140.1714 1228.934 1213.242 1534.4575 1220.4224 1210.4186 1535.0757 1198.0966
 169 1369.0491 1168.5657 1533.8787 1215.9683 1537.6317 1047.2434 1379.0724 1262.1 1416.8527 1346.4459 1532.5714 1233.4359 1328.137 1391.8555 1535.5549 1181.5953 1110.7115 1188.097 1208.4186 1547.2328 1229.5879 1188.1677 1263.7676 1547.0367 1392.21 1233.7112 1077.4137 1536.5962 961.6992 1544.7434 1415.8878 1185.6506 1171.5977 1540.5178 1472.5867 1386.5831 1057.3856 1365.7594 1538.802 1179.6997 1536.4878 1162.8038 1186.6262 1432.4822 1372.5558 1156.3787 1170.7458 1534.7612 886.4429 846.9723 1546.2913 1179.738 1233.5295 1541.098 971.5858 1405.5039 1537.6093 1423.0208 880.6428 1182.0706 1535.4142 1387.0128 746.09064 1224.514 1545.5935 1097.7246 1246.0702 1221.7366 1542.6179 1059.9938 1433.1698 1217.3661 1213.2164 1197.9302 1544.8589 1275.8225 920.9685 1537.5312 1181.228 1436.8882 1183.7678 1240.19 1364.3849 1535.3411 1186.5337 1412.7784 1535.8184 1105.966 1224.833 1364.9724 1014.92004 1534.833 1051.805 1413.3423 1184.1752 1545.3572 1380.6716 1234.3243 1193.8666 1537.5524 1132.3724 1215.2468 1076.3146 1545.5641 1186.2196 1240.8662 1369.1511 1534.4335 1094.9863 1291.548 1409.8672 1537.9916 1536.9996 1417.6415 1056.5822 1298.1482 1537.2749 1208.9033 1149.5767 1380.4211 1271.3507 1536.4723 1370.8025 1262.5343 1378.6453 1537.6534 1232.2109 1233.21 1544.021 940.4149 1233.6317 1235.9327 1139.6837 957.2624 1546.0265 1217.219 1262.3911 1165.4125 1388.6625 1550.6819 1534.8745 903.667 1382.3542 940.3561 1389.5219 1536.1995 1251.5201 1217.5366 1362.742 1192.4973 1536.5044 1090.8317 1344.6451 1403.7391 1534.4016 1039.9127 1070.4777 1294.6074 1409.7415 1539.7305 1129.7234 1209.2761 1543.6785 1100.6855 1537.8801 1215.0321 1386.8947 919.0931 848.0753 1430.528 1532.074 1389.4424 1147.7761 1345.3755 1238.1318 1536.308 1325.4951 983.7799 1205.0271 1552.7352 1534.628 1258.0437 1372.2561 849.2158 1384.3798 1216.4446 925.7149 1539.7874 1384.888 1079.7397 1092.584 1536.8575 1032.5828 1254.149 955.9884 1547.8688 1533.4982 1156.9884 984.61 1412.5634 1542.4225 1258.4346 1060.4923 1400.4618 1537.9901 1023.78937 1413.0958 1328.6481 1098.3295 1420.5171 1538.8473 1330.5209 1148.5309 1546.0767 1271.2783 1293.3943 1283.8535 1538.1718 905.37384 1387.9768 1545.7109 936.0394 1217.841 1238.5355 920.6086 1021.4764 1267.4603 1546.8081 1380.2261 1191.6283 963.1176 1541.3629 1215.6002 1144.8434 1041.1816 1545.9879 1199.0593 1490.7361 969.596 1537.182 1213.7255 1219.0834 1545.4819 1065.4374 1545.8696 1122.5332 1222.4448 951.5316 1545.1112 1223.2194 1060.5326 1153.1237 1389.7576 1348.472 1233.8823 1540.4054 1545.0084 1226.5197 938.9351 1160.5013 1223.0557 1066.5012 1544.6853 1216.7408 1543.5575 877.0987 1177.8004 1406.2805 1214.6035 1273.9032 1547.6443 1092.3649 1402.6669 1537.0256 780.9083 1167.3687 983.3162 1194.1221 1107.6119 1545.6875 1424.7509 1384.5702 1540.8741 1257.6278 1539.2236 1381.4037 1083.7343 1031.5862 952.16644 1545.7284 944.48785 1264.4476 1421.8635 1217.2162 1092.812 1543.3824 1542.3007 1057.2449 1403.0918 1178.1532 1412.5122 1547.4458 825.9154 1231.1755 1544.6492 1215.0566 886.1047 1218.7474 1196.8406 1140.5309 1534.4768 1399.9106 1541.9205 1183.2935 1331.9213 1496.7551 1252.8807 977.2049 1538.7755 1369.9406 1538.9508 1414.6495 1165.1655 1072.4624 1534.7765 1223.6262 1031.4672 1425.7466 1537.9742 885.0482 1192.3645 1359.8364 1153.0325 1261.7664 1419.466 1535.9985 1437.1677 1242.1329 1538.1161 1232.1757
 170 1401.0343 1173.3251 1539.0265 1220.631 1539.8381 1050.7694 1405.8336 1267.5193 1461.3813 1360.5636 1539.2423 1240.4489 1339.6484 1436.2689 1540.6996 1189.9312 1109.7362 1189.976 1205.7723 1540.0131 1234.0 1189.0345 1269.3417 1539.2584 1429.0863 1239.1553 1082.7642 1539.7167 960.13257 1540.5742 1401.7084 1185.2628 1172.9944 1540.3915 1526.3245 1400.4805 1061.6259 1389.7505 1539.9813 1180.1868 1539.4043 1170.446 1183.7069 1469.7764 1403.5851 1160.9268 1177.6185 1539.2821 886.6939 849.9161 1540.0728 1182.1155 1235.2501 1540.4983 979.8108 1430.5636 1540.7753 1467.9218 890.5277 1187.0536 1539.5245 1422.092 751.2466 1229.046 1540.9181 1097.6381 1248.5652 1221.7053 1540.7047 1069.2953 1466.2517 1221.2068 1213.8672 1203.3119 1541.0726 1277.1309 924.3366 1540.1274 1184.8334 1481.7715 1192.5189 1245.9993 1393.621 1539.7806 1190.574 1446.0721 1540.2954 1109.746 1233.3899 1398.9163 1018.1226 1539.0559 1049.3676 1396.1475 1178.5085 1541.013 1408.5958 1236.9445 1203.7855 1540.0924 1130.1259 1214.244 1075.2318 1541.0482 1190.5903 1248.6592 1396.5573 1539.3558 1103.1631 1300.5702 1446.0281 1540.4569 1540.2716 1461.1655 1063.2026 1310.5696 1540.0168 1211.9391 1154.4558 1408.6249 1281.6716 1540.3805 1405.2942 1270.5222 1414.7012 1539.9097 1239.4136 1236.7604 1541.1133 940.0776 1233.774 1236.2931 1138.6066 956.7441 1540.6279 1216.0974 1252.3292 1158.643 1361.265 1540.9867 1540.7954 910.4177 1423.2408 950.27386 1431.4839 1539.4899 1265.4456 1228.2434 1387.3406 1198.9335 1539.7063 1092.033 1355.2484 1440.9744 1540.0798 1048.288 1077.4838 1299.6526 1434.212 1540.3511 1127.876 1209.5586 1540.9938 1100.3939 1539.7979 1216.3336 1419.5817 926.77545 850.77716 1437.1752 1539.158 1425.7542 1150.9557 1368.0225 1243.2844 1539.3801 1288.254 977.9468 1197.7291 1541.2609 1539.3759 1266.9767 1401.4545 856.48157 1413.623 1225.2015 927.4559 1540.2214 1414.3145 1086.0177 1102.532 1540.2444 1032.025 1255.4086 956.2494 1539.3925 1541.0714 1159.0916 995.1867 1454.7976 1540.7927 1263.6553 1066.5288 1424.7428 1540.2192 1034.6768 1446.2347 1341.3281 1108.7495 1462.7488 1540.3237 1348.0642 1148.3842 1540.7341 1270.3423 1295.2034 1290.6846 1540.3405 915.97327 1417.0863 1539.8951 941.5283 1214.7821 1252.07 919.93695 1019.80804 1267.2449 1540.5846 1411.277 1193.2775 969.36414 1540.4105 1214.6595 1147.9412 1040.4717 1540.8959 1210.5848 1535.0315 972.4253 1541.3068 1212.8663 1217.7747 1541.2616 1064.6432 1540.874 1121.5603 1222.0315 951.74133 1541.1637 1222.8934 1061.4813 1159.7307 1414.5608 1357.7522 1241.2084 1540.4718 1540.9824 1227.8439 939.76544 1165.7743 1223.3258 1064.9324 1540.9467 1223.4769 1540.1526 879.2028 1181.8204 1426.9918 1213.5823 1273.8923 1539.4243 1091.6385 1452.8456 1540.4943 789.5145 1175.9905 982.08234 1195.8318 1114.6315 1540.8698 1465.5492 1394.835 1540.4078 1265.8418 1540.1501 1408.3165 1085.3854 1037.0444 955.34644 1540.6063 946.3319 1274.7963 1442.7736 1222.4586 1095.3617 1540.1128 1540.7355 1062.7114 1424.2035 1177.294 1395.947 1539.7937 825.12573 1228.0697 1541.1372 1214.4203 886.1728 1218.7983 1200.939 1145.5463 1539.8838 1436.5425 1540.3094 1191.1439 1340.7501 1535.3778 1261.745 983.1274 1540.1736 1403.6471 1540.4973 1446.7004 1173.6644 1073.4141 1540.2118 1234.3186 1037.8812 1472.8 1539.9823 891.81 1200.2435 1393.7579 1156.7948 1267.7789 1453.5627 1540.1329 1471.6241 1247.4716 1540.0234 1238.7795
 171 1419.4901 1175.7014 1540.4497 1377.9409 1539.9113 1055.6986 1411.6262 1271.4192 1418.7028 1378.9836 1540.4734 1375.6101 1394.1488 1450.0067 1540.7092 1428.9312 1132.8818 1208.0629 1389.6658 1543.4087 1307.2642 1403.4025 1229.3708 1538.8478 1426.9814 1352.0756 1098.3597 1540.702 1007.35834 1542.0858 1410.9067 1403.765 1169.7819 1537.4408 1373.7776 1354.6155 1064.2136 1406.9635 1539.5021 1183.0793 1539.8018 1160.5869 1365.8024 1370.7336 1407.2667 1163.6405 1180.132 1539.462 889.8163 857.99225 1539.1982 1190.1998 1365.5391 1542.2109 1002.50684 1420.4583 1538.3134 1399.735 880.2809 1191.941 1540.8364 1422.9373 778.79144 1362.2224 1541.2466 1100.8301 1275.386 1381.8514 1541.2004 1067.9034 1427.6208 1399.0076 1398.805 1221.5591 1540.9309 1327.6696 921.9178 1540.7316 1383.079 1412.5417 1248.5433 1404.5845 1415.4457 1540.6555 1411.9083 1413.4995 1540.5195 1159.9634 1364.0674 1436.1029 1028.5288 1540.1923 1050.6066 1401.6691 1180.7997 1539.0531 1409.7738 1240.4736 1206.2932 1539.1704 1123.9103 1388.7686 1093.2427 1540.986 1194.2626 1251.4434 1406.2874 1539.4792 1105.5051 1294.6554 1407.9485 1538.3319 1538.1136 1403.2987 1059.1686 1302.8905 1539.0222 1215.7518 1157.1805 1410.1875 1393.9384 1540.5037 1438.142 1310.1042 1420.6807 1540.8185 1247.0605 1352.8335 1540.3806 980.0045 1346.5295 1263.3671 1159.9523 972.5016 1542.378 1393.6332 1400.9819 1177.305 1398.7627 1539.3846 1538.1417 911.607 1406.7521 948.14764 1449.1521 1540.3323 1284.8002 1386.8693 1404.719 1205.2932 1539.4138 1093.8268 1348.7441 1404.1343 1538.6696 1043.3914 1071.6964 1297.1014 1411.2517 1539.4623 1126.0826 1213.2959 1539.9221 1103.1473 1540.789 1361.3954 1413.5044 925.006 848.5415 1421.0674 1539.501 1409.1934 1155.2551 1371.9866 1246.8372 1539.7764 1304.0999 985.7256 1388.4462 1541.8561 1539.1752 1272.4913 1405.0294 859.5703 1455.1648 1377.8466 959.7552 1539.7568 1408.3213 1085.0098 1099.8145 1538.3325 1025.8259 1422.4242 1009.0959 1541.551 1539.6111 1389.2666 1060.0808 1414.3445 1540.3759 1425.3104 1113.699 1444.2681 1538.9468 1025.3345 1408.6227 1329.2781 1098.4991 1401.9348 1538.8989 1332.9629 1175.1207 1540.1667 1297.1469 1406.6088 1291.8978 1538.6476 915.0525 1410.6444 1544.6375 937.9028 1429.2188 1261.5585 948.0578 1039.5593 1386.1691 1540.5045 1426.0007 1392.7706 1003.7656 1540.7991 1375.9812 1183.5398 1059.7762 1541.2428 1182.0796 1358.4937 968.1842 1537.0708 1212.6344 1359.1454 1540.4625 1092.3643 1540.2748 1132.0305 1366.3181 981.08203 1541.0256 1355.9845 1087.8577 1184.489 1411.1289 1357.7411 1246.4606 1538.7144 1540.3802 1379.6755 936.2681 1232.4059 1376.3024 1089.2351 1540.4001 1232.7626 1538.6147 880.2958 1182.2196 1413.5669 1224.8271 1429.4811 1542.6233 1102.1257 1445.7555 1543.4766 785.9414 1424.2863 1008.12427 1407.3274 1187.7128 1540.4366 1407.0048 1382.8326 1537.7959 1258.7012 1538.9586 1411.7238 1086.92 1041.5881 956.4324 1538.9915 946.7092 1280.8241 1457.245 1397.6833 1112.8505 1539.9684 1539.1904 1062.9128 1412.8591 1180.6584 1433.5426 1541.9656 886.6729 1448.5133 1540.553 1236.3585 889.80664 1386.0625 1208.8625 1148.0961 1538.6102 1404.5319 1537.8898 1149.628 1385.9868 1363.9968 1387.2091 981.85065 1540.6613 1439.9791 1538.3584 1406.5133 1176.7048 1076.4419 1537.9904 1226.4912 1028.6683 1393.747 1541.1228 951.9928 1382.066 1439.0244 1185.153 1406.0835 1421.2842 1539.3531 1423.5247 1370.024 1540.1489 1221.9622
 172 1422.8798 1168.4327 1525.1748 1379.2726 1523.2666 1049.0659 1420.6033 1264.3894 1426.1561 1376.9799 1525.1735 1377.1205 1382.6047 1420.3212 1521.2803 1425.8431 1119.217 1175.8706 1385.3014 1524.6453 1294.6393 1400.5145 1187.6038 1525.044 1425.4822 1352.0233 1091.8086 1526.26 1009.8676 1523.1499 1430.4093 1403.6377 1165.3905 1523.6864 1434.8412 1366.529 1060.4956 1420.8492 1524.8842 1175.304 1528.3492 1154.3467 1366.6807 1382.3917 1421.2607 1156.9779 1174.6283 1523.7833 884.8832 854.40106 1522.8651 1185.8119 1359.13 1528.4635 988.0694 1366.7794 1523.3777 1423.4124 878.7482 1154.5591 1524.5826 1424.416 779.54584 1362.596 1524.8306 1092.3645 1246.799 1379.9639 1527.8069 1036.8604 1314.7974 1379.4238 1395.8872 1177.278 1524.7595 1311.7904 915.5093 1526.2012 1382.4171 1394.189 1183.7443 1389.6366 1416.5448 1525.8458 1411.413 1421.2238 1522.5262 1156.5314 1363.3639 1425.3328 1023.0382 1526.0719 1043.272 1429.1978 1180.8514 1523.5438 1420.3965 1230.11 1166.0261 1524.1304 1114.4768 1387.9626 1085.7563 1525.5059 1187.3456 1245.5021 1419.7428 1523.3279 1084.3243 1292.08 1423.6953 1523.1903 1523.8499 1421.8914 1053.666 1269.3794 1523.0902 1208.5914 1151.69 1421.7042 1384.929 1525.847 1420.4381 1263.5986 1421.678 1526.8889 1207.8036 1352.6096 1526.5624 977.40894 1346.9097 1256.9456 1151.9701 964.4523 1523.3689 1391.5591 1359.5665 1167.0747 1415.9635 1525.2007 1523.3903 908.68207 1424.2595 948.39874 1414.8121 1526.9097 1211.7272 1378.4791 1417.2122 1176.7477 1525.058 1086.507 1345.8218 1424.0183 1522.0547 1041.1638 1056.7579 1283.9847 1366.6514 1526.3359 1115.8293 1205.124 1525.322 1096.0687 1526.023 1363.038 1424.1272 923.4669 855.2851 1462.1488 1522.536 1421.6603 1150.002 1406.3468 1227.8798 1525.7024 1394.6792 989.39496 1394.2335 1527.019 1524.6863 1243.2942 1418.9838 856.1431 1428.0835 1373.9926 955.61053 1524.7606 1422.4894 1081.6047 1097.428 1522.7849 1021.8972 1340.0592 981.8606 1526.3452 1523.1443 1393.6443 1062.8325 1423.4825 1525.948 1399.839 1083.6122 1347.7675 1522.4689 1028.2638 1425.0509 1330.5338 1089.715 1412.2949 1524.5059 1275.5038 1154.953 1527.4136 1275.2428 1344.8115 1288.7192 1522.8949 917.3778 1422.7666 1523.9727 924.7439 1418.4502 1189.0243 929.98816 1026.6849 1347.1637 1528.907 1426.5118 1395.3793 1001.84143 1523.9387 1375.753 1164.931 1052.184 1525.3821 1145.7736 1436.4287 961.04944 1524.321 1205.407 1361.002 1526.9421 1087.5488 1525.0464 1123.926 1366.592 976.7956 1526.8612 1353.1434 1074.037 1142.5438 1418.173 1349.9266 1201.5688 1523.5729 1525.7845 1372.8038 925.51276 1188.2554 1376.2554 1082.1675 1525.6732 1213.249 1526.2485 868.59906 1165.7494 1364.3898 1208.7437 1344.9716 1527.574 1087.5671 1421.1204 1521.3662 780.3357 1418.529 1003.37946 1391.8734 1103.8539 1524.7815 1420.6667 1375.5846 1524.3208 1220.9049 1523.8778 1421.0269 1080.1725 1038.0035 937.3249 1523.7358 929.7013 1239.603 1359.1776 1373.0328 1095.8179 1526.4753 1526.0209 1051.1796 1365.2595 1173.321 1406.3586 1523.6958 848.46277 1315.5582 1524.5424 1228.4877 881.6115 1385.7695 1178.248 1140.929 1523.6013 1424.3855 1527.8224 1144.4492 1380.3398 1361.0547 1383.8125 973.4898 1523.7484 1426.8379 1523.2279 1424.6765 1161.0182 1069.1947 1524.1338 1182.7189 1022.27655 1422.7477 1524.0908 949.0295 1381.5674 1426.0262 1160.4786 1329.4918 1416.7067 1528.6873 1404.4441 1370.3464 1526.7966 1194.6837
 173 1314.5525 1161.0149 1530.3848 1237.202 1526.3485 1026.7731 1307.6952 1133.8107 1289.2687 1085.3932 1526.662 1212.7335 1073.7607 1274.0321 1522.509 1112.3577 1106.47 1196.4448 1234.2189 1531.5812 1114.9792 1232.8224 1192.1486 1529.0887 1317.2701 1265.224 1063.7622 1528.8374 935.3001 1524.2766 1323.3574 1197.6174 1107.0105 1525.7208 1296.6256 1070.6068 1044.152 1317.263 1528.3516 1229.7203 1533.6578 1137.1273 1264.3826 1343.9617 1319.0868 1145.7382 1148.8228 1527.7195 879.8521 846.22797 1535.7412 1206.823 1260.3444 1526.5098 942.3791 1326.514 1527.9985 1314.385 849.05786 1185.3613 1526.5367 1309.6307 728.742 1252.436 1528.1945 1082.9376 1184.075 1236.3741 1527.1075 1031.9717 1352.33 1226.8466 1184.0289 1157.4237 1526.7671 1092.3011 907.8752 1527.0194 1223.064 1329.0634 1155.8639 1212.2485 1306.6663 1525.8546 1202.7059 1311.0104 1523.5051 1106.3185 1246.0406 1305.2489 1008.3072 1532.6027 1031.8774 1317.73 1148.9523 1526.5865 1317.163 1181.5367 1225.0688 1526.2803 1117.5519 1231.4927 1064.5623 1529.7338 1172.8632 1152.376 1312.6802 1526.0581 1094.1421 1136.0288 1306.8065 1525.3477 1525.1763 1312.8292 1026.5227 1187.0981 1525.7744 1199.944 1134.1156 1313.2454 1207.3936 1527.7164 1295.7141 1131.6649 1311.2523 1528.7739 1195.0587 1271.5774 1529.4265 933.04376 1267.82 1158.4169 1132.1448 945.48114 1529.6934 1224.8683 1225.5164 1137.4432 1346.3542 1526.3496 1527.0 893.81793 1309.6184 917.74146 1305.2491 1529.6736 1203.7523 1232.017 1321.8602 1192.2776 1526.7803 1082.4929 1075.6533 1295.4998 1523.6514 959.178 1023.98785 1133.3579 1317.1815 1525.5211 1113.324 1204.1199 1529.0862 1091.2079 1530.0297 1267.9382 1317.08 893.2807 802.8453 1267.4756 1530.1359 1321.8293 1136.9359 1328.3287 1216.3032 1530.4928 1317.9539 972.2246 1216.3124 1526.7601 1527.0118 1197.4863 1314.6967 825.7476 1294.2827 1219.4822 914.5774 1528.2633 1314.0637 1060.337 1058.0853 1526.7042 992.24963 1237.8439 946.85547 1560.9508 1525.5474 1222.5967 963.60205 1302.0554 1526.2357 1181.2062 1010.64026 1306.3986 1524.1864 940.9443 1295.6138 1087.6577 1051.9667 1309.4094 1525.2075 1170.8131 1114.9797 1529.7562 1117.0564 1229.3855 1103.8666 1525.7725 852.22046 1301.37 1529.3043 928.48804 1180.5815 1248.9489 909.3935 1009.9984 1271.7577 1531.8137 1311.8737 1206.5905 943.7841 1527.2992 1247.3853 1171.1389 1035.6461 1529.3942 1161.8892 1329.4266 953.0988 1527.4193 1202.1139 1263.555 1531.9547 1060.8107 1530.7805 1110.705 1257.8527 950.33997 1529.3508 1268.6318 1058.3552 1168.8696 1292.4657 1088.5027 1164.2595 1524.4403 1528.2932 1250.2451 924.8664 1168.1143 1241.1161 1053.3837 1529.0619 1213.4604 1530.9409 862.39795 1143.8779 1338.6362 1186.2451 1234.5579 1539.7943 1072.3519 1306.6239 1531.5991 744.7861 1162.3706 981.2633 1212.6523 1098.7448 1528.6104 1301.523 1099.9476 1525.7643 1184.361 1527.5543 1318.8673 1070.0197 1013.7732 918.2806 1529.9587 911.74603 1190.8782 1316.4639 1218.8595 1075.585 1527.4313 1526.564 1035.3365 1338.4736 1242.1813 1318.6523 1531.9171 817.73517 1222.7363 1528.5685 1157.9022 862.3913 1230.3456 1223.3037 1119.6388 1524.2856 1312.8018 1526.9478 1150.8866 1193.6703 1339.6986 1225.886 955.75586 1526.0151 1297.9764 1529.0076 1321.2224 1188.0482 1070.935 1524.3933 1204.3712 1003.73206 1315.9816 1526.126 868.8102 1205.5515 1294.8035 1130.7206 1236.0271 1315.998 1524.826 1316.9017 1242.3265 1527.7968 1240.4833
 174 1331.1622 1167.7063 1538.9751 1237.1494 1540.1876 1035.8912 1327.666 1138.3809 1317.2549 1083.0638 1538.515 1214.181 1070.3164 1303.799 1541.1499 1106.8702 1108.7603 1194.4087 1232.3884 1542.0634 1112.5016 1231.28 1201.1731 1540.892 1338.4927 1270.2599 1070.3347 1539.4918 961.6974 1540.2351 1493.122 1197.6064 1112.2052 1541.161 1331.4645 1070.0347 1051.5468 1333.5009 1540.3268 1240.5757 1540.4183 1145.8967 1261.9015 1373.0746 1336.146 1153.8254 1157.7292 1539.3551 879.81055 850.4925 1543.8458 1212.9547 1265.632 1540.4019 952.6561 1354.3151 1541.8533 1339.5968 857.0031 1179.6678 1539.852 1332.7784 732.83575 1256.839 1541.6537 1091.7744 1215.1725 1239.8434 1541.0502 1037.3011 1359.6381 1226.011 1181.8778 1181.1149 1541.0524 1091.7664 915.1163 1539.9478 1224.7499 1362.32 1188.6196 1217.6215 1328.2211 1538.2151 1203.2882 1335.0085 1539.9436 1112.8058 1249.3915 1324.0747 1012.0069 1539.6635 1050.824 1528.9714 1205.8678 1539.764 1334.0791 1187.0132 1199.9894 1541.642 1124.8713 1231.436 1071.0454 1541.5287 1181.8583 1158.9629 1330.1271 1540.1598 1090.9822 1135.997 1331.4604 1541.1874 1539.8396 1344.6156 1038.9038 1238.1315 1540.8735 1209.5085 1143.7432 1332.8925 1214.9915 1538.9519 1322.4905 1172.4097 1332.8019 1539.6621 1205.51 1276.3398 1541.1025 936.1565 1271.8622 1161.6853 1139.5278 953.29596 1542.8824 1224.7633 1259.8512 1158.1772 1393.3739 1540.1307 1541.3025 902.39825 1330.6227 925.30255 1328.7665 1539.5771 1213.7726 1235.154 1335.4949 1189.653 1540.143 1091.5641 1074.1849 1320.7269 1539.4127 966.812 1032.9224 1135.8335 1337.4135 1540.1791 1118.6959 1213.2434 1540.9341 1100.0732 1539.6022 1268.9541 1338.0183 901.23724 814.5309 1306.5161 1538.5682 1340.3114 1143.9618 1341.322 1224.7042 1540.1433 1502.566 995.89386 1226.5042 1542.6078 1538.9465 1224.568 1333.5125 834.759 1314.7919 1223.9967 917.8887 1539.9305 1334.2673 1069.5172 1069.5012 1541.2936 1004.58264 1276.7845 955.5374 1535.8457 1539.8123 1224.6349 970.4605 1328.4783 1540.4476 1179.1573 1017.10376 1327.6772 1541.0569 949.2602 1323.4039 1089.5874 1071.9128 1353.3455 1539.9014 1236.1742 1129.4952 1540.8771 1123.8136 1267.3424 1104.3824 1540.6315 860.30396 1322.5626 1542.4651 926.3854 1178.088 1215.4125 918.3424 1017.65314 1289.9 1541.2965 1332.282 1204.543 949.44025 1540.8967 1249.1101 1164.8323 1041.2207 1542.1621 1159.7543 1366.7454 960.36127 1541.5901 1208.7946 1264.611 1541.1611 1065.3702 1541.7083 1118.5989 1260.4482 955.87866 1541.737 1270.606 1059.259 1154.2883 1316.3345 1091.5183 1196.4259 1540.0192 1541.9148 1249.7881 929.8925 1163.883 1244.0555 1059.98 1541.5615 1205.5092 1542.1769 870.60724 1151.2081 1359.2645 1190.3151 1276.8425 1537.9363 1075.9867 1331.1501 1541.8197 746.598 1158.3494 985.9992 1212.8278 1119.6178 1542.1764 1332.9755 1100.2332 1539.8448 1210.5226 1540.4415 1337.0748 1077.7703 1022.7775 928.8398 1542.9297 921.0111 1221.4684 1353.8707 1226.0386 1086.1953 1540.6432 1541.481 1045.1964 1354.8397 1255.7102 1495.5941 1538.938 830.3117 1273.9385 1541.5177 1162.3085 869.87054 1231.3818 1215.4524 1126.6846 1540.3411 1335.5764 1540.702 1165.7202 1196.4347 1377.4788 1230.3538 966.14716 1540.5576 1318.3337 1542.0225 1345.1437 1177.4224 1073.183 1540.644 1206.3534 1011.5758 1341.6741 1540.3116 873.53424 1209.3372 1315.4462 1145.9999 1271.8402 1344.1697 1538.0967 1343.1257 1247.5839 1539.4342 1228.3933
 175 1332.0757 1168.2335 1540.0605 1237.3864 1540.7179 1035.8582 1328.0865 1138.2949 1318.6879 1083.1194 1540.3939 1214.7198 1069.7834 1304.1084 1540.7782 1106.677 1105.7463 1182.7822 1230.7112 1540.2086 1111.2659 1230.6119 1196.9445 1540.2758 1339.0999 1270.5684 1070.7129 1540.56 954.3965 1542.0037 1453.8402 1196.4413 1112.5321 1540.917 1331.527 1070.1774 1052.0128 1333.8633 1540.7445 1240.727 1540.098 1145.8464 1261.464 1373.6398 1336.9984 1154.0962 1158.4473 1540.5277 879.1748 848.9744 1540.3627 1212.3973 1264.998 1540.3254 951.7966 1350.8087 1540.2468 1338.7418 856.0495 1172.1385 1540.6635 1333.4865 732.80804 1256.9114 1540.2255 1091.4446 1219.5449 1239.6821 1540.6095 1032.1333 1339.388 1221.9253 1180.8873 1175.6722 1540.4326 1089.8789 915.3534 1540.352 1224.747 1363.0457 1184.3962 1216.7919 1328.9304 1539.9688 1203.1566 1335.8844 1540.6595 1112.9865 1249.6158 1324.7916 1012.434 1540.4467 1048.9823 1503.6945 1199.4462 1541.0408 1333.6016 1186.0393 1192.2349 1540.4438 1124.5707 1230.8114 1070.6432 1541.019 1182.0146 1159.059 1330.6569 1540.7874 1081.9957 1134.6802 1330.8492 1540.3885 1540.1033 1345.8412 1039.3801 1241.9366 1540.8007 1209.3646 1143.5372 1333.2053 1216.778 1539.6672 1325.0319 1185.4152 1332.967 1540.0227 1202.218 1276.319 1540.8185 936.7335 1271.2653 1160.8181 1138.5062 951.83496 1540.755 1223.9115 1276.5681 1162.3236 1398.9343 1540.0739 1540.3934 901.78094 1330.2067 925.09283 1328.6118 1540.054 1209.3973 1234.8802 1335.0282 1182.8583 1540.296 1092.1249 1074.1919 1321.7245 1540.6746 967.08167 1031.2405 1134.754 1330.4543 1540.3617 1118.949 1212.8263 1540.8832 1100.5292 1540.4902 1269.2079 1338.7161 901.4667 820.78613 1333.6798 1538.9142 1341.3534 1143.7677 1341.3885 1221.6238 1540.1371 1453.4547 990.37823 1221.2732 1541.7004 1539.9192 1224.4557 1334.3431 835.037 1315.3864 1223.8743 917.9594 1540.6078 1334.3837 1069.5953 1069.266 1540.6666 1005.7822 1288.5854 959.0207 1540.016 1540.5284 1224.5776 970.63434 1329.0903 1540.3802 1176.8394 1014.502 1318.1246 1540.9458 949.3234 1323.9238 1089.4083 1073.349 1356.6779 1540.0985 1246.2875 1133.8584 1539.8203 1127.9406 1287.3518 1103.6229 1540.4524 860.13965 1322.8188 1540.4867 925.5038 1176.6675 1212.6923 919.3705 1017.6548 1294.7805 1539.9788 1332.493 1204.7772 948.5112 1540.9341 1247.9609 1153.0101 1039.7372 1540.5187 1149.2112 1365.8976 959.2387 1540.3678 1208.6547 1264.5027 1540.7162 1065.1682 1540.7421 1117.9188 1260.0703 955.4887 1540.4657 1269.128 1057.0492 1146.7087 1316.5446 1091.0688 1194.0304 1540.3168 1540.4708 1248.5035 929.1974 1159.7205 1243.6597 1059.5043 1540.585 1194.4382 1540.1521 869.1885 1149.2609 1352.4507 1192.0851 1293.5476 1540.0524 1077.5425 1331.3829 1540.5063 746.5854 1157.4524 985.50977 1209.843 1108.8257 1540.4824 1333.2634 1099.7325 1540.2478 1207.9102 1540.5862 1337.2596 1078.214 1022.2533 925.45044 1540.3116 918.07166 1214.4512 1354.6334 1225.8365 1086.1929 1540.1802 1540.4961 1043.4698 1346.0353 1255.501 1449.6147 1541.2379 833.5876 1282.3969 1540.9288 1161.8718 869.1825 1230.8549 1203.2089 1125.3468 1540.4606 1335.5187 1540.2938 1164.406 1194.8984 1372.6666 1230.3947 965.98816 1540.8152 1318.7496 1540.3494 1345.1117 1160.6703 1070.7522 1540.4501 1194.4106 1010.22296 1340.2179 1540.843 873.56805 1209.5284 1315.6354 1149.9175 1284.2976 1347.0143 1539.8378 1342.8623 1248.3416 1540.1361 1218.1632
 176 1368.8899 1167.5946 1533.1464 1236.6759 1529.9786 1034.708 1366.1017 1138.9308 1369.1343 1092.0099 1532.0172 1215.3743 1077.7627 1357.7507 1531.2181 1113.8971 1098.1366 1174.9401 1220.7043 1520.4891 1105.8253 1220.5913 1192.2256 1521.6023 1376.191 1268.7727 1069.3916 1529.392 950.82495 1520.425 1437.7067 1188.2783 1108.5171 1526.065 1380.5204 1077.3085 1053.082 1367.1204 1529.3127 1235.1222 1527.9995 1145.967 1250.746 1401.1716 1370.8076 1152.6758 1160.4784 1532.0945 876.0555 849.32135 1520.4574 1211.2979 1260.0038 1526.4755 957.63367 1384.0458 1527.0183 1384.1307 863.5473 1169.1106 1530.0216 1375.0717 738.88855 1255.0328 1521.6155 1084.8503 1212.6124 1232.4176 1525.4716 1043.3187 1388.4171 1221.8815 1174.9086 1168.8401 1522.3682 1084.0828 911.4849 1526.419 1220.4502 1397.2161 1188.6018 1217.698 1367.1638 1531.5239 1200.1609 1376.172 1531.5635 1110.8748 1254.4724 1365.516 1011.06665 1532.4479 1036.8162 1462.9043 1180.3383 1518.4315 1371.2438 1181.1971 1190.5177 1529.0258 1113.4238 1221.9889 1062.0267 1521.8461 1180.5128 1161.8591 1367.6863 1532.7439 1082.531 1140.9038 1377.4154 1527.8337 1527.5983 1384.3071 1040.1373 1245.5255 1529.5947 1206.5015 1143.8324 1371.2224 1224.0271 1530.0474 1366.2676 1190.8334 1372.8969 1528.7982 1204.3431 1273.5984 1523.0413 930.9143 1263.8517 1153.8613 1130.4393 945.32587 1521.0055 1215.6343 1278.0973 1162.9761 1413.3209 1523.9357 1529.9298 904.2095 1373.6108 932.02203 1369.4905 1529.896 1209.4723 1237.4291 1368.2239 1182.2704 1530.8838 1085.9911 1079.4652 1368.8029 1532.6847 972.51996 1039.2357 1136.8353 1371.2235 1529.1102 1108.2006 1205.5166 1523.297 1092.8271 1528.605 1263.2684 1375.8594 907.5048 818.40094 1332.0385 1532.287 1376.9419 1142.1359 1367.0585 1219.1539 1531.3782 1438.6263 983.5755 1210.3508 1520.5529 1532.3519 1224.928 1370.726 840.6104 1357.9984 1234.1997 917.51044 1529.0859 1373.9388 1072.505 1077.0087 1529.7338 1002.3002 1283.2712 954.78644 1519.7931 1530.1852 1223.7745 980.74567 1375.0049 1526.4167 1182.1423 1022.00366 1362.1964 1528.7047 963.37 1372.0726 1102.5613 1077.4106 1392.9705 1526.044 1255.8538 1127.0106 1521.441 1120.3734 1281.5824 1107.0503 1529.8425 875.03436 1366.2025 1521.0798 921.2047 1167.1671 1204.9927 912.4523 1008.9558 1285.6892 1520.9966 1369.8423 1202.1664 954.1199 1526.0708 1239.452 1148.659 1032.5918 1521.5253 1152.3561 1404.797 954.4612 1524.904 1200.4497 1255.5182 1522.5281 1058.0256 1521.6957 1109.5275 1252.5328 950.95935 1521.9718 1259.8809 1049.8187 1140.9513 1359.824 1102.2306 1201.6145 1528.6678 1522.1796 1243.0782 924.155 1154.6368 1236.8611 1049.9149 1522.2115 1187.0358 1525.2278 868.271 1150.2823 1383.7712 1185.9795 1287.5975 1519.9731 1072.5963 1381.0143 1527.0096 755.39874 1159.8904 978.5462 1204.8672 1103.851 1521.5212 1377.1177 1104.882 1526.7142 1210.6279 1528.4951 1369.1454 1074.2898 1024.8054 919.87506 1521.2622 911.2769 1209.2843 1386.0488 1230.1472 1086.1305 1525.5421 1525.7906 1048.4175 1382.7062 1246.7817 1436.2821 1519.7238 830.64703 1279.8447 1522.4967 1153.5382 862.73145 1223.5406 1196.612 1125.3319 1531.0511 1380.2751 1524.0835 1166.897 1193.5197 1404.2211 1236.3806 968.42926 1528.4607 1360.3004 1527.3408 1384.3363 1160.7583 1066.3712 1529.2473 1197.7283 1010.536 1386.1201 1529.1136 879.7607 1214.3458 1357.3307 1147.2074 1285.1194 1383.9602 1530.433 1382.7871 1248.3027 1529.0166 1217.8733
 177 1445.7651 1179.8073 1541.8185 1250.3608 1541.4237 1049.181 1447.2216 1157.6267 1454.9369 1117.611 1541.883 1231.0669 1100.872 1453.3003 1539.4651 1135.2887 1108.953 1186.9731 1233.9823 1541.5812 1116.319 1233.1774 1204.5123 1542.1237 1449.1462 1286.1007 1085.1011 1542.147 955.97174 1541.2532 1439.0183 1201.2218 1119.5111 1541.3192 1455.6678 1100.789 1073.2319 1443.1321 1541.7366 1244.9617 1542.1882 1162.65 1257.3044 1450.3558 1444.77 1165.5863 1180.4939 1541.7445 882.77313 857.8071 1540.214 1221.0784 1274.5894 1540.752 981.001 1449.8978 1539.3865 1454.5378 883.5271 1180.2279 1541.6488 1451.8566 754.86676 1270.3751 1541.0012 1097.0469 1226.4406 1245.3546 1541.6646 1067.1135 1455.5923 1241.2373 1186.6709 1182.8268 1541.3406 1094.5519 922.30634 1542.0337 1234.0242 1452.2518 1209.8549 1232.8253 1449.422 1541.3962 1210.9202 1451.6862 1540.7822 1120.0542 1278.3151 1447.9421 1020.6296 1542.0931 1047.1482 1434.5972 1184.1388 1541.8112 1447.8099 1191.8693 1203.855 1540.2573 1126.1211 1235.2701 1074.2501 1541.8315 1193.2874 1181.2849 1445.8777 1541.0309 1099.1793 1160.9132 1454.3632 1540.661 1541.1943 1452.3197 1055.8546 1267.2845 1540.9955 1219.3145 1160.9719 1448.6698 1250.6228 1541.7064 1448.5455 1212.4558 1450.1599 1541.8263 1224.2225 1289.0192 1541.4393 939.62384 1276.6957 1166.7787 1142.5073 956.79456 1540.4491 1228.3315 1293.4061 1178.8052 1446.45 1541.7725 1539.998 919.61053 1452.4891 952.48645 1449.985 1541.7788 1227.229 1259.3292 1442.6403 1198.5093 1541.0093 1092.2632 1100.1183 1453.3849 1540.9767 993.22003 1065.855 1156.2572 1450.8164 1541.1864 1119.2712 1218.6344 1541.7416 1104.5592 1542.1392 1273.5785 1449.5634 928.6376 842.6119 1412.289 1552.1082 1455.4506 1154.9874 1434.5636 1233.4703 1541.4058 1441.9402 992.43787 1223.9923 1542.1815 1541.5236 1242.303 1447.0571 860.38654 1446.2733 1267.3147 927.6542 1541.8514 1450.0757 1091.1688 1105.2094 1540.5453 1014.7604 1295.5626 964.1874 1538.7944 1541.6104 1238.3733 1005.89435 1454.4312 1541.3326 1207.27 1050.5466 1449.1262 1540.9264 993.24304 1454.4348 1134.4866 1098.6147 1452.4503 1541.6187 1282.4342 1139.9941 1541.4254 1132.2362 1296.2012 1126.6116 1540.4032 908.6089 1450.615 1541.8708 930.9049 1180.7627 1217.4607 923.8047 1021.8636 1300.0953 1542.2537 1446.4708 1215.2075 974.0221 1541.7161 1252.9178 1161.384 1043.9149 1541.4846 1171.4944 1450.5404 964.70166 1540.4677 1212.8958 1268.0955 1541.9148 1068.9075 1541.9454 1123.0049 1266.2875 961.06165 1541.5662 1273.4707 1061.3881 1152.8737 1447.5773 1136.0449 1229.9727 1540.7767 1541.251 1255.1761 933.322 1165.7059 1251.0581 1061.9485 1541.5995 1200.7665 1540.6041 883.27954 1170.0576 1448.903 1195.8445 1299.898 1539.1289 1080.2866 1455.4536 1540.2 772.76324 1178.6545 987.69037 1214.7765 1114.3949 1541.3043 1453.3113 1127.9987 1541.623 1233.1293 1541.5851 1442.8552 1085.5969 1044.4601 927.03217 1540.8427 919.3213 1220.5752 1449.5952 1253.615 1102.9374 1541.6823 1541.344 1071.2168 1451.0487 1256.3707 1439.6934 1538.2786 838.4643 1289.0631 1541.3441 1165.8997 874.5688 1236.8657 1206.8657 1140.0472 1541.3104 1454.4346 1542.0101 1185.5126 1210.2687 1450.562 1264.1676 988.05536 1540.952 1446.144 1539.517 1452.0636 1179.3187 1073.7273 1541.3562 1218.8655 1024.5659 1455.3057 1541.0542 902.0368 1241.1099 1445.596 1159.324 1301.9513 1451.5068 1541.7407 1453.1095 1266.0082 1542.1371 1235.3805
 178 1450.873 1180.3674 1541.7314 1251.1077 1541.8998 1050.1633 1452.9282 1158.8395 1459.694 1119.1283 1541.8342 1231.8289 1102.8451 1460.3833 1542.1536 1137.0278 1109.4425 1187.5131 1234.4565 1542.2728 1116.6627 1233.3597 1204.8921 1542.1044 1453.3862 1286.7089 1085.4655 1541.848 956.2135 1542.3048 1438.6866 1202.0004 1120.0991 1542.0895 1458.8241 1101.6737 1074.249 1448.4539 1541.8331 1245.4934 1542.0137 1163.062 1257.4076 1451.9642 1449.8337 1166.256 1181.5618 1541.7458 882.9474 858.1561 1542.5983 1221.564 1275.6556 1542.1095 982.572 1454.0117 1542.5977 1458.2401 884.8018 1181.4292 1541.9052 1456.2997 755.8901 1271.1731 1542.2325 1098.0328 1227.386 1246.3567 1542.0818 1067.8904 1457.3103 1241.8903 1187.2902 1183.624 1542.0931 1094.9193 922.4499 1542.0056 1234.505 1453.9607 1211.1063 1233.7388 1455.2401 1541.74 1211.9214 1456.7548 1541.8634 1121.0543 1279.5803 1453.2695 1021.01196 1541.8368 1047.3441 1432.1841 1183.8132 1542.1903 1453.4113 1192.9768 1205.0076 1542.032 1126.4462 1235.6923 1074.7437 1542.109 1194.3037 1182.716 1451.7067 1541.74 1100.2422 1162.028 1458.3263 1542.1329 1542.0198 1455.879 1056.8816 1268.5381 1541.8982 1220.2454 1162.1703 1453.8807 1252.2439 1541.8546 1453.8555 1213.9609 1454.7103 1541.9088 1225.2046 1289.7163 1542.012 939.98645 1277.2573 1167.4493 1143.6449 957.7332 1542.4191 1229.4073 1294.1041 1179.5106 1447.1077 1542.1045 1542.2229 921.1017 1457.8644 954.03766 1454.9509 1541.9084 1228.237 1260.4973 1448.1887 1199.7455 1541.8022 1092.7374 1101.539 1458.7954 1541.7969 994.65967 1067.4244 1157.4385 1455.7864 1541.9486 1119.2155 1219.1865 1541.9713 1105.0554 1541.9054 1273.7847 1453.8364 929.7593 866.9103 1518.1514 1540.8368 1456.3748 1155.8167 1439.9077 1234.3901 1541.7555 1441.1853 992.52856 1224.1821 1542.1802 1541.7426 1243.3334 1452.3392 861.7044 1452.3058 1269.4594 928.24854 1541.8542 1455.1422 1092.618 1107.2194 1541.9985 1016.3842 1296.9432 965.3246 1543.3857 1541.9159 1239.3447 1007.3386 1458.5249 1541.981 1208.8156 1052.4067 1454.8074 1541.994 994.94696 1459.1459 1136.3708 1099.4796 1454.8342 1542.0311 1283.6447 1140.8158 1542.2216 1132.8986 1297.1975 1128.2213 1542.0454 910.942 1456.5011 1542.1719 931.3596 1181.1279 1217.8708 924.2067 1022.1544 1300.4105 1542.1157 1451.5623 1215.792 975.32367 1541.9429 1253.6497 1162.1771 1044.5149 1542.1843 1172.2644 1450.7634 965.68317 1542.4615 1213.3981 1268.3918 1542.0289 1069.2378 1542.1313 1123.4573 1266.8885 961.5441 1542.1136 1274.1208 1061.9099 1153.6108 1453.8884 1138.5999 1231.8347 1541.9528 1542.1483 1255.8895 933.92535 1166.4152 1251.8906 1062.3115 1542.1046 1201.5773 1542.2802 884.4357 1171.4454 1453.1039 1197.0366 1301.4131 1543.1819 1081.4003 1458.9401 1542.2794 773.4992 1180.0006 988.19476 1215.3192 1114.928 1542.2031 1457.2445 1129.1057 1541.9652 1234.2599 1541.8417 1447.9393 1086.2703 1045.7664 927.2027 1542.3162 919.6549 1221.0275 1453.0205 1254.7607 1103.8188 1542.0057 1542.0447 1072.5063 1454.7626 1256.9446 1440.6378 1543.4482 839.2404 1289.5299 1542.0947 1166.5101 875.18524 1237.6523 1207.7734 1141.0981 1541.8926 1458.2323 1542.0579 1185.8243 1210.6047 1451.2339 1266.2498 989.5215 1541.9147 1452.3535 1542.4971 1456.6014 1181.0248 1074.7434 1541.9932 1219.9763 1025.0571 1457.8773 1541.8925 903.78094 1243.1134 1452.0922 1159.7517 1302.7297 1455.0406 1541.8182 1456.3427 1266.6237 1541.9252 1236.0215
 179 1446.1475 1176.6675 1535.1193 1247.333 1534.6597 1047.3596 1448.9681 1155.4703 1455.337 1116.1952 1534.9125 1228.0907 1100.0403 1456.3683 1535.1578 1134.6378 1106.0 1184.4421 1230.3954 1535.1313 1114.0316 1228.9938 1202.4943 1535.0276 1449.3954 1282.565 1081.4463 1535.0156 972.77246 1530.6445 1542.2584 1199.2281 1116.9708 1535.0146 1455.7747 1098.4575 1070.204 1444.596 1535.0795 1242.0569 1535.1329 1159.4719 1253.419 1448.1733 1445.4832 1162.7048 1177.4471 1534.9465 881.0585 857.522 1535.1628 1220.0553 1271.3855 1534.9761 979.84186 1450.3508 1535.3298 1454.5259 882.83203 1178.895 1534.7059 1452.4565 755.08563 1267.2944 1534.8315 1094.8712 1224.0074 1242.6681 1534.9114 1065.4166 1454.1318 1238.308 1184.0061 1180.8038 1534.7585 1092.0404 918.8412 1534.911 1231.0242 1450.0825 1208.6864 1230.584 1451.4482 1534.8813 1208.8839 1451.9249 1535.0118 1118.7257 1275.8328 1449.3169 1017.79974 1535.1018 1050.8099 1551.773 1209.8209 1532.1064 1449.3966 1189.2703 1201.7422 1535.0413 1121.9897 1231.7911 1071.145 1534.9823 1190.4528 1178.6206 1447.0869 1534.8612 1097.7645 1159.3011 1454.772 1535.1287 1534.956 1451.9846 1054.044 1265.4272 1534.9519 1216.779 1158.6552 1449.844 1249.1028 1534.9314 1449.9011 1211.7042 1451.03 1535.0128 1222.4379 1285.6917 1535.0265 937.0708 1273.8602 1164.2354 1140.0781 955.1973 1534.9293 1225.65 1291.8281 1176.9736 1443.7035 1534.9526 1535.3405 918.79047 1453.5245 951.4099 1451.3372 1534.7183 1224.8424 1256.562 1443.9454 1196.6171 1535.0325 1088.8916 1098.1849 1454.3761 1534.7618 991.5379 1064.0476 1153.8083 1451.9579 1534.7555 1114.7877 1216.0051 1535.1699 1101.7114 1535.1393 1269.7882 1450.2354 927.6903 867.23846 1524.2161 1534.5013 1452.3745 1152.6843 1435.652 1230.5471 1535.0443 1552.5334 1001.5039 1228.2604 1534.982 1535.0267 1239.966 1447.7434 859.1536 1448.7079 1266.5995 926.57385 1535.1555 1451.2308 1089.1179 1103.2264 1535.1595 1014.6405 1293.8 962.9608 1535.6924 1534.9222 1236.5653 1005.26044 1454.853 1534.8644 1205.4669 1049.3164 1451.8958 1534.7516 992.6171 1455.4922 1132.9208 1096.4137 1451.5391 1534.7318 1281.0203 1137.4834 1534.8723 1129.2291 1293.742 1125.2258 1535.1365 908.74835 1452.3735 1534.951 929.3141 1177.4203 1214.1277 921.165 1018.60645 1296.3728 1535.0328 1448.4163 1212.7347 974.04193 1534.995 1249.8973 1159.9374 1041.4229 1534.9309 1169.4795 1447.079 962.81793 1535.1259 1209.8403 1264.5142 1535.3572 1066.0496 1535.0911 1120.0427 1263.3469 959.3723 1535.0145 1270.2479 1058.6051 1150.8307 1450.405 1135.2887 1229.533 1534.9364 1534.893 1252.8077 931.32245 1163.7706 1248.5447 1058.5156 1534.8899 1198.4747 1535.297 881.69366 1168.4408 1449.6173 1193.9624 1298.4718 1535.4932 1079.0001 1455.5858 1535.0552 772.12976 1176.3875 985.1272 1212.8032 1112.7311 1534.786 1453.9774 1125.9305 1534.9003 1230.9932 1534.9989 1444.1366 1082.8723 1043.5137 924.3691 1534.9244 916.507 1218.4016 1449.5466 1251.896 1101.0184 1535.3319 1534.9095 1069.956 1451.4813 1253.2186 1545.8408 1531.958 840.10046 1305.5132 1534.884 1162.6997 872.59955 1234.075 1204.6124 1138.278 1534.9457 1453.8525 1535.1044 1182.6014 1207.1326 1447.9438 1262.8087 987.1656 1534.8326 1448.7356 1535.2897 1452.6799 1178.365 1071.7678 1534.9434 1216.6499 1021.402 1453.3666 1534.703 901.99207 1239.9069 1448.5251 1155.7295 1299.3105 1450.6025 1535.0708 1452.3903 1262.5114 1534.926 1233.0134
 180 1463.932 1188.664 1556.3716 1284.7109 1557.6787 1152.2871 1465.3497 1171.7712 1471.9052 1130.9753 1557.3018 1261.9017 1097.01 1478.4097 1560.9775 1153.4623 1119.7334 1209.0072 1244.3738 1558.1686 1125.6162 1241.9907 1225.575 1556.1128 1463.7871 1296.6333 1094.0275 1556.9264 978.3688 1556.7885 1556.7668 1212.2004 1127.3394 1558.3359 1468.4132 1108.7822 1089.1514 1458.9658 1555.9038 1292.0553 1554.9182 1171.5322 1265.3037 1467.4744 1460.2325 1174.8606 1190.438 1556.281 887.70667 863.9177 1560.6238 1226.3733 1285.1785 1559.5715 990.65485 1465.5878 1560.068 1475.6472 1007.0629 1192.4017 1556.7628 1471.6807 840.1299 1285.3395 1559.1328 1106.1799 1237.797 1254.3099 1557.9136 1210.7418 1475.663 1252.7579 1194.7526 1198.8778 1556.979 1102.997 928.5953 1557.12 1244.59 1474.3375 1239.9889 1246.4186 1468.8778 1556.5825 1220.0803 1467.9677 1559.0076 1127.1102 1307.773 1467.4017 1027.4667 1555.5887 1060.3047 1559.6848 1219.8291 1549.2753 1461.6362 1245.436 1218.5353 1558.7915 1135.5105 1244.2648 1083.0093 1557.1006 1203.9943 1193.8082 1463.4182 1558.7708 1117.2485 1168.4819 1469.0295 1558.5122 1558.3126 1468.4905 1065.8237 1298.4204 1557.771 1230.0149 1174.2566 1479.3596 1260.6362 1555.925 1464.2542 1228.549 1466.1835 1556.2452 1252.3253 1299.1598 1556.2733 951.2888 1288.0529 1206.2239 1153.2634 1068.1444 1559.7563 1241.104 1306.2025 1192.8453 1477.1735 1557.6918 1558.8442 1016.6736 1472.1265 961.1906 1470.3287 1556.9929 1239.14 1289.7954 1459.4653 1222.0682 1556.6005 1100.143 1110.8519 1475.7518 1557.7273 1004.6777 1076.9634 1166.7332 1475.1499 1557.6146 1127.0964 1228.9374 1556.1936 1112.9663 1555.7917 1281.819 1469.9111 1019.64056 874.9914 1538.1714 1554.8456 1466.9542 1163.079 1450.0242 1252.4724 1555.2045 1557.5371 1008.42035 1237.2235 1552.0596 1557.7802 1254.897 1461.9215 868.60455 1465.9819 1282.9657 1041.854 1555.01 1464.8281 1099.9485 1116.1149 1558.8829 1024.4805 1322.9077 978.954 1560.265 1557.8839 1246.9464 1013.3754 1468.3495 1556.7886 1216.8325 1061.2274 1471.5974 1558.6775 1008.1394 1492.3151 1151.6155 1110.7605 1469.6989 1557.5253 1312.1852 1152.1304 1557.872 1143.473 1318.0586 1138.3423 1558.224 1041.453 1477.941 1557.8253 944.0855 1190.3738 1254.8646 938.7119 1130.7164 1314.763 1560.3531 1459.543 1221.4498 980.79767 1557.21 1263.0566 1184.4333 1053.1055 1557.5281 1185.4138 1461.9069 1111.9512 1560.067 1265.5419 1274.2695 1555.2423 1077.897 1556.4536 1133.2825 1278.962 1055.3438 1556.5223 1284.8756 1073.729 1176.7428 1463.3925 1146.5958 1243.8693 1557.6256 1557.6367 1266.1366 1028.7395 1178.2745 1260.5251 1071.3917 1557.9719 1210.8202 1559.061 992.70654 1179.0172 1467.997 1205.5953 1322.9044 1560.4532 1088.3059 1479.2277 1559.5349 900.0631 1187.0441 1114.1528 1224.9192 1121.6069 1558.0278 1467.6058 1137.5957 1557.3785 1252.1045 1556.9176 1459.3281 1094.2816 1054.0955 942.0207 1558.6431 930.97186 1251.6136 1471.3405 1284.6305 1115.4917 1557.5186 1557.2084 1080.4828 1469.1454 1265.7511 1558.1609 1555.0266 852.6109 1329.3517 1557.813 1181.673 993.9159 1246.5193 1239.5742 1151.5452 1558.0441 1469.4946 1557.7856 1199.7101 1224.3252 1482.3663 1274.1382 1079.5282 1557.623 1461.8087 1559.5255 1466.9646 1208.0703 1084.7319 1557.6251 1245.9722 1035.2974 1470.7435 1558.7188 909.65607 1251.8302 1462.1836 1170.8639 1319.43 1466.3491 1556.744 1468.4994 1274.206 1556.314 1261.5758
 181 1452.321 1178.7169 1539.353 1284.7926 1539.1328 1182.3484 1451.6661 1161.8439 1460.7614 1123.943 1539.1481 1260.3456 1100.6808 1456.6183 1537.8638 1135.0782 1111.8413 1204.6147 1233.1321 1538.9856 1118.5665 1232.3579 1222.0029 1539.496 1452.5895 1284.5929 1083.1735 1539.1897 965.6185 1536.9045 1506.3257 1199.9067 1117.8323 1538.8544 1456.4393 1099.1399 1082.8773 1447.7267 1539.4469 1298.4917 1539.4813 1162.0006 1254.6582 1458.1957 1447.3158 1164.6382 1178.9027 1539.4286 881.0089 858.443 1538.0833 1218.6405 1271.4374 1538.3961 981.33905 1453.239 1538.6565 1465.4026 1049.4409 1185.117 1539.357 1462.2576 870.9818 1276.1132 1538.7074 1095.1841 1225.8992 1242.3845 1539.0426 1262.7002 1468.6342 1241.2705 1185.0763 1189.4481 1539.324 1094.6011 919.5073 1539.276 1234.037 1466.0881 1240.9932 1240.0898 1457.5282 1539.4104 1208.6666 1452.7593 1538.5476 1118.6984 1305.2545 1456.6213 1020.108 1539.5221 1048.2975 1486.4053 1194.9668 1536.8464 1448.0227 1252.3179 1210.6107 1538.7594 1124.3329 1232.9604 1072.5013 1539.1758 1192.2102 1181.1218 1448.8044 1538.791 1111.0936 1161.4648 1457.2406 1538.9707 1538.92 1451.8453 1059.0862 1299.715 1539.0708 1219.9182 1165.4415 1472.8774 1251.6064 1539.4988 1452.9031 1223.4677 1455.9635 1539.3857 1251.0294 1288.4108 1539.3574 946.11163 1278.2408 1208.5632 1142.2937 1101.4796 1538.5679 1230.2561 1298.9554 1185.9714 1473.7817 1539.151 1538.5978 1046.9917 1460.2347 954.09784 1458.935 1539.2689 1229.2147 1286.9186 1448.358 1217.8245 1539.3358 1089.0398 1100.7911 1464.5752 1539.1863 995.4113 1068.4021 1156.9459 1465.9979 1539.1595 1116.304 1218.4524 1539.4456 1103.3154 1539.4773 1271.9321 1461.3325 1049.1865 868.0247 1526.7185 1539.5996 1454.769 1153.8639 1438.0415 1245.6309 1539.4734 1499.9766 996.6905 1222.9529 1536.912 1538.9553 1243.7698 1447.094 860.5397 1457.194 1276.7166 1084.4045 1539.6332 1451.0541 1089.3224 1102.5867 1538.4929 1014.7104 1319.8287 973.90674 1538.9249 1539.007 1236.4811 1005.2962 1454.3317 1539.3309 1208.8666 1053.0999 1463.512 1538.8961 1004.19226 1489.8829 1145.8662 1101.7244 1460.2819 1539.2002 1311.0425 1142.2324 1539.113 1134.1812 1310.7375 1130.1891 1538.8901 1088.3922 1469.3203 1538.9751 938.9462 1178.4685 1256.8752 933.8706 1165.225 1304.7792 1538.5479 1448.8052 1212.5835 974.21606 1539.0961 1251.7477 1181.4132 1044.0245 1539.1704 1174.5763 1448.936 1160.8486 1538.4447 1275.194 1263.6278 1539.5446 1070.2911 1539.33 1122.8618 1269.6489 1085.5365 1539.3772 1274.084 1066.0614 1173.9641 1451.7587 1137.215 1236.1249 1539.2689 1539.0725 1255.5192 1062.7695 1172.7329 1248.2042 1059.7756 1538.9583 1199.1844 1538.5454 1026.929 1167.6544 1457.2704 1196.585 1317.0109 1538.7634 1081.4655 1472.7417 1538.731 949.4258 1175.5109 1161.9048 1217.4835 1117.7693 1538.8545 1456.0167 1128.4426 1538.9932 1245.1145 1539.2252 1446.8416 1084.7792 1045.5093 939.10077 1538.9836 925.13934 1252.221 1462.6238 1284.1597 1108.0219 1538.9813 1539.2676 1071.4357 1460.6521 1254.1973 1497.4067 1538.5381 847.01385 1318.6383 1539.0605 1173.2823 1031.2607 1235.1156 1236.0752 1142.17 1539.0122 1457.3191 1538.9672 1192.4797 1215.6144 1480.6786 1263.6324 1105.6283 1539.1498 1450.4669 1538.7408 1454.7767 1204.673 1078.2968 1538.794 1241.8815 1026.2695 1459.492 1538.8956 902.40173 1239.5748 1448.925 1160.9314 1311.3859 1454.2085 1539.3157 1456.8215 1262.9457 1539.4208 1257.9207
 182 1455.0719 1180.8677 1542.7808 1287.5988 1543.717 1186.9733 1455.3615 1164.9581 1463.6697 1126.2504 1543.4276 1263.367 1103.2074 1460.7561 1544.8112 1137.0519 1114.2789 1207.6615 1236.2596 1544.1306 1120.714 1234.5812 1224.8652 1543.2224 1455.2295 1287.2976 1085.4231 1542.8494 971.2606 1546.5265 1534.7628 1204.8232 1120.3408 1544.0352 1459.7709 1101.6552 1084.9156 1450.5221 1542.8992 1301.582 1542.8536 1164.3444 1257.1621 1461.216 1450.156 1166.9401 1181.3628 1542.8661 882.75085 860.1531 1545.0369 1220.6094 1275.17 1544.3608 984.0024 1456.8696 1545.1156 1469.4171 1054.0226 1187.7578 1543.8163 1465.5326 873.7612 1279.2156 1544.2809 1098.1605 1229.3726 1245.4329 1543.9772 1267.3087 1471.9067 1244.6151 1187.5885 1192.8923 1543.7703 1097.0261 921.59186 1543.668 1236.9528 1469.5757 1243.6287 1242.3208 1460.7128 1543.3949 1211.7703 1456.6088 1543.9961 1120.9374 1308.0568 1459.5359 1021.6098 1542.6512 1054.4608 1537.9445 1210.367 1542.0177 1451.4568 1256.4381 1213.5798 1544.2842 1126.8105 1235.6953 1074.9844 1543.1978 1195.1198 1184.2944 1452.31 1543.5645 1114.2314 1163.4039 1460.6841 1544.3748 1544.587 1456.0319 1061.4781 1302.832 1543.857 1222.7914 1168.2612 1476.5844 1253.9977 1543.273 1455.8273 1225.939 1458.8364 1543.2115 1254.0562 1291.0709 1543.1262 947.9638 1281.0284 1211.8694 1145.5791 1106.7897 1544.756 1233.7438 1312.9194 1201.2235 1534.5142 1544.3003 1544.3284 1051.0146 1463.9895 956.178 1462.5381 1543.355 1232.035 1290.1381 1451.2725 1220.7838 1543.3954 1091.5934 1103.5652 1468.2928 1543.9838 998.09503 1070.8656 1159.6792 1469.6868 1543.974 1118.2098 1221.0424 1542.6279 1105.4486 1542.8065 1274.0496 1464.2334 1052.5121 869.745 1529.6217 1542.949 1457.6367 1156.1627 1440.9264 1248.437 1542.9862 1538.2611 1002.95215 1229.6288 1544.1653 1543.1602 1246.8848 1450.2688 862.5298 1459.8969 1279.1244 1087.8857 1542.8401 1454.7513 1092.0743 1106.1316 1544.1008 1017.7658 1323.2384 976.3761 1545.1334 1543.6605 1239.2655 1007.37854 1457.898 1543.6721 1210.975 1055.367 1466.7816 1544.3055 1006.2614 1493.7614 1148.3864 1104.5806 1463.5333 1543.8704 1314.1818 1145.2412 1543.9886 1136.8951 1314.231 1132.7178 1544.1208 1092.7847 1473.087 1543.7797 941.29584 1181.6438 1260.1233 936.43585 1169.9408 1308.0732 1543.7052 1451.4943 1214.6079 976.2014 1543.2158 1254.7776 1184.4867 1046.5858 1543.8441 1178.3878 1452.7806 1166.8077 1544.924 1278.1045 1265.6937 1542.6265 1072.2013 1543.2023 1125.635 1272.4493 1089.285 1543.5085 1277.0005 1068.5449 1176.7722 1454.8174 1139.5935 1238.947 1543.9708 1543.8604 1258.159 1066.5728 1175.3339 1251.3124 1062.5765 1543.3993 1202.2474 1544.3965 1031.627 1170.6484 1460.9845 1199.2751 1320.7971 1545.2328 1083.4962 1476.1741 1544.8772 952.9508 1178.5931 1166.4357 1219.899 1120.2057 1544.4344 1459.5703 1131.206 1544.4917 1248.4963 1543.0747 1450.0751 1086.9514 1047.9419 941.02826 1544.4559 927.28986 1255.358 1466.1252 1287.2927 1110.5986 1543.7305 1543.8827 1073.9774 1463.7318 1257.2394 1538.4635 1547.1974 850.32 1327.7218 1543.6447 1176.2148 1036.3031 1238.0859 1240.1302 1145.0046 1544.0125 1460.5748 1543.8582 1195.1919 1218.5984 1484.1628 1266.3363 1109.8375 1543.9103 1453.4564 1544.8364 1458.2711 1208.3597 1080.6534 1544.245 1245.487 1029.15 1463.0112 1543.8375 904.339 1242.7117 1452.3269 1163.609 1314.4896 1457.316 1543.4348 1460.0188 1265.4674 1543.2524 1261.2029
 183 1456.3752 1183.2938 1546.5192 1272.268 1546.4812 1119.9751 1457.2451 1164.434 1464.7842 1125.4707 1546.2682 1252.225 1103.9163 1459.4822 1546.0001 1137.8783 1108.776 1180.6824 1236.1063 1546.1151 1115.4395 1234.7528 1191.7622 1546.5193 1457.1515 1290.1045 1088.0172 1546.3041 974.35504 1535.8245 1545.7067 1202.6986 1121.7954 1546.1798 1460.7723 1103.392 1077.1268 1451.4253 1546.3973 1253.2881 1546.3511 1163.5568 1260.589 1442.1031 1453.3749 1169.0625 1184.4507 1546.1287 883.90094 861.2884 1545.8784 1223.4402 1278.0082 1546.1068 985.3458 1458.2236 1545.5356 1464.6633 974.25555 1176.1237 1546.7467 1464.8005 829.16815 1278.8193 1546.0731 1100.5814 1230.7906 1248.5366 1546.3728 1202.2794 1469.4283 1246.1168 1186.8042 1165.6921 1546.4667 1091.2587 924.5251 1546.408 1236.8258 1453.5386 1209.2706 1234.9456 1457.648 1546.5547 1215.0413 1448.985 1546.0809 1123.4305 1295.798 1460.0876 1023.3479 1546.6388 1055.1011 1547.5359 1212.7794 1541.2382 1454.5415 1225.5033 1210.355 1546.1257 1128.9395 1238.3108 1077.2039 1546.0868 1197.3497 1186.1311 1455.1641 1546.0646 1092.9799 1161.7848 1459.0555 1546.0249 1545.7528 1458.9031 1059.1687 1272.584 1546.3668 1223.9767 1167.352 1466.9755 1252.2728 1546.5052 1454.365 1201.2286 1457.7346 1546.5355 1229.624 1292.7244 1546.3533 942.83295 1280.763 1177.6711 1145.7325 995.18066 1545.8873 1231.7717 1308.7163 1195.8721 1508.0679 1546.6731 1546.0675 988.2163 1463.1296 956.3642 1461.3053 1546.5359 1232.5221 1273.3209 1450.8904 1199.4934 1546.4443 1095.7186 1101.8057 1451.626 1546.2412 992.8035 1068.519 1159.2876 1455.9689 1546.3867 1121.0638 1222.6517 1546.0269 1107.9781 1546.728 1276.6686 1463.6853 1009.1793 867.73114 1514.717 1546.4609 1459.4319 1157.9846 1442.8986 1228.3341 1546.4795 1546.8691 1003.28564 1228.9117 1537.8851 1546.3257 1248.4701 1454.6255 864.21826 1459.8933 1277.764 1038.24 1546.8282 1452.9513 1094.0873 1108.3693 1546.2682 1019.9327 1311.4843 972.19464 1545.1052 1545.7959 1241.8083 1006.8086 1455.3547 1546.5387 1209.2662 1052.6759 1452.1989 1546.1753 998.2371 1466.9443 1139.9686 1104.4996 1462.0782 1546.5206 1301.1447 1142.4132 1546.2601 1134.0885 1295.813 1131.8796 1546.1667 1000.2775 1460.6627 1546.3391 937.4993 1183.7869 1236.5869 931.08484 1110.5953 1307.7129 1546.3379 1454.2504 1217.4918 977.3433 1546.2958 1256.3184 1165.621 1046.9193 1546.3401 1175.6514 1450.4155 1064.2787 1545.8485 1232.189 1270.2996 1546.5605 1072.2758 1546.5272 1125.4191 1273.1145 1032.6788 1546.57 1277.4373 1064.9244 1158.7937 1451.5378 1135.4519 1205.7126 1546.2756 1546.3933 1260.2694 999.5155 1171.3933 1254.85 1065.0182 1546.0604 1204.7213 1545.9183 1014.396 1172.7808 1462.6908 1197.5221 1299.2653 1545.4325 1081.8176 1470.1361 1545.7837 890.76495 1179.5127 1099.967 1219.0507 1118.4395 1546.0352 1456.9954 1128.9652 1546.2548 1220.6951 1546.3745 1442.6255 1088.8899 1048.119 929.17664 1546.0542 921.18555 1226.0515 1460.5939 1267.546 1108.5308 1546.2357 1546.413 1072.4166 1444.3186 1260.0107 1542.6584 1535.1499 844.4711 1314.0133 1546.4021 1173.8881 967.5721 1240.5292 1211.3358 1143.5696 1546.2181 1460.6538 1546.2565 1193.2452 1217.6254 1472.2207 1267.1608 1059.9192 1546.414 1454.1809 1545.6847 1458.6193 1179.5068 1075.3014 1546.0935 1208.8435 1024.445 1456.9042 1545.6835 906.46326 1246.1125 1454.055 1159.3811 1295.0612 1456.4675 1546.4318 1459.2705 1269.4016 1546.4869 1236.0504
 184 1461.2478 1185.825 1551.0986 1291.7072 1551.8853 1176.6115 1461.4293 1169.6951 1469.9197 1130.4106 1551.7979 1267.3588 1105.8129 1461.0491 1551.7258 1139.4158 1115.1614 1198.5693 1240.2852 1552.1776 1119.5273 1238.2319 1204.0352 1551.7079 1460.5568 1292.8667 1090.2363 1550.4686 976.04767 1546.515 1554.5111 1207.1353 1124.065 1551.9084 1463.514 1105.64 1085.7913 1455.222 1551.2174 1285.358 1551.7788 1166.8901 1263.3607 1449.5941 1456.633 1171.9178 1187.2421 1551.2728 885.20636 863.0422 1551.5306 1224.2864 1280.1931 1551.1113 987.9038 1462.091 1553.2279 1472.9412 1045.8767 1177.2983 1552.3188 1472.1062 885.8854 1285.4861 1551.6403 1102.8276 1234.247 1250.5127 1552.0425 1281.6118 1478.0385 1249.9774 1189.7726 1177.6979 1552.129 1095.6663 926.2737 1551.9149 1240.7501 1465.7844 1228.928 1240.5886 1466.2756 1551.6024 1216.9552 1447.6252 1550.9928 1124.8464 1312.9473 1466.0138 1025.654 1551.3068 1055.6127 1552.1382 1214.0676 1540.05 1456.2378 1257.3383 1216.4867 1552.0869 1132.0845 1240.9893 1079.8348 1551.2268 1200.076 1189.355 1458.2837 1551.0352 1104.421 1164.7772 1463.5172 1552.5763 1551.9553 1464.6912 1062.9056 1292.3655 1551.8977 1227.5284 1172.6498 1480.8402 1255.8267 1551.8358 1458.6323 1211.4025 1462.75 1551.5155 1248.5996 1296.1812 1551.4807 949.3967 1285.3423 1205.5519 1149.5663 1063.9689 1552.2437 1236.6666 1313.8438 1201.8405 1524.298 1552.2081 1551.5853 1045.8976 1468.9744 959.1416 1467.6699 1551.7025 1236.7039 1290.6616 1455.6567 1214.829 1551.6936 1097.4559 1106.0024 1463.1691 1552.1132 998.2987 1073.0637 1163.1007 1467.5667 1552.1466 1123.5063 1226.0068 1550.8843 1110.5369 1551.2767 1279.2509 1470.7146 1061.9954 870.6494 1522.6222 1551.6748 1463.1661 1160.4303 1446.5054 1239.3346 1551.6979 1553.0358 1005.87244 1231.7676 1544.4484 1550.5435 1252.3998 1456.161 866.15094 1466.2474 1284.5675 1095.2787 1551.466 1453.1724 1095.6602 1109.7246 1550.9825 1022.6183 1329.0815 980.50824 1553.9475 1551.6882 1244.718 1007.90106 1454.7094 1555.4532 1214.2263 1058.066 1464.3243 1552.1058 1006.21204 1488.5703 1148.9675 1109.7921 1469.8875 1552.077 1321.7898 1147.7579 1552.0819 1139.2478 1309.3138 1136.0852 1552.1287 1076.4265 1469.2206 1551.5685 944.1093 1186.4126 1260.9922 938.9976 1174.8381 1314.6494 1551.793 1456.3026 1218.8497 978.7912 1551.0768 1259.5214 1178.9247 1050.1753 1552.0264 1181.447 1456.4259 1141.7819 1552.0612 1268.2086 1271.3278 1551.1184 1075.975 1551.3734 1130.0731 1277.1715 1080.8574 1551.8182 1282.0115 1071.7083 1176.8469 1455.7382 1139.5167 1216.7986 1552.3446 1551.8925 1263.1971 1057.49 1178.425 1256.9116 1067.615 1551.0643 1207.2404 1551.7325 1083.9388 1172.7186 1471.4637 1201.6862 1314.6593 1553.3994 1085.0825 1481.3708 1552.9587 954.368 1183.0519 1168.8768 1223.6361 1123.3619 1552.6516 1461.1595 1132.2565 1552.027 1232.6456 1551.0387 1442.5721 1091.3896 1050.4803 939.27594 1552.6946 927.91785 1247.7489 1469.1779 1284.6655 1113.9922 1551.9485 1552.2787 1075.4744 1453.2131 1262.8105 1556.4121 1549.3638 851.265 1329.0201 1551.4774 1180.9801 1039.9008 1243.1637 1231.9056 1147.904 1551.8264 1464.837 1551.8854 1199.7893 1223.7533 1490.1898 1270.7893 1104.9067 1552.0165 1461.1276 1552.9929 1462.9283 1198.8519 1081.3276 1551.9392 1226.5607 1029.1813 1463.1223 1551.443 907.3768 1247.9557 1456.4167 1164.6012 1305.0553 1460.9897 1551.6057 1464.298 1271.392 1551.6499 1253.441
 185 1296.2621 1114.0085 1440.2117 1187.4722 1450.4484 1114.5994 1266.8097 1119.2573 1306.7212 1085.4528 1442.3572 1174.6898 1087.7461 1304.9263 1444.1156 1090.5669 1046.1542 1059.2723 1161.996 1455.5143 1110.9576 1175.4155 1082.4716 1463.242 1266.1416 1186.2146 1009.08386 1451.2429 923.6533 1430.7042 1391.0878 1132.1633 1081.1232 1457.6382 1301.037 1089.5037 1004.1676 1286.4182 1450.0237 1168.7625 1451.9056 1073.2196 1197.3287 1228.5208 1302.892 1099.2428 1102.1113 1445.2686 845.21484 803.97565 1460.651 1153.1896 1174.1533 1442.8082 893.62225 1240.018 1435.5326 1288.4581 975.7938 1029.3271 1442.5966 1265.4614 839.22034 1179.6154 1454.702 1042.3933 1105.7671 1167.8174 1454.3389 1106.0096 1194.5101 1136.843 1138.233 1049.4574 1462.517 1092.0886 869.23376 1454.5769 1154.4385 1232.1292 1036.8853 1134.6578 1298.359 1442.2389 1143.1019 1286.2935 1438.211 1073.2909 1192.3608 1276.5332 970.9319 1444.6198 993.26953 1378.4675 1124.2023 1449.73 1298.4364 1138.515 1024.6572 1438.1921 1076.3861 1165.8862 1022.0937 1462.6942 1126.7788 1113.3712 1301.5825 1441.8041 959.1295 1120.7701 1275.4078 1444.4182 1444.261 1291.3595 988.00977 1098.8922 1446.4491 1133.327 1093.3241 1289.805 1149.2113 1445.7046 1279.5348 1060.4888 1269.7162 1447.1194 1071.8754 1193.1829 1458.5402 905.767 1199.4565 1135.5769 1089.1748 1017.65173 1453.6606 1162.7628 1146.7188 1089.5604 1264.6953 1445.5587 1444.8434 988.7807 1291.112 894.4149 1261.5607 1446.3685 1086.8542 1171.0388 1302.9305 1052.0648 1443.1069 1038.8606 1086.6414 1267.948 1451.5251 929.28046 981.0612 1118.5175 1238.0022 1451.644 1071.6505 1141.4889 1465.2058 1061.2494 1454.1759 1194.9592 1264.6558 990.6298 788.10333 1294.518 1431.3082 1290.06 1090.4739 1308.3589 1088.41 1445.1909 1377.093 949.469 1146.0345 1441.9137 1444.6193 1094.3002 1294.6117 793.692 1298.3671 1172.9276 1045.8794 1453.6489 1282.3826 1026.4966 1012.1023 1447.0734 966.7466 1156.505 901.2952 1450.905 1448.3386 1161.8942 926.16644 1263.7051 1455.5593 1131.0092 962.9324 1234.6409 1452.0759 924.3756 1274.8054 1093.7133 1005.32715 1270.3756 1448.6426 1089.3318 1071.4958 1460.372 1118.2712 1161.6858 1114.9354 1445.6292 1013.62964 1308.5347 1466.6675 872.8317 1126.0637 1099.5831 860.9214 1106.271 1172.545 1458.9082 1294.1434 1159.1661 912.5834 1458.2473 1173.8735 1032.5602 987.2919 1454.2653 979.9066 1257.0198 1079.9297 1440.6494 1167.4258 1193.8455 1459.0817 1020.40045 1461.3799 1066.0278 1192.6089 1037.177 1454.578 1184.2991 988.48047 1018.0527 1306.4211 1089.1157 1053.1871 1447.7137 1457.6002 1175.1018 1008.82245 1030.1298 1172.46 1008.9842 1459.0365 1110.6952 1460.7118 1006.74396 1090.7288 1237.6478 1147.2488 1155.938 1450.3713 1042.5175 1285.5264 1445.2168 904.7166 1101.3346 1126.3688 1153.1475 974.3087 1454.0306 1278.828 1092.4259 1455.596 1082.7482 1456.6877 1275.0468 1036.811 975.17773 863.1043 1456.7573 857.6369 1102.7257 1227.8674 1157.8663 1034.2808 1454.8845 1448.4089 988.77856 1235.951 1147.4796 1384.4298 1414.0017 770.6994 1143.514 1459.8239 1138.17 991.1285 1166.3225 1046.2992 1062.7798 1437.3685 1286.4226 1457.3806 1093.8411 1126.451 1218.731 1164.9313 1036.1854 1447.3351 1281.7211 1436.4888 1297.5817 1023.41425 1022.9839 1439.4974 1036.8865 946.5574 1275.2733 1447.6123 838.3744 1144.5669 1273.2347 1068.553 1144.9698 1289.3234 1436.0922 1236.4873 1173.894 1448.098 1068.0616
 186 1176.8507 1135.8375 1544.8567 1204.779 1551.6786 1156.1868 1195.0798 1212.3329 1197.4724 1150.2855 1547.3254 1178.8002 1184.0674 1210.6779 1553.449 1105.3735 1082.098 1077.3575 1190.5746 1552.325 1249.1569 1216.1682 1115.0402 1550.6569 1180.9401 1164.0654 1060.244 1542.5443 926.09906 1550.4965 1354.4117 1177.1847 1131.5371 1552.6158 1171.0288 1190.3313 1018.87274 1215.6935 1545.8647 1103.7823 1546.209 1098.0364 1232.4766 1150.4814 1239.2769 1140.9825 1134.7496 1544.7891 853.30707 799.64307 1554.6555 1133.6469 1190.4746 1552.4375 891.4516 1158.3639 1554.1327 1157.8188 966.45044 1041.6827 1548.8412 1170.944 819.1169 1181.6854 1554.351 1087.8234 1175.2286 1190.3318 1551.5066 956.70306 1084.4344 1148.5094 1194.6826 1099.3945 1554.147 1254.2705 906.48474 1551.0802 1175.4371 1127.5012 1016.94727 1138.5204 1237.9364 1545.2671 1181.1588 1209.1063 1549.8674 1109.3304 1162.8485 1188.6887 1004.417 1543.1274 1043.6049 1456.1802 1183.4238 1547.0217 1213.3596 1107.0875 1033.3058 1550.9563 1131.4362 1188.185 1065.6008 1551.2744 1174.8438 1173.0033 1229.3483 1548.3046 966.2872 1177.2555 1163.894 1552.0662 1550.754 1185.9009 1008.4835 1102.505 1550.2812 1129.8011 1124.4496 1198.19 1132.9796 1546.8566 1192.1842 1047.3088 1181.6115 1546.1068 1071.3871 1198.8229 1550.3617 927.6007 1205.2844 1163.559 1136.2957 1060.8484 1555.15 1186.7062 1105.7491 1081.2437 1129.3712 1549.5159 1551.2639 1008.6759 1190.511 896.2326 1176.039 1548.2069 1162.3113 1159.7949 1233.9751 1065.6829 1547.1871 1101.942 1233.1835 1196.3741 1552.2405 971.75287 998.7874 1220.1302 1172.7103 1551.9308 1117.6353 1143.6041 1549.3931 1110.8588 1546.3518 1203.7195 1179.3156 991.7012 792.8019 1222.2628 1540.3816 1219.1862 1126.7664 1266.5393 1116.1881 1544.8501 1435.3655 987.28827 1186.5176 1548.6046 1545.9326 1155.4379 1228.1528 804.773 1195.9977 1120.9651 1052.551 1546.0793 1192.3809 1050.915 1024.4734 1551.0962 1005.8949 1137.9528 914.2447 1551.9497 1548.9714 1172.2943 898.7357 1164.8485 1550.7593 1151.7222 968.9132 1153.1307 1553.7931 918.81976 1174.0052 1171.6489 1008.5917 1152.5442 1549.7235 1059.4281 1113.5231 1553.368 1259.0363 1169.1868 1224.9252 1551.0721 991.6813 1209.4602 1552.5406 903.8421 1172.0763 1173.7054 889.5732 1154.3464 1174.9524 1551.0739 1202.3842 1175.006 903.0627 1550.0977 1189.3047 1039.294 1025.73 1552.4274 958.8158 1098.7218 1124.2552 1553.7539 1115.9734 1203.8484 1547.0308 1052.6876 1550.475 1110.4285 1193.6876 1065.6157 1550.3201 1195.9878 1018.3375 1025.9341 1227.2755 1164.7491 1039.3452 1551.0178 1553.0135 1181.5785 1045.7046 1031.4332 1184.1721 1056.9688 1551.782 1194.2542 1517.803 990.1802 1132.026 1175.5327 1191.3856 1145.8939 1552.3491 1072.8304 1141.4504 1553.8217 879.55493 1120.1362 1172.8683 1178.3057 979.8348 1553.3391 1182.0063 1189.6045 1551.4856 1089.8064 1549.387 1215.7941 1077.9095 989.85834 907.6694 1554.4984 907.5509 1191.8949 1150.4398 1135.2593 1046.6251 1550.3926 1550.5845 1003.2467 1154.6293 1111.3488 1370.9259 1556.5747 781.1017 1107.1427 1553.1605 1217.9298 1037.689 1186.3395 1084.848 1087.9984 1548.466 1172.209 1551.1483 1097.2394 1154.0996 1111.1989 1144.5511 1061.3148 1551.1825 1193.1869 1553.6005 1177.5586 1026.024 1060.8445 1550.0581 1037.0353 982.20856 1156.3972 1551.0911 829.8467 1140.2645 1195.8124 1109.6909 1131.7197 1200.669 1546.5775 1149.457 1173.7137 1547.7623 1081.4015
 187 1329.4856 1178.3934 1553.7133 1199.2124 1573.1211 1182.6643 1317.8458 1187.7458 1317.348 1201.6682 1569.4403 1202.4579 1202.8326 1320.548 1584.86 1130.3171 1101.0637 1096.6492 1213.7312 1590.4376 1203.7659 1220.8329 1122.9415 1579.9164 1327.6805 1205.5542 1096.8552 1593.4265 925.9716 1584.8123 1310.726 1195.8036 1139.4429 1580.8405 1312.0881 1185.8639 1045.0656 1313.1599 1569.0365 1235.8827 1559.9827 1134.9231 1219.0961 1317.0029 1314.4534 1159.631 1156.7126 1560.3696 894.5774 852.05066 1598.7191 1264.6462 1216.6141 1584.6405 945.2762 1324.2577 1590.5311 1322.894 1019.6793 1060.0579 1573.4563 1316.7656 851.40497 1210.8645 1594.1117 1111.3195 1227.0687 1215.1207 1581.5099 1039.0541 1325.1948 1200.1239 1205.0819 1104.7242 1587.586 1208.9481 927.55005 1574.8354 1196.6387 1326.9238 1052.9113 1192.3822 1319.379 1566.6503 1206.1392 1331.6475 1577.4152 1128.9232 1194.5118 1307.166 1017.05566 1557.3196 1051.3369 1414.2311 1181.6354 1559.8256 1323.1371 1268.1079 1056.2632 1585.4353 1151.6337 1219.7712 1086.32 1583.6573 1195.6553 1215.639 1319.78 1568.855 972.5762 1170.8945 1274.8196 1616.6016 1580.0625 1328.9171 1044.7244 1207.4001 1578.006 1272.22 1158.511 1321.4556 1195.5815 1569.5054 1319.4968 1090.588 1307.9432 1567.6375 1104.3934 1218.2349 1590.4851 960.7435 1235.5477 1221.472 1162.4338 1087.4893 1598.4607 1222.7769 1151.4484 1138.8914 1318.2675 1575.7114 1578.5759 1045.4628 1319.9792 930.1124 1318.0155 1570.4554 1214.1382 1196.9664 1368.2451 1025.355 1599.8671 1083.001 1185.8083 1317.0391 1570.7206 985.64526 1018.79364 1189.8323 1307.9929 1574.7612 1133.0619 1260.6758 1577.5437 1127.6053 1566.2329 1215.8271 1317.5416 1035.391 795.47076 1220.2632 1554.4556 1311.1157 1144.0044 1320.1783 1133.045 1561.3678 1414.1663 996.4647 1197.8674 1565.3168 1567.842 1211.9042 1308.9932 833.36127 1311.0662 1166.1888 1071.7026 1566.6351 1319.028 1084.0425 1070.2908 1576.7267 1032.4608 1158.2134 931.8028 1601.517 1570.4116 1205.4303 953.726 1316.5625 1580.3269 1207.5067 1026.6628 1319.4493 1580.909 958.4897 1312.4684 1181.113 1068.4965 1333.524 1577.8947 1195.1913 1127.9943 1586.8267 1197.4348 1180.7117 1174.1942 1576.6248 1028.4626 1312.2439 1588.188 925.7941 1195.605 1223.9379 908.36847 1182.9275 1197.1201 1584.9183 1312.4473 1191.6217 932.8355 1577.5072 1211.6888 1060.6407 1046.4095 1589.2472 1013.2654 1331.6158 1152.5973 1587.0094 1244.2189 1221.0997 1579.5535 1074.5134 1582.4608 1132.855 1218.1719 1085.861 1585.4695 1217.4863 1037.6202 1043.9298 1315.9188 1192.6725 1067.7932 1578.926 1589.5078 1214.888 1062.1439 1054.6259 1206.7566 1077.6415 1585.2651 1221.8486 1602.3687 1031.7628 1193.3473 1337.0674 1229.0966 1170.1273 1603.7837 1093.3342 1319.9731 1589.0295 920.8369 1163.39 1176.3214 1199.6962 993.61304 1599.9097 1314.029 1195.6173 1579.1339 1126.0746 1570.4482 1319.4811 1094.793 1022.3417 921.0734 1594.1871 923.2867 1216.357 1317.7231 1185.3335 1090.8314 1578.6987 1585.0665 1048.9043 1314.6481 1269.7864 1422.3938 1585.8162 793.92944 1126.3019 1586.2415 1207.494 1057.9525 1207.0917 1100.6466 1114.4506 1571.2222 1317.0862 1579.2416 1163.059 1210.8602 1327.8317 1203.1492 1097.2521 1580.8802 1320.5364 1589.6099 1328.3793 1070.7002 1067.7859 1576.2006 1075.0978 1002.5632 1320.979 1578.5461 859.55945 1177.4497 1317.0259 1127.1973 1153.6832 1317.7793 1567.9149 1310.5844 1207.6707 1570.748 1126.482
 188 1301.501 1160.5596 1523.3539 1353.4294 1522.43 1165.9805 1366.8147 1146.1538 1285.358 1211.3595 1522.061 1348.8328 1229.2092 1304.9475 1518.4783 1414.1836 1092.1136 1081.5979 1384.165 1514.5586 1190.132 1359.6785 1107.6403 1521.175 1296.1078 1329.5366 1067.3947 1517.0895 960.0906 1519.2461 1233.6444 1394.0988 1110.2675 1525.1343 1258.9944 1124.7299 1031.2351 1358.4158 1526.9987 1268.2428 1521.4174 1111.1082 1348.4192 1249.9 1278.656 1142.625 1133.5719 1530.3469 882.50745 863.41766 1512.8848 1302.1587 1342.8453 1517.1544 949.1526 1291.3546 1518.373 1273.2284 994.27954 1045.5684 1520.5066 1287.2002 871.4748 1341.0651 1515.7095 1080.43 1230.5605 1380.3195 1519.2406 1037.3616 1319.2893 1394.0433 1392.8768 1084.3226 1519.2408 1202.7341 904.55286 1521.7814 1378.3936 1290.2013 1085.3813 1378.0408 1312.0239 1524.622 1393.2953 1279.4111 1520.8566 1147.9413 1324.9601 1304.5759 1009.674 1522.43 1039.1748 1446.002 1176.2949 1529.0698 1369.0342 1299.42 1037.452 1519.9365 1106.9366 1394.1375 1074.9678 1520.9149 1176.5255 1204.7015 1357.9999 1523.1918 976.33527 1180.7104 1403.3286 1504.6932 1524.9739 1287.3226 1024.3834 1209.6855 1522.9999 1305.9404 1145.1742 1369.4454 1366.5188 1524.1538 1324.7272 1140.4371 1280.0659 1523.2844 1090.8019 1320.7148 1520.9565 970.6388 1335.3079 1244.1268 1149.1039 1070.0667 1511.3647 1399.292 1366.4365 1133.5115 1323.2476 1524.542 1524.5834 1025.5355 1273.5879 910.9935 1311.1827 1519.9424 1219.4727 1352.6781 1394.7645 1011.03796 1512.8466 1049.7146 1119.8767 1258.1965 1526.7606 950.00244 991.88635 1132.6263 1274.0343 1525.844 1101.5496 1281.1956 1529.9574 1103.4052 1525.0118 1348.496 1280.4727 1014.3618 814.4125 1319.7488 1524.235 1270.4528 1127.5021 1283.0643 1113.6713 1528.2064 1458.586 994.09106 1389.36 1521.1669 1530.0754 1201.8514 1263.5043 815.1103 1334.1017 1343.9607 1112.0188 1527.2485 1370.0875 1072.6882 1059.8682 1522.6914 997.8005 1420.8958 994.4629 1507.9468 1524.347 1365.0835 992.8669 1291.3772 1521.1025 1431.4886 1072.625 1326.7916 1521.2623 965.9357 1377.8534 1163.8271 1045.0215 1297.8279 1526.6624 1201.8854 1146.2906 1517.9622 1176.976 1384.4119 1128.226 1523.3013 1033.2844 1363.3387 1515.6748 928.5942 1403.4011 1208.0292 920.03937 1179.4908 1361.7372 1519.1439 1279.9221 1389.5369 952.1506 1523.8413 1370.8455 1081.7301 1037.5828 1517.2767 984.58264 1273.7236 1119.2234 1519.8926 1262.1646 1355.0248 1523.7582 1081.5603 1522.3484 1113.2961 1363.0032 1097.3826 1519.7308 1345.1212 1038.9736 1048.3082 1364.2388 1185.5079 1067.2773 1523.5559 1519.9019 1377.8633 1032.5854 1116.3932 1371.5482 1072.5654 1521.2102 1199.7241 1513.8939 1013.1059 1164.1774 1381.2765 1211.9767 1438.9598 1506.725 1072.6992 1312.5328 1514.7372 912.2791 1417.7179 1198.1182 1413.607 1054.0347 1515.0922 1268.544 1148.8243 1525.2837 1098.7466 1529.3732 1286.2596 1074.6296 1008.09424 889.3627 1518.8286 887.86414 1190.2355 1328.2881 1381.3501 1101.8087 1522.4587 1523.1266 1048.6959 1383.2185 1301.3903 1503.2067 1510.7559 867.35205 1444.6735 1519.953 1182.3789 1026.3176 1386.2281 1078.564 1101.9071 1523.4615 1374.4135 1521.5333 1120.4149 1413.5042 1317.9052 1361.7439 1068.4564 1521.0222 1322.8568 1516.2814 1381.5142 1063.5526 1048.2067 1526.0331 1053.521 975.1962 1273.8711 1519.2998 908.5565 1359.5336 1315.2274 1159.6785 1384.3606 1293.5326 1524.5486 1304.2926 1350.7185 1522.3347 1070.5398
 189 1300.985 1159.428 1520.9955 1377.3446 1518.8451 1165.8486 1378.4315 1145.4391 1286.5839 1216.1664 1520.5167 1374.5134 1226.8182 1301.689 1514.7563 1411.7723 1093.0723 1082.0598 1394.6289 1516.2723 1193.5668 1380.2101 1109.354 1519.5148 1300.7297 1363.5173 1072.4441 1523.2092 960.6181 1515.5079 1230.2898 1399.1511 1107.0234 1516.8021 1255.6967 1119.7338 1030.0177 1371.8483 1520.5433 1267.2872 1520.8594 1110.9216 1372.3611 1244.9814 1272.4453 1137.6472 1127.5266 1519.4943 881.04266 862.47125 1516.6002 1302.2855 1370.5126 1520.4873 954.56946 1293.4054 1516.3252 1271.3013 993.34406 1045.3983 1520.7377 1288.8605 876.4912 1368.6539 1516.157 1080.5171 1232.5377 1393.1184 1515.4752 1036.6608 1317.9702 1398.2627 1398.8167 1082.7789 1515.9023 1201.4889 902.71533 1517.3239 1391.307 1288.5035 1087.3643 1391.5354 1310.7283 1518.2548 1398.0175 1274.3508 1516.2548 1148.6256 1358.5787 1311.3302 1012.1942 1523.0703 1035.0763 1470.148 1177.1727 1514.8137 1380.8572 1300.7954 1037.2681 1517.8198 1103.5476 1397.4062 1073.1487 1515.6123 1176.4615 1206.2427 1372.6091 1520.5419 978.0916 1181.4669 1404.5989 1516.6525 1516.932 1283.7416 1022.17444 1208.0186 1518.3926 1306.8181 1144.9739 1379.9009 1385.1162 1518.9803 1326.7274 1146.2362 1280.7793 1523.6576 1091.7819 1351.7869 1520.3085 979.4071 1361.868 1249.9305 1150.5752 1071.0587 1514.3673 1401.7539 1388.6417 1133.5034 1324.325 1517.6862 1516.5066 1023.543 1269.2155 908.87445 1314.5624 1519.622 1222.6317 1377.5101 1392.8821 1014.1739 1515.3076 1052.6107 1114.3665 1252.6637 1517.7025 946.20715 988.5031 1128.0741 1270.5886 1517.887 1094.8964 1278.1857 1518.9377 1098.6035 1521.5586 1372.6161 1279.0725 1013.34973 840.5803 1419.5017 1531.4869 1272.4613 1124.4418 1278.2109 1109.6277 1519.4753 1472.6781 992.0549 1392.6986 1509.8175 1518.7922 1197.3215 1256.6333 811.49194 1340.0778 1373.5693 1119.1115 1520.1859 1380.9729 1073.0358 1061.008 1518.2789 1001.6013 1413.1503 992.19354 1514.8462 1518.8408 1383.6235 998.3638 1290.2173 1513.8885 1411.1309 1064.9681 1321.7798 1517.2042 968.1731 1387.1704 1165.2753 1041.8275 1294.813 1517.8302 1200.8217 1148.0752 1516.0448 1177.2191 1395.8639 1128.369 1518.6337 1037.7336 1376.7954 1514.0726 928.3112 1401.8107 1206.8663 924.342 1182.2395 1382.8988 1518.7488 1278.2927 1398.1941 953.1176 1516.8483 1387.6025 1084.7289 1039.1195 1517.271 982.9285 1271.285 1117.5084 1516.2272 1262.0598 1376.897 1520.2051 1084.3765 1518.308 1112.5095 1381.3682 1099.8478 1520.1952 1371.6597 1044.0978 1052.2576 1377.9792 1189.2411 1069.6184 1518.5453 1516.7571 1391.4213 1031.3142 1121.9451 1387.1786 1072.9406 1517.32 1198.8251 1516.8334 1014.5982 1165.9725 1389.2119 1209.1412 1419.0977 1512.4432 1071.3079 1308.5728 1512.9532 909.78033 1408.4545 1197.0323 1409.2152 1051.7825 1514.8556 1265.3568 1145.0575 1516.6945 1095.6068 1518.2922 1282.0953 1070.1304 1005.97095 887.0336 1516.1776 885.5446 1188.4355 1328.8829 1394.1382 1102.3657 1516.8375 1517.1986 1048.9722 1390.1218 1300.6426 1469.3699 1503.7594 859.03723 1413.7592 1516.1215 1180.9905 1024.3186 1395.1305 1076.6895 1101.6039 1518.5985 1383.817 1513.9022 1117.0166 1404.8341 1314.086 1382.265 1066.8899 1518.3549 1326.2513 1516.7473 1389.6195 1064.5797 1048.9011 1517.2562 1050.8501 970.8296 1269.2502 1518.2612 915.4472 1382.9934 1318.5676 1158.8909 1395.279 1289.8976 1517.0048 1306.2976 1374.0684 1520.4994 1069.567
 190 1320.1842 1175.5748 1548.6984 1407.0581 1549.2458 1184.7915 1405.3557 1164.2621 1304.8406 1234.6469 1549.0348 1405.5847 1235.148 1315.9446 1548.8333 1394.328 1106.9572 1096.1613 1405.3541 1548.7181 1210.07 1406.8423 1123.3817 1548.8539 1317.5562 1399.269 1088.3948 1548.3488 979.59283 1555.8627 1333.4032 1411.3252 1122.3175 1548.8517 1271.8075 1135.4419 1046.2216 1399.9756 1548.4985 1284.5695 1548.5721 1127.526 1404.2899 1260.282 1291.2714 1154.5911 1145.897 1548.2853 890.0145 871.49054 1548.6884 1314.655 1403.171 1548.8862 970.6839 1310.8582 1548.7437 1288.8014 1007.2005 1058.2792 1549.3713 1307.1208 887.8017 1403.0099 1549.1459 1097.9849 1251.4633 1407.9613 1548.9402 1047.1631 1331.468 1404.1238 1403.4419 1099.2892 1549.1193 1214.0701 917.8301 1548.9026 1407.4144 1306.6871 1100.9314 1407.2466 1329.7104 1548.7649 1405.7557 1293.458 1548.8527 1161.4283 1398.6588 1333.7874 1026.2241 1548.9645 1055.0804 1539.9948 1208.3538 1545.5977 1405.2083 1321.377 1051.5353 1549.0474 1123.8015 1405.4668 1090.1868 1548.7753 1194.7023 1227.2408 1402.7451 1549.1215 989.4017 1189.0243 1404.0114 1548.7415 1548.8075 1301.4788 1037.1289 1224.8876 1548.9183 1325.9727 1162.4658 1404.8281 1407.132 1548.7255 1345.968 1160.5634 1297.4232 1549.142 1106.0765 1391.3542 1549.1172 998.0278 1397.1058 1271.999 1167.2941 1088.0284 1549.1301 1403.331 1422.518 1163.694 1409.1898 1554.9973 1548.7632 1038.7483 1288.1536 920.8369 1335.2013 1549.2755 1241.76 1407.2894 1404.133 1030.1599 1549.2142 1072.3768 1132.1191 1272.1807 1548.9027 962.3553 1003.6994 1144.8809 1289.3844 1548.9127 1112.2335 1297.1741 1548.1093 1115.3751 1548.5913 1403.6237 1295.7736 1026.1211 866.95026 1503.8378 1549.623 1285.515 1140.1088 1297.2352 1127.1287 1548.3263 1541.6101 1009.81335 1407.4497 1544.5638 1548.2434 1215.9894 1276.1122 823.8849 1361.2242 1404.7917 1134.9923 1548.4343 1405.1364 1089.4293 1080.9799 1548.7761 1021.7786 1392.2635 993.34375 1547.6648 1548.7678 1406.9071 1012.50165 1309.0626 1548.7754 1384.5968 1067.8784 1331.5099 1549.2155 979.8491 1406.7969 1181.225 1058.1362 1311.8105 1548.8379 1216.2743 1164.4469 1549.1201 1193.1819 1407.0125 1144.7689 1548.819 1054.4248 1404.3694 1549.1604 940.06256 1399.1775 1223.9528 940.53894 1202.5178 1407.5706 1548.8513 1292.8062 1404.5107 961.3961 1548.7853 1408.018 1098.894 1054.85 1549.0614 999.0104 1288.9332 1136.4435 1548.9342 1279.5079 1405.3765 1548.4291 1100.9807 1548.814 1131.076 1406.6538 1115.8956 1548.993 1404.5381 1062.0795 1068.3551 1404.1555 1208.8114 1084.697 1548.8273 1549.0679 1407.3497 1046.1313 1135.1555 1408.035 1091.2123 1548.9751 1217.6129 1548.189 1030.2192 1183.9132 1407.163 1219.5956 1384.2611 1548.0183 1080.563 1318.4144 1549.108 915.8049 1390.6547 1209.7913 1396.5881 1055.1835 1549.2968 1282.0009 1161.3721 1548.8994 1112.4238 1548.4171 1300.6643 1086.3119 1019.90796 897.602 1549.1216 898.013 1203.1111 1346.2537 1406.4003 1116.6781 1548.6722 1548.853 1063.6465 1406.4088 1320.9479 1545.6378 1541.6915 856.4152 1383.2155 1548.8647 1198.4882 1043.1556 1407.1586 1095.1617 1117.99 1548.8711 1406.3268 1548.9451 1134.2733 1397.7677 1326.678 1406.7145 1083.2262 1549.0441 1344.5436 1548.6958 1406.8 1080.3019 1062.4232 1548.7671 1067.7146 987.3417 1287.5912 1549.3031 928.3648 1408.1737 1337.912 1175.6664 1405.4585 1308.5739 1548.7332 1326.0829 1404.7449 1548.9642 1084.1614
 191 1323.4691 1178.1545 1552.713 1412.0985 1553.7319 1187.5975 1410.8949 1167.0596 1307.6279 1237.533 1553.1376 1411.4752 1240.574 1320.6526 1553.3625 1410.0657 1109.5037 1098.342 1411.0869 1553.1824 1212.9917 1412.1974 1125.9249 1553.168 1321.0385 1409.198 1091.56 1552.768 1010.7602 1556.0155 1543.5792 1414.2191 1124.562 1553.4551 1274.0103 1137.7856 1049.0582 1408.4717 1552.7932 1286.844 1552.5957 1129.983 1411.3025 1261.9238 1294.2129 1157.2561 1148.7788 1552.8413 890.93695 872.3514 1553.5356 1316.1743 1410.608 1553.2136 973.46 1313.6144 1553.5476 1291.5156 1009.2773 1060.3102 1553.5352 1310.0947 889.93427 1410.5869 1553.7229 1100.401 1254.364 1411.522 1553.4594 1049.4459 1334.557 1411.3269 1410.6787 1101.6968 1553.6693 1217.6372 920.18665 1553.4178 1411.5552 1309.3618 1103.2185 1411.3787 1332.7512 1553.2936 1411.231 1296.6395 1553.4102 1163.7771 1409.2142 1338.0388 1028.6956 1552.638 1056.0238 1511.5894 1203.5306 1551.484 1410.6454 1324.5769 1054.0149 1553.4417 1126.4567 1412.0165 1092.9973 1553.2756 1197.753 1230.8989 1410.5435 1553.2507 991.7728 1191.9357 1409.6077 1553.2024 1553.5076 1304.2842 1039.2213 1227.3455 1553.3745 1329.1836 1165.5472 1410.6818 1411.38 1553.2303 1349.2347 1163.1115 1300.5382 1552.652 1108.8594 1405.4775 1553.1864 1002.5817 1407.6742 1276.1311 1170.3257 1090.7336 1553.4955 1410.6775 1392.4231 1173.1104 1443.2592 1558.5283 1553.3208 1040.9329 1291.0138 922.8371 1338.2053 1553.4713 1244.6093 1412.3058 1411.4849 1032.3342 1553.1399 1074.6721 1134.7838 1275.1631 1553.6039 964.6257 1006.20264 1147.6274 1292.3184 1553.6312 1115.227 1300.0288 1552.7784 1117.8469 1552.6967 1410.9886 1298.3881 1027.9661 854.793 1451.7905 1553.6036 1288.3956 1142.6605 1300.2045 1129.8916 1552.8387 1512.5122 1010.90045 1408.6713 1553.669 1552.9679 1218.9706 1279.186 825.7984 1364.8214 1410.3759 1137.8091 1552.9476 1410.5476 1092.3777 1084.3845 1553.2311 1022.59106 1409.9609 999.5516 1552.8649 1553.3125 1410.98 1014.4579 1311.8141 1553.3005 1412.9824 1077.4917 1337.9536 1553.8445 981.94196 1410.6266 1184.0376 1060.5098 1314.1094 1553.6093 1218.4429 1167.1462 1553.5409 1195.9684 1411.1532 1147.5651 1553.215 1057.3273 1410.6613 1553.0094 942.7724 1410.8774 1226.6594 942.7912 1205.2751 1412.0123 1553.1923 1295.2561 1410.5991 963.2463 1553.324 1411.7672 1101.3279 1057.0826 1553.4895 1001.2404 1291.2725 1138.9315 1553.6079 1281.9446 1411.416 1552.6442 1103.8691 1553.1185 1133.772 1411.5459 1118.5146 1553.2023 1410.9634 1064.9084 1070.9141 1409.8776 1212.1825 1087.4491 1553.3943 1553.6067 1410.703 1048.3201 1137.3523 1411.7749 1093.7172 1553.4961 1220.0059 1553.162 1033.0211 1186.5656 1410.863 1223.2258 1409.7018 1552.4067 1082.6854 1323.3857 1553.0735 918.0866 1411.3217 1213.774 1409.8036 1060.3632 1553.5231 1284.5714 1163.8961 1553.5094 1114.8971 1553.1333 1303.7327 1088.7803 1022.01715 898.8536 1553.7058 899.4689 1205.2206 1349.362 1410.7842 1119.1288 1552.9684 1553.4856 1065.9371 1410.4576 1323.8574 1518.5266 1558.6039 864.74805 1404.42 1553.5948 1201.3749 1045.5155 1411.7251 1097.7087 1120.2188 1553.4182 1411.45 1553.0131 1135.8696 1411.4813 1330.5181 1411.2157 1085.5582 1553.5525 1347.5227 1553.3486 1410.3062 1082.7274 1065.027 1553.5637 1070.2081 989.9096 1290.6969 1553.7893 929.8183 1411.357 1340.5386 1179.2893 1411.458 1311.8442 1553.1572 1329.3372 1411.4475 1553.1309 1086.5781
 192 1323.1923 1177.9232 1552.1704 1412.1733 1552.5015 1187.1812 1410.8615 1166.552 1307.169 1237.1993 1552.2551 1411.6129 1241.0251 1320.7614 1552.7887 1413.2672 1109.2186 1098.0476 1411.4211 1552.7784 1212.7262 1412.0289 1125.7612 1552.0907 1320.9713 1410.4304 1091.3774 1552.389 1012.0259 1544.4323 1554.5125 1408.818 1124.0083 1552.3473 1273.5526 1137.1132 1048.7334 1409.4193 1552.1345 1286.4285 1552.1595 1129.7181 1411.8638 1261.5068 1293.8401 1156.9524 1148.3534 1552.2156 890.1639 871.8439 1553.2653 1315.5339 1411.1787 1552.6434 973.3306 1313.4006 1552.9182 1291.1064 1009.008 1060.145 1552.36 1309.6438 889.93866 1410.9761 1552.5999 1099.9691 1253.8737 1411.1287 1552.3392 1049.1865 1334.2198 1411.8016 1411.2233 1101.166 1552.5304 1217.3435 919.6524 1552.2963 1411.2448 1308.8444 1102.8352 1411.1102 1332.1658 1552.1938 1411.3903 1296.0079 1552.2562 1163.5255 1410.6477 1338.0758 1028.5677 1552.109 1057.4857 1545.5642 1211.3444 1549.4017 1410.7472 1324.1012 1053.7303 1552.4912 1125.7673 1412.2809 1092.5193 1552.1775 1197.3547 1230.4797 1411.0328 1552.2573 991.7495 1192.0569 1410.246 1553.0189 1552.3868 1303.7938 1038.8066 1226.8618 1552.3291 1328.771 1165.1881 1410.7545 1411.2006 1552.2573 1348.8109 1163.0076 1300.622 1551.9945 1108.624 1407.7328 1552.2393 1002.609 1408.9811 1275.9746 1170.2659 1090.636 1553.0096 1411.5857 1375.3185 1165.759 1412.311 1552.9966 1552.317 1040.6311 1290.4445 922.5496 1337.7618 1552.4547 1244.193 1412.1259 1411.8696 1032.5066 1552.2957 1074.5011 1134.1631 1274.4723 1552.4249 964.04956 1005.6811 1147.0751 1291.7738 1552.4259 1114.899 1299.7637 1552.2463 1117.5111 1551.9913 1411.6057 1298.035 1027.6833 850.95734 1437.0903 1552.8926 1287.9633 1142.3918 1299.8639 1129.5768 1552.273 1546.65 1012.3432 1408.5195 1549.3209 1552.1716 1218.5104 1278.6426 825.43445 1364.5366 1410.534 1137.7123 1552.09 1410.6335 1092.0693 1083.93 1552.3984 1022.4751 1414.0359 1000.6448 1554.2458 1552.2449 1410.7247 1014.0332 1311.2273 1552.2671 1419.1589 1078.8998 1338.5957 1552.5808 981.4964 1410.2289 1183.4393 1059.9539 1313.5289 1552.4272 1217.9974 1166.7314 1552.5417 1195.4916 1410.9551 1147.284 1552.3293 1057.0282 1410.797 1552.5089 942.9191 1412.8494 1226.3671 942.2737 1204.5499 1411.6548 1552.1293 1294.9366 1410.9514 963.1386 1552.1725 1411.3251 1101.2108 1056.6057 1552.4264 1000.84 1290.804 1138.5284 1552.8687 1281.5676 1411.7244 1552.0343 1103.6776 1552.1656 1133.355 1411.4868 1118.3223 1552.2015 1411.1427 1064.4707 1070.646 1409.9995 1211.7754 1087.2178 1552.3442 1552.4795 1410.3195 1047.9639 1136.9801 1411.3834 1093.0018 1552.3495 1219.451 1553.1235 1033.0703 1186.2958 1410.8724 1223.7797 1416.4606 1554.3564 1082.9805 1323.792 1552.8094 917.9909 1415.7471 1213.7448 1412.2928 1060.8541 1552.5836 1284.1155 1163.4097 1552.3419 1114.4039 1552.2007 1303.3777 1088.3243 1021.79364 897.9769 1552.648 898.568 1204.5657 1349.0824 1410.8164 1118.905 1552.1969 1552.3641 1065.5536 1410.3025 1323.2788 1554.0138 1547.4832 866.3792 1418.2548 1552.3906 1200.78 1044.8632 1411.5348 1097.3243 1119.7489 1552.3041 1411.2125 1552.1292 1135.3583 1413.8873 1330.5159 1410.9866 1085.1708 1552.3746 1347.106 1553.0363 1410.2449 1082.604 1065.1464 1552.358 1069.7543 989.2777 1290.0342 1552.486 929.3679 1410.6451 1339.961 1178.8461 1411.6559 1311.3241 1552.0957 1328.9639 1411.6628 1552.1666 1086.3226
 193 1250.6561 1180.8823 1577.0295 1254.7312 1571.5115 1169.2212 1260.4662 1225.5869 1207.6165 1133.7974 1577.1055 1251.1545 1123.3389 1190.7772 1569.7253 1172.4155 1086.95 1075.1609 1232.6908 1569.7039 1158.4054 1264.1426 1094.9554 1574.1217 1225.5153 1283.6447 1068.197 1579.0929 899.1121 1575.8608 1249.3235 1199.4125 1133.3975 1560.5997 1213.9628 1229.3594 1033.9908 1280.8856 1573.6229 1166.0573 1573.8143 1120.5178 1276.2365 1233.2601 1243.249 1154.4193 1142.3225 1569.9978 764.44836 756.5215 1543.4932 1010.28925 1266.3092 1574.672 915.9866 1213.7999 1561.0393 1209.0314 978.44556 1048.8315 1576.7079 1214.2786 827.7758 1262.9166 1570.9537 1095.4083 1152.1128 1231.8986 1574.4253 989.1688 1175.2976 1202.6797 1209.915 1082.157 1562.6406 1115.7155 918.5486 1574.8165 1229.4485 1200.7235 1030.3695 1221.7285 1231.0474 1577.9868 1198.5178 1195.7372 1551.2424 1145.9354 1258.2522 1225.9572 1029.4985 1576.0529 1045.8541 1301.0603 950.10254 1573.6409 1263.5863 1117.6056 1043.9078 1574.2848 1139.4104 1230.9796 1075.3729 1572.3303 1191.6334 1155.3688 1276.6611 1575.2799 952.118 1171.8243 1211.7314 1562.3186 1566.7064 1219.9822 1021.8359 1173.1127 1575.2095 1108.4862 1141.3339 1258.9169 1224.4558 1575.5945 1209.9546 1088.7014 1203.8524 1575.0161 1095.1257 1291.6345 1573.9575 938.3627 1270.1053 1134.0515 1151.3259 1065.9988 1567.5596 1220.9318 1186.443 1110.344 1210.9377 1572.9896 1563.3191 1024.9697 1226.9398 911.62354 1204.8538 1577.7937 1158.6992 1237.5786 1261.9148 1035.5308 1572.1663 1097.4556 1232.6027 1232.021 1564.6559 973.2304 1011.0079 1243.9812 1236.0117 1566.037 1127.9222 1133.3745 1569.1736 1118.1309 1575.5247 1275.7147 1223.9902 1004.76526 823.50916 1332.0468 1577.7189 1239.934 1136.0544 1250.8789 1126.3159 1570.2759 1300.0391 992.7418 1225.4033 1581.4618 1568.7045 1188.574 1235.1329 811.4079 1209.6075 1212.6095 1081.7975 1572.9375 1255.0638 1069.5947 1038.3013 1570.3253 1023.59717 1188.4991 922.77765 1556.678 1573.5519 1237.325 923.52 1205.0564 1573.4677 1170.4641 982.42566 1190.1876 1569.1975 925.10986 1234.6625 1159.3384 1028.2814 1205.6844 1569.2021 1156.4619 1121.1893 1568.533 1174.1235 1219.7015 1228.5436 1567.8629 995.4785 1262.3141 1572.3306 910.1963 1211.5922 1188.7177 907.3825 1179.6283 1255.8091 1571.8048 1211.8663 1215.8457 903.1222 1572.0299 1244.8271 1061.6226 1037.7987 1570.6945 965.7671 1190.1791 1125.9133 1561.1998 1166.7537 1269.8136 1574.8204 1075.906 1570.2965 1121.5957 1255.2721 1082.7231 1572.9713 1263.4783 1027.7034 1036.1968 1252.6886 1139.267 1032.9531 1570.1807 1518.1218 1146.5515 948.86865 1008.74664 1238.4028 1064.2113 1571.0024 1182.3994 1563.7509 1011.70807 1148.4485 1242.8464 1144.8342 1183.1798 1559.082 1054.9642 1175.4545 1573.2751 866.12335 1179.7954 1138.3136 1194.5483 975.3923 1568.1017 1213.1521 1207.5123 1562.6807 1100.6329 1567.9485 1234.7384 1087.6366 999.5647 893.7445 1560.8264 895.6715 1188.2408 1205.5879 1203.7062 1068.8826 1571.156 1573.3773 1014.7809 1239.9885 1145.5511 1236.5737 1566.5376 786.8627 1113.0848 1571.2189 1191.4674 1026.685 1230.3131 1093.3315 1094.8647 1573.1213 1246.5483 1573.6061 1115.4978 1199.2131 1183.5575 1233.1135 1065.5953 1573.9049 1213.5984 1564.6647 1238.895 1049.7142 1067.6218 1566.5774 1052.919 990.3554 1220.0017 1575.028 844.2593 1212.4945 1210.5204 1076.7966 1163.6178 1117.4789 1507.7853 1211.9757 1262.4482 1577.3763 1071.0037
 194 1218.7893 1163.3586 1546.5476 1208.5513 1544.1406 1148.4283 1215.7917 1215.8042 1172.7649 1099.9211 1545.8298 1204.9601 1092.0448 1153.9264 1543.3292 1121.5602 1068.8971 1056.2054 1186.6794 1544.0687 1134.4641 1220.5565 1076.9862 1544.1885 1192.3763 1237.3282 1042.1394 1543.9751 876.25934 1544.606 1192.4669 1150.3102 1123.5096 1542.9567 1190.8514 1231.6394 1013.85803 1242.458 1545.3772 1129.502 1545.8021 1100.842 1234.5309 1209.8243 1217.0033 1137.6688 1122.8662 1544.1504 771.00916 717.47614 1543.8314 979.91187 1222.4951 1544.2825 892.3854 1181.5211 1543.5114 1182.2806 962.0429 1037.3008 1545.2126 1180.3619 809.3747 1217.7467 1543.7104 1078.896 1118.3843 1185.668 1544.4956 968.1534 1134.8567 1148.5522 1158.234 1040.6677 1541.2933 1104.5836 902.44507 1544.3713 1180.2408 1165.3252 1001.75085 1171.8855 1193.1674 1545.4377 1166.8759 1186.6462 1542.4696 1128.6217 1213.0602 1185.6272 1013.37976 1546.474 1026.8235 1241.2654 890.8493 1545.1774 1222.3921 1066.7634 1028.4143 1544.6301 1122.3357 1183.1515 1054.9196 1544.0721 1171.8347 1121.9515 1233.9601 1545.1329 935.1359 1160.6838 1167.8959 1543.7501 1543.0736 1192.0839 1006.20215 1149.5009 1544.7797 1057.3043 1120.6805 1215.0917 1177.5382 1545.3851 1169.8153 1065.6083 1180.2153 1545.6074 1075.6809 1252.6147 1545.222 914.0192 1229.8566 1093.0077 1134.7664 1047.3097 1544.004 1174.653 1141.9999 1086.9368 1161.4661 1543.9144 1543.6692 1011.2185 1203.251 901.8177 1163.7837 1546.322 1126.4797 1188.1743 1219.8776 1024.7125 1544.4714 1081.8177 1232.8824 1209.2474 1542.5669 960.16614 999.3619 1245.2911 1211.1721 1543.0345 1112.2098 1090.5657 1544.296 1102.0388 1545.8721 1234.9769 1194.3684 986.6318 803.25916 1285.4618 1546.6559 1211.146 1120.2744 1224.9487 1108.757 1544.3508 1235.3735 968.80316 1171.8552 1546.7552 1543.9697 1166.3394 1210.2761 797.4824 1169.0283 1166.0613 1061.1765 1545.0355 1213.1788 1051.5817 1011.89734 1543.7979 1013.34955 1140.7999 900.7712 1547.2401 1544.8752 1192.2062 895.0929 1168.867 1544.5569 1118.9951 953.58826 1152.6049 1543.4037 904.0934 1189.667 1140.1355 1007.3891 1171.9498 1543.3297 1131.6198 1097.4677 1543.4868 1154.5245 1170.2422 1226.2307 1543.7161 970.94104 1220.8973 1543.7289 891.49835 1158.9897 1165.7545 885.8413 1155.435 1212.307 1543.6537 1185.5924 1169.9429 883.9103 1543.9967 1199.7084 1044.2715 1020.22406 1543.8116 946.4455 1160.0525 1110.5598 1543.9149 1131.2361 1228.6553 1545.8484 1056.1881 1544.1743 1102.4377 1212.9204 1063.6606 1544.1094 1218.9227 1004.2119 1015.7095 1210.6198 1110.486 1010.4495 1543.0709 1549.6536 1116.8043 928.5379 992.644 1191.9347 1041.013 1543.8907 1158.3856 1544.6726 996.5251 1127.7528 1202.0642 1120.0851 1136.2196 1547.4962 1040.9132 1135.9723 1543.8668 847.41547 1123.8876 1111.9712 1145.8995 948.4164 1542.706 1188.3634 1201.9647 1542.8441 1085.3889 1543.3116 1207.9242 1072.9749 983.6579 880.25757 1542.827 882.1474 1170.7291 1166.2994 1154.6051 1046.6453 1543.4716 1544.4238 991.35583 1197.3096 1099.2466 1175.2906 1544.0647 764.0398 1052.5231 1543.961 1171.6688 1003.433 1183.3695 1073.9902 1074.1339 1544.2719 1201.2476 1544.039 1097.6948 1147.5765 1146.421 1187.989 1046.4304 1544.6222 1176.9722 1544.648 1199.1943 1033.7683 1058.3877 1543.0524 1035.8849 976.7829 1193.681 1544.9435 817.86035 1160.119 1172.1399 1084.7389 1136.035 1102.8882 1562.177 1173.7603 1217.1284 1545.6669 1053.072
 195 1213.5 1158.9855 1538.3984 1203.0997 1537.6841 1144.7175 1211.0222 1212.0514 1167.966 1095.6395 1537.8873 1199.6385 1089.0999 1150.3079 1537.7139 1118.0226 1065.8496 1053.1481 1182.0363 1537.673 1131.2401 1215.831 1074.0837 1537.736 1188.7628 1232.3278 1038.4777 1537.5311 873.9473 1537.5297 1187.9772 1145.5875 1120.9478 1537.9282 1187.7582 1229.0632 1009.7964 1237.9661 1538.2278 1125.3778 1538.5985 1096.8472 1229.6311 1205.762 1213.0542 1134.2748 1118.9633 1538.0876 768.1943 715.4035 1538.5488 976.53894 1217.6019 1537.4269 889.44324 1177.8744 1537.9608 1178.838 959.4166 1034.9995 1537.9137 1176.1566 807.4077 1212.6888 1537.5608 1076.0074 1114.6929 1181.3485 1537.6576 965.5495 1131.3203 1143.5654 1154.3326 1036.9219 1537.6597 1102.4587 899.0798 1537.6284 1175.5096 1161.3356 998.14166 1167.0201 1188.3206 1538.0049 1164.2167 1184.5317 1538.5004 1126.1561 1207.7955 1180.5096 1009.66785 1538.777 1023.26825 1236.4692 886.289 1538.2297 1217.9207 1062.0927 1025.2616 1537.4121 1118.4755 1178.7391 1051.4855 1537.7468 1167.6082 1116.9841 1228.6934 1537.7937 932.53876 1158.1914 1163.9808 1537.9043 1537.7446 1188.5767 1003.34894 1146.0741 1537.579 1052.9491 1116.9194 1210.4203 1173.089 1538.0562 1165.3036 1062.9293 1177.1235 1538.0625 1072.1371 1247.5568 1537.9843 910.7829 1225.439 1088.3969 1131.4203 1044.0424 1537.6149 1170.2489 1138.4888 1083.8314 1157.2987 1537.7102 1537.9478 1008.42566 1199.5447 899.7146 1159.1558 1538.246 1122.3634 1182.8081 1215.2323 1022.2281 1537.6804 1078.285 1230.2438 1205.8008 1537.7251 957.53564 996.5644 1242.5184 1207.5931 1537.5903 1108.4572 1086.5623 1538.0997 1098.2766 1538.2285 1230.053 1190.3688 983.5708 800.24884 1280.3295 1538.5264 1206.0028 1117.2588 1220.8606 1105.22 1538.1237 1230.0068 964.87354 1165.7235 1537.6361 1537.8993 1162.6078 1206.2639 794.9967 1165.0609 1162.1301 1058.5803 1538.266 1208.7915 1048.2681 1007.6844 1537.6271 1009.6378 1135.965 897.4855 1537.4305 1537.9088 1187.9622 892.1919 1164.7354 1537.8203 1114.7422 950.19214 1148.6929 1537.5466 901.70215 1185.4958 1136.878 1004.3738 1168.3127 1537.7151 1128.4753 1094.242 1537.7153 1151.1172 1166.0487 1223.274 1537.7368 967.7673 1216.5342 1537.647 889.01624 1154.242 1162.2438 882.9583 1151.7189 1208.0641 1537.7352 1182.4971 1166.1201 882.02295 1537.7571 1195.2958 1041.5902 1017.1658 1537.6267 943.0481 1156.1943 1107.0698 1537.9806 1126.772 1223.5232 1538.1531 1052.4375 1537.697 1098.6885 1208.7452 1060.8109 1537.7192 1214.2373 1000.8099 1012.8842 1206.8542 1107.0778 1008.11584 1537.7366 1538.8097 1115.3699 928.80927 990.7413 1187.692 1037.09 1537.6853 1154.882 1537.7789 993.39966 1123.7338 1197.6981 1115.5603 1130.9218 1537.3049 1037.5247 1132.3578 1537.4423 845.1821 1119.2986 1109.0198 1142.2296 945.74097 1537.7155 1185.5403 1199.376 1538.0177 1082.7183 1537.8273 1204.553 1070.151 981.08417 877.6631 1537.8983 879.3716 1167.698 1162.7571 1150.6343 1043.8505 1537.7218 1537.6597 988.0844 1193.3839 1094.7361 1429.3083 1541.4944 760.96655 1090.9346 1537.6542 1167.8506 999.8729 1178.8594 1070.3932 1070.8429 1537.6575 1196.3564 1537.6338 1094.511 1142.9017 1142.8937 1183.6938 1043.2596 1537.6511 1173.2806 1537.6797 1194.8287 1031.0376 1055.8633 1537.7151 1033.0438 973.81226 1190.3092 1537.7948 815.2329 1155.1533 1168.0409 1074.0531 1126.939 1097.4231 1534.5823 1169.1542 1211.8241 1537.9949 1049.8933
 196 1209.768 1155.505 1531.6898 1215.973 1531.4371 1204.0745 1211.596 1214.107 1166.0897 1097.5187 1531.3585 1218.2511 1086.2277 1146.9906 1530.7194 1115.6678 1085.387 1147.5951 1184.9172 1535.9517 1149.099 1225.0576 1174.8383 1535.587 1189.9631 1230.6863 1038.9918 1535.9222 915.1424 1520.4573 1574.5913 1132.7312 1119.1713 1531.972 1190.5466 1226.6454 1015.06506 1234.5878 1535.021 1174.0394 1532.4244 1099.278 1226.1715 1233.3156 1208.8439 1130.4711 1113.555 1528.6085 767.6784 720.3746 1529.5897 978.63855 1223.1644 1539.3171 904.08655 1244.393 1536.3973 1192.5961 1042.2206 1131.5596 1533.4017 1178.8462 861.77277 1214.8442 1536.1863 1077.0258 1191.9717 1185.8142 1538.6133 1097.5746 1222.6301 1161.7041 1163.5734 1149.2303 1535.3942 1133.1354 894.4047 1534.826 1179.2284 1193.4323 1147.349 1203.3518 1203.5571 1537.8928 1163.6672 1180.8698 1530.5337 1122.8246 1226.0469 1182.6355 1006.3029 1535.06 1101.7625 1528.5579 1007.2937 1552.628 1222.659 1099.0071 1174.2089 1541.153 1113.2043 1175.0604 1048.617 1530.0787 1164.4583 1115.7804 1223.8699 1532.3616 1108.8093 1223.0203 1133.0729 1534.4115 1535.3146 1200.4824 1010.127 1245.141 1531.2982 1052.8867 1120.0375 1230.8201 1144.5161 1535.4073 1146.5607 1160.1471 1188.4414 1537.1394 1163.0452 1249.6343 1530.4861 915.5001 1227.0463 1131.0645 1129.487 1099.1854 1530.0322 1169.714 1195.3201 1104.7216 1202.5759 1535.2252 1535.3264 1078.4287 1200.9711 899.2748 1172.2037 1539.1724 1217.8696 1216.3057 1217.01 1134.2406 1536.39 1072.3192 1283.1246 1281.247 1531.0958 960.74335 1005.45776 1248.9578 1257.1775 1535.026 1103.5088 1087.9318 1530.8431 1096.3206 1534.6742 1207.5769 1195.3496 1051.7931 815.774 1334.9619 1537.5792 1204.6263 1120.2695 1223.2904 1180.6682 1536.4877 1558.6033 993.6293 1165.0303 1529.7938 1537.9431 1229.7081 1209.851 801.82446 1167.4899 1166.61 1127.3596 1533.3291 1205.9906 1044.1079 1002.659 1531.45 1010.80096 1216.8854 924.7964 1536.2559 1531.0815 1187.9532 892.55396 1162.9958 1535.4961 1124.5905 966.57294 1219.1477 1536.3679 914.6495 1226.2078 1149.7749 1015.6452 1196.3728 1530.5906 1221.2926 1110.2009 1535.1833 1165.52 1229.0353 1225.4933 1535.8643 1029.7936 1220.5929 1536.4298 913.5024 1155.6631 1271.7692 894.56006 1212.3687 1241.7242 1536.5505 1181.7363 1164.0953 887.3768 1532.6747 1196.9829 1115.2695 1019.76825 1535.0988 1085.8575 1174.6912 1172.3336 1538.6909 1162.3915 1219.499 1534.1581 1052.4395 1532.1273 1091.6323 1209.5487 1118.7405 1537.2347 1153.539 1031.124 1202.323 1223.2202 1128.6112 1147.5431 1535.1201 1535.1049 1141.0962 1033.7983 1111.0641 1187.6788 1035.1212 1535.7706 1215.7981 1539.2594 1128.3861 1121.2787 1277.3201 1129.5073 1214.669 1536.6874 1044.9923 1141.0642 1534.2233 922.7628 1118.1049 1171.0962 1172.4585 1089.8314 1534.0453 1198.9418 1208.5931 1534.9127 1192.4375 1530.983 1206.0236 1068.7104 984.1918 900.6403 1533.8892 892.13837 1230.7229 1225.2408 1193.931 1064.0875 1538.9292 1535.734 1002.5913 1270.4869 1091.4585 1541.3818 1526.6387 791.48303 1209.0139 1531.4441 1171.0575 1072.8516 1177.5615 1189.7999 1084.9254 1536.7441 1198.7601 1537.5643 1119.414 1159.8981 1239.6624 1183.0803 1105.2615 1531.735 1173.4628 1536.393 1195.719 1132.9099 1068.5948 1537.2341 1156.9901 980.8021 1205.9305 1535.7426 804.01074 1148.2174 1180.3303 1097.6422 1209.7914 1110.3234 1536.9146 1184.315 1206.8025 1538.3112 1196.0388
 197 1216.3201 1161.4006 1542.5146 1223.6556 1543.8278 1217.1605 1218.5315 1221.9541 1172.17 1103.0807 1543.575 1227.0068 1091.7638 1154.2034 1546.0787 1119.8429 1097.3031 1188.8313 1191.548 1544.9609 1160.1699 1234.0442 1218.0393 1543.5247 1194.6621 1236.3313 1043.8569 1543.9978 907.5892 1542.5624 1515.6908 1140.0883 1124.954 1545.295 1196.5319 1233.5852 1020.3257 1239.6737 1543.8044 1182.4719 1542.2584 1105.4781 1232.4427 1241.8436 1216.8715 1137.6804 1121.956 1542.6774 771.12573 722.305 1546.7814 980.41284 1230.6455 1544.2511 915.55145 1288.5032 1545.0922 1203.1393 1059.7538 1194.1755 1543.6062 1184.7253 869.6201 1221.4242 1544.7645 1082.372 1244.2925 1194.242 1543.7583 1126.3485 1277.959 1174.6562 1171.5801 1199.1697 1544.2878 1149.3048 898.4533 1543.8966 1184.8954 1201.8339 1218.7858 1223.8661 1211.3895 1542.8062 1170.792 1188.7687 1545.9553 1128.2528 1232.9246 1187.7031 1009.19684 1542.2515 1095.2744 1541.9695 1004.9256 1538.9059 1228.4497 1109.836 1266.8331 1544.0148 1121.261 1182.4673 1055.6124 1544.2799 1170.8103 1123.1843 1230.5314 1543.8567 1172.3789 1243.4271 1128.1002 1539.237 1544.4142 1209.365 1016.5321 1284.7712 1544.4868 1058.7263 1126.9843 1239.9625 1149.1108 1545.7422 1154.4563 1204.145 1197.0148 1543.0756 1205.876 1254.9563 1543.2781 922.03326 1234.0269 1140.8981 1137.2332 1112.8555 1546.6432 1178.1355 1229.4774 1115.6298 1217.6559 1543.6957 1544.6731 1090.3206 1206.7739 902.7089 1160.5834 1544.8007 1294.7178 1230.318 1222.1196 1182.0338 1543.7598 1076.5472 1288.5751 1289.1937 1539.2645 964.9529 1014.3647 1257.2133 1279.9421 1544.3363 1110.3824 1094.0038 1542.5702 1102.7439 1544.8842 1219.8201 1200.363 1058.155 823.80804 1361.219 1542.7802 1208.4174 1125.7426 1228.6589 1213.189 1542.8634 1515.4135 993.5929 1169.5212 1543.1027 1543.1125 1274.6846 1216.5334 808.5144 1172.612 1171.5789 1137.9324 1542.4039 1213.1434 1050.4943 1010.83575 1545.2344 1014.50085 1256.9034 938.81866 1545.6747 1543.4252 1194.1083 896.8332 1169.8762 1543.5275 1132.8519 976.77344 1249.4772 1544.5826 919.1253 1235.1307 1155.2537 1018.49713 1218.8711 1540.7444 1264.2775 1120.8822 1544.6146 1176.0441 1256.8066 1230.8326 1544.3309 1040.1255 1226.2762 1544.2954 926.1655 1160.7327 1320.3693 904.0964 1225.3716 1266.9227 1543.9982 1186.1702 1168.6943 891.09045 1543.7574 1203.1283 1146.9939 1026.159 1544.5244 1176.5557 1188.1213 1188.883 1544.3738 1170.6138 1224.2687 1542.7603 1057.0516 1544.3782 1098.7224 1216.193 1129.2693 1545.3192 1135.48 1044.5356 1279.3755 1234.9071 1142.3898 1213.8716 1544.2001 1545.8547 1161.2775 1071.012 1191.6434 1192.7526 1038.8021 1543.9037 1258.3745 1544.4049 1155.7234 1122.0939 1327.8193 1137.054 1254.5565 1545.6069 1050.0674 1146.623 1545.0209 933.3581 1123.5964 1192.2812 1193.6183 1189.701 1544.6545 1205.2517 1211.9554 1544.7012 1272.4467 1544.2335 1213.0189 1075.2975 989.3355 909.10815 1545.443 899.68304 1248.9128 1263.0894 1211.3657 1075.4321 1543.6547 1543.9993 1012.06335 1305.893 1094.9246 1540.1923 1545.2472 805.81464 1251.0258 1544.2867 1178.5908 1087.8773 1184.21 1242.8242 1094.2828 1543.9071 1203.9417 1543.7501 1134.2461 1171.8077 1286.91 1188.939 1117.4064 1544.3081 1178.91 1545.237 1199.9536 1174.7653 1076.6714 1544.1338 1221.2057 991.4055 1218.1958 1546.0042 786.3329 1142.2958 1205.0277 1111.3956 1250.327 1118.6116 1545.5381 1193.7845 1206.6924 1543.1449 1267.1735
 198 1212.5048 1157.0962 1534.9359 1234.2498 1532.5104 1213.1093 1227.4235 1218.1404 1168.4435 1101.3868 1534.1184 1236.0101 1092.6329 1150.8809 1530.3224 1145.6157 1094.205 1186.4381 1206.3647 1533.5105 1160.1497 1243.4252 1218.0549 1534.203 1191.4557 1242.614 1040.4491 1534.8585 910.01465 1526.504 1514.2339 1157.8077 1118.1006 1527.9435 1191.251 1225.486 1015.18445 1246.4216 1533.142 1177.1273 1534.5156 1101.2147 1241.6991 1234.8668 1210.0372 1131.26 1114.7878 1530.3849 767.2168 722.01685 1526.0765 979.55054 1238.3649 1532.4211 914.1127 1285.2906 1525.951 1196.3162 1054.5222 1190.8958 1533.579 1181.0242 870.9385 1229.582 1531.4921 1076.1356 1242.2386 1207.5734 1534.0536 1125.4203 1279.0509 1193.2455 1190.787 1199.8853 1532.0182 1148.8474 894.00867 1533.9977 1200.2612 1197.5258 1224.2322 1238.5846 1207.3907 1533.4032 1189.5078 1182.7849 1531.7736 1124.9418 1240.8861 1184.8418 1005.14575 1534.629 1085.5859 1520.0488 994.49615 1520.0928 1237.5093 1104.1398 1265.251 1531.4565 1114.0623 1198.9617 1052.1906 1534.4778 1166.2428 1119.8081 1238.1655 1534.3055 1168.8262 1242.6348 1157.0074 1528.0856 1528.025 1202.7123 1010.47626 1279.1794 1532.474 1054.3981 1123.0502 1247.4597 1172.2186 1533.0613 1158.8251 1208.0684 1194.1381 1533.784 1203.6482 1259.6501 1533.4132 921.8633 1240.8257 1138.755 1132.6062 1108.7219 1531.4282 1193.9636 1289.9529 1173.0856 1490.9412 1527.3525 1527.344 1083.776 1198.3801 897.3585 1159.9893 1532.2775 1292.5819 1243.2133 1231.7021 1179.2606 1534.3551 1070.1664 1285.825 1287.217 1517.9882 955.0314 1007.91956 1249.2401 1273.6638 1528.7078 1103.2589 1089.1746 1530.4104 1096.6155 1535.3921 1239.1226 1195.6693 1049.953 846.72 1463.2524 1530.5121 1199.2819 1120.3682 1221.7749 1207.0089 1530.2252 1521.8547 992.09814 1184.9845 1531.7927 1529.6566 1269.2473 1208.6744 803.91003 1173.4744 1186.1593 1140.3771 1533.2292 1223.7133 1047.5808 1009.1247 1533.0042 1006.8396 1269.5265 939.5947 1526.2585 1533.0272 1206.6063 899.44324 1166.6456 1534.7545 1154.9725 979.2814 1249.8687 1530.564 922.65155 1247.8816 1155.1743 1015.51306 1207.7122 1521.6165 1255.1556 1118.0127 1530.514 1172.4802 1266.4011 1228.5072 1532.5386 1041.3911 1235.1873 1534.6016 926.0239 1181.0099 1316.6582 903.0115 1222.2911 1274.1681 1531.1919 1183.1783 1187.6993 893.0412 1533.7339 1215.1738 1147.6982 1022.8282 1532.7164 1173.2855 1181.9412 1180.4603 1525.945 1165.5343 1234.5302 1534.9381 1055.6434 1532.5306 1092.1241 1226.7771 1129.8212 1533.0386 1159.7762 1043.6571 1269.3865 1243.7554 1141.7921 1215.6542 1531.313 1526.8528 1190.6201 1070.9751 1200.0647 1206.0009 1035.6172 1532.3826 1254.4169 1527.8658 1150.6371 1115.0153 1329.6667 1131.9994 1268.2693 1527.2081 1045.0659 1146.6807 1534.5234 931.98206 1148.1868 1190.7185 1212.6293 1198.2009 1529.2153 1199.6604 1203.9197 1526.1647 1269.2798 1529.8234 1207.0513 1068.2896 985.2365 903.4497 1526.7777 892.64496 1243.902 1262.483 1225.7073 1073.8741 1531.5345 1530.2567 1009.5595 1311.3857 1088.0409 1517.4568 1517.8696 806.3043 1265.2385 1533.0513 1175.1003 1082.969 1200.0773 1240.5791 1092.2618 1534.2302 1217.8285 1534.1597 1129.1077 1191.6176 1287.3436 1201.2429 1112.281 1532.6694 1177.9055 1530.4102 1213.2144 1172.7078 1071.7996 1528.1921 1216.1665 984.1898 1210.8102 1528.1628 807.4925 1166.99 1185.6434 1107.7083 1261.724 1115.6747 1527.1891 1191.7225 1217.5735 1534.4979 1263.4224
 199 1204.8168 1156.6177 1532.0118 1278.2715 1593.862 1161.6124 1152.5667 1268.2775 1187.7809 1193.104 1543.0526 1292.856 1184.1489 1182.229 1558.0845 1284.6421 1104.4707 1185.2906 1282.5974 1549.538 1151.6915 1270.1898 1189.6619 1546.3068 1196.4589 1286.4885 1043.7944 1539.3019 907.37195 1537.6024 1303.416 1276.3241 1121.3282 1551.554 1188.3937 1190.7986 1020.63794 1284.0737 1538.6833 1213.122 1530.6553 1096.8239 1281.4254 1212.644 1206.5206 1135.344 1118.8588 1539.8873 847.80286 829.89813 1561.7144 1237.1824 1284.7997 1546.0498 909.64514 1231.7916 1562.3225 1203.411 1060.1832 1196.6265 1542.7678 1186.6793 880.40405 1282.3833 1547.2621 1079.2859 1176.8441 1277.2574 1541.5914 1107.0044 1206.8239 1263.2438 1261.79 1132.1271 1548.3616 1175.7417 899.1688 1541.9861 1277.622 1195.3386 1135.9098 1251.0059 1191.9631 1531.3507 1285.8693 1202.1735 1545.6567 1135.0168 1278.165 1181.9606 1004.4662 1530.8074 1026.9264 1302.9047 900.4604 1542.1388 1283.754 1229.5438 1153.1344 1550.1019 1113.2227 1278.7988 1060.3583 1539.8312 1176.9796 1239.7006 1292.9731 1545.7572 1110.7063 1134.0815 1288.2672 1570.4707 1548.3204 1192.956 1009.70654 1187.9763 1549.6041 1208.6511 1140.4703 1287.9673 1283.0424 1537.5068 1183.7106 1144.8359 1197.6981 1534.5205 1182.013 1286.8972 1541.1593 942.00836 1285.6376 1188.1958 1151.0239 1119.666 1555.6406 1283.3123 1239.3931 1130.0793 1283.7471 1532.9144 1552.9125 1092.2916 1207.8125 905.8963 1164.1459 1530.4951 1158.3534 1256.4153 1284.115 1180.9767 1541.1567 1069.5671 1133.088 1184.7635 1574.194 948.01666 991.54126 1168.9193 1223.6826 1543.1738 1102.8594 1206.0898 1544.7233 1103.4479 1533.2465 1288.5707 1193.3077 1045.4427 805.6096 1320.2975 1527.8849 1203.202 1122.5892 1213.5975 1193.6523 1539.2147 1318.7086 978.55927 1267.8026 1525.1729 1538.6107 1184.2745 1201.9775 795.65015 1186.8782 1268.7095 1165.1747 1537.1807 1281.2705 1063.3716 1028.9778 1546.2015 1010.77783 1289.9374 916.5193 1566.5096 1541.9948 1276.3563 922.4294 1172.1036 1540.3083 1269.6732 1000.5374 1216.2455 1549.1842 928.07513 1266.072 1150.2859 1017.6578 1181.0011 1547.6921 1184.878 1121.8474 1546.3586 1169.7703 1271.51 1142.8762 1543.1763 1046.5328 1271.9237 1538.7246 914.24695 1272.6555 1186.2941 894.12646 1077.1178 1276.9447 1538.1957 1189.4991 1274.8713 903.3625 1542.1475 1283.2474 1161.9642 1033.1027 1546.1509 1179.5552 1191.1543 1193.433 1561.006 1155.168 1238.1569 1553.2767 1054.0889 1542.0471 1107.6442 1280.1715 1129.1698 1544.1442 1299.1108 1051.9974 1193.0015 1287.5759 1155.2565 1142.9454 1549.0695 1555.3796 1256.7639 1065.8182 1117.3462 1277.2407 1043.2162 1540.1921 1177.3534 1551.4163 1143.9598 1125.0497 1279.4009 1256.0297 1267.4862 1565.3173 1079.7388 1164.47 1553.2606 932.5943 1277.6726 1104.5111 1253.4548 1097.2274 1554.1316 1193.1106 1196.2224 1549.8524 1154.4578 1543.6083 1203.3115 1074.6644 985.8588 883.68286 1556.1493 879.275 1171.9408 1218.628 1264.8595 1073.7975 1542.0504 1550.99 1006.5789 1274.5453 1221.9192 1291.74 1559.7307 804.3137 1211.9666 1543.4231 1188.6957 1079.7941 1279.9366 1142.245 1094.5402 1540.5054 1277.6271 1538.1302 1103.3286 1265.6641 1212.913 1281.4332 1111.7897 1545.7278 1191.2974 1555.6385 1285.6293 1185.2634 1080.4296 1549.7877 1182.4495 990.85693 1206.078 1544.0845 854.61475 1277.1952 1186.7686 1125.575 1277.9132 1178.4888 1554.974 1187.165 1283.3469 1534.5209 1187.4181
 200 1191.0359 1150.9316 1525.7495 1226.7695 1501.4429 1076.847 1090.1067 1176.5599 1175.7074 1209.4727 1523.9297 1242.7692 1179.4255 1153.1937 1517.1099 1204.4722 1079.6704 1154.2288 1209.3433 1520.2186 1125.941 1213.5647 1131.7362 1522.3257 1182.7092 1244.3663 1027.6359 1526.2375 896.542 1527.7421 1380.72 1216.1238 1100.53 1520.8007 1163.8502 1147.2004 1010.07416 1235.7483 1525.6542 1226.0911 1524.0652 1085.9209 1234.7053 1201.2578 1190.4172 1124.2394 1105.4678 1525.2057 864.99646 865.57074 1513.5457 1348.3728 1226.5653 1520.8651 878.28076 1181.4941 1514.5406 1175.8162 1036.4364 1176.9502 1523.1178 1168.416 858.4361 1231.8641 1520.3383 1062.2812 1110.174 1208.5785 1523.8821 1072.9979 1138.8921 1182.363 1175.9371 1064.2972 1522.653 1140.9619 888.5726 1523.9242 1213.3705 1173.332 1052.1564 1172.0281 1171.1754 1526.576 1217.3013 1187.7653 1522.0138 1115.5177 1235.4758 1162.8563 998.6676 1525.3488 1009.81537 1227.8909 874.827 1523.1293 1222.5596 1268.9081 1072.4221 1520.3512 1104.0155 1212.3887 1042.5083 1524.8483 1160.0813 1270.9678 1244.1432 1523.1411 1072.5281 1056.3789 1182.3481 1511.2733 1521.6886 1167.9917 991.3103 1119.9126 1522.3538 1264.5608 1122.1063 1228.9775 1217.5685 1524.9858 1148.6461 1072.3123 1186.8958 1525.0715 1153.7393 1247.0149 1524.2194 921.53375 1242.9539 1183.995 1126.0865 1089.71 1516.2972 1205.1038 1155.0554 1094.9952 1181.4603 1525.7261 1519.9595 1074.948 1186.6301 894.4072 1152.4003 1523.3489 1060.5603 1174.9219 1233.4834 1164.8025 1524.4749 1061.4259 1046.2435 1121.9713 1522.7701 908.18665 972.5532 1110.1844 1180.736 1521.5662 1086.1746 1246.8666 1525.4507 1089.0739 1526.6416 1243.5758 1180.3809 1034.3375 787.8991 1253.3452 1524.1115 1190.3123 1108.9575 1194.2454 1170.7634 1524.2098 1376.6752 976.746 1222.5723 1530.8014 1524.7827 1122.7112 1184.0573 780.3658 1158.1952 1216.5924 1141.3993 1526.4667 1222.4092 1043.2164 996.80975 1522.4546 994.4625 1159.8185 894.89136 1510.2743 1524.2764 1220.9838 893.4048 1150.343 1524.1328 1200.7926 968.32404 1166.9835 1520.7281 887.01825 1179.6433 1099.6667 993.83295 1148.8147 1524.133 1130.2726 1088.4772 1521.6189 1133.684 1184.7338 1069.461 1523.7448 1004.68317 1206.9346 1524.6539 883.02997 1198.2905 1105.7628 869.18225 991.9497 1215.5563 1525.1996 1173.973 1206.7211 879.7153 1525.3524 1220.967 1137.4817 1014.6913 1521.7754 1146.9054 1165.6901 1163.4592 1514.299 1194.4762 1208.9025 1523.8367 1043.9899 1524.8091 1090.2014 1223.0753 1106.5321 1523.8217 1227.7374 1020.46674 1160.2695 1215.2971 1124.7712 1072.572 1522.4606 1519.3331 1159.7393 1030.2155 1016.181 1215.7693 1022.1666 1523.6431 1118.1445 1519.7529 1108.6058 1105.5571 1198.2855 1279.1426 1157.9542 1509.0784 1071.4648 1134.1218 1519.8363 911.2473 1190.233 1038.2825 1156.9326 1002.9552 1521.877 1164.2317 1164.5125 1521.7642 1095.5485 1524.3214 1182.2249 1063.0991 970.3781 848.3378 1518.7517 846.0819 1107.7233 1164.2189 1188.5671 1047.2279 1525.2778 1522.5231 979.43524 1196.4655 1267.175 1360.3279 1518.1808 763.37506 1120.1614 1522.6921 1165.6104 1052.6372 1211.6405 1076.4058 1071.8732 1523.5001 1214.0286 1512.3878 1055.9938 1216.2413 1153.6464 1228.8207 1093.3942 1522.1448 1164.7178 1516.1758 1216.8038 1158.5515 1064.76 1521.0427 1139.6254 971.59033 1179.7614 1522.5642 824.62476 1212.4034 1159.6825 1083.9747 1185.9158 1180.1027 1518.5956 1162.6464 1237.8715 1525.1438 1142.5663
 